account_id,client_id,branch_name_x,product_id,loan_amount,funded_amount,funded_amount_inv,disbursement_date,loan_status,repayment_type,center_id_x,branchid,client_name,gender_id,age,age_t,dateof_birth,caste,religion,home_ownership,client_income_range,employment_type,credit_score,product_code,purpose_category,term,int_rate,grade,sub_grade,branch_name_y,bank_name,region_name,state_abbr,state_abbr_1,state_name,city,center_id_y,bh_name,branch_performance_category,total_pymnt,total_pymnt_inv,total_rec_prncp,total_fees,total_rrec_int,is_delinquent_loan,is_default_loan,delinq_2_yrs,repayment_behavior,default_flag,delinquent_flag,loan_count,first_disbursement_date,new_client_flag,month_year
ACC000001,518,Mathura,JLG35K,17689,18209,14736,2015-09-05,Fully Paid,Quarterly EMI,910182,Mathura-910182,Vivaan Verma,Female,26-35,34,1985-09-29,ST,Sikh,MORTGAGE,100K+,Self-Employed,469,XLG,Trade, 36 months,0.0991,B,B1,Mathura,176-DBS,BULANDSHAHR,UP,UP,UTTAR PRADESH,MATHURA,910182,10469-MANISH  PANDEY,High,19673,19066,17492,16.16,3467.06,N,Y,0,On-Time,1,0,1,2015-09-05,1,Sep-2015
ACC000002,269,FATEHGARH SAHIB,JLG50K,28028,44825,25666,2016-03-18,Paid Off,Quarterly EMI,120676,FATEHGARH SAHIB-120676,Vivaan Patel,Female,46-55,51,1979-01-29,SC,Hindu,MORTGAGE,100K+,Business,375,XLG,Home Loan, 60 months,0.1991,E,E4,FATEHGARH SAHIB,102-DBS,LUDHIANA,PB,PB,PUNJAB,FATEHGARH SAHIB,120676,10037-RAJESH PRATAP,Medium,28883,46726,27578,30.14,2750.34,N,N,1,Late,0,0,1,2016-03-18,1,Mar-2016
ACC000003,988,DHURI,JLG35K,44532,9013,24820,2020-12-20,Default,Quarterly EMI,1030063,DHURI-1030063,Meera Mehta,Female,36-45,45,1979-01-29,Minority,Muslim,RENT,75K-100K,Business,357,XLG,Trade, 36 months,0.0991,B,B1,DHURI,102-DBS,LUDHIANA,PB,PB,PUNJAB,SANGRUR,1030063,12058-DEEPAK KUMAR,Low,45119,8983,44514,36.83,907.62,N,N,2,Very Late,0,0,1,2016-05-01,0,Dec-2020
ACC000004,735,DHURI,JLG30K,8828,6648,5311,2018-02-28,Fully Paid,Monthly EMI,1030063,DHURI-1030063,Kavya Gupta,Female,36-45,43,1979-01-29,Minority,Muslim,RENT,<25K,Self-Employed,528,XLG,Services, 36 months,0.1065,B,B2,DHURI,102-DBS,LUDHIANA,PB,PB,PUNJAB,SANGRUR,1030063,12058-DEEPAK KUMAR,Low,8636,7126,8764,18.66,895.23,N,N,2,On-Time,0,0,1,2015-12-25,0,Feb-2018
ACC000005,580,Mathura,JLG30K,23336,5898,32762,2019-01-28,Paid Off,Monthly EMI,910182,Mathura-910182,Aditya Sharma,Female,26-35,32,1979-01-29,General,Hindu,RENT,50K-75K,Self-Employed,821,XLG,Services, 36 months,0.1065,B,B2,Mathura,176-DBS,BULANDSHAHR,UP,UP,UTTAR PRADESH,MATHURA,910182,10469-MANISH  PANDEY,High,23153,5512,23039,9.17,421.52,N,N,1,On-Time,0,0,1,2019-01-28,1,Jan-2019
ACC000006,1001,SIVASAGAR,JLG35K,9547,6742,15227,2019-05-06,Paid Off,Monthly EMI,880038,SIVASAGAR-880038,Nisha Malhotra,Female,36-45,42,1979-01-29,SC,Hindu,RENT,25K-50K,Self-Employed,717,XLG,Trade, 36 months,0.0991,B,B1,SIVASAGAR,208-DBS,GUWAAHATI,AS,AS,ASSAM,SIVASAGAR,880038,12359-SAMIUR RAHMAN,High,10682,8589,9281,38.01,3226.56,N,N,1,Very Late,0,0,1,2019-05-06,1,May-2019
ACC000007,95,BEHROR,JLG30K,42300,30522,15197,2015-01-14,Default,Monthly EMI,30179,BEHROR-30179,Aarav Joshi,Female,36-45,38,1979-01-29,ST,Sikh,RENT,50K-75K,Salaried,744,XLG,Services, 36 months,0.1065,B,B2,BEHROR,301-DBS,JAIPUR,RJ,RJ,RAJASTHAN,BEHROD,30179,10055-MAHESH KUMAR PATEL,Low,44239,31244,41890,4.77,1585.53,N,N,0,On-Time,0,0,1,2015-01-14,1,Jan-2015
ACC000008,357,BEHROR,JLG30K,31513,5247,13250,2017-04-21,Active,Monthly EMI,30179,BEHROR-30179,Nisha Patel,Female,36-45,41,1979-01-29,General,Hindu,RENT,100K+,Salaried,399,XLG,Services, 36 months,0.1065,B,B2,BEHROR,301-DBS,JAIPUR,RJ,RJ,RAJASTHAN,BEHROD,30179,10055-MAHESH KUMAR PATEL,Low,33496,6046,31080,40.7,4590.19,N,N,0,On-Time,0,0,1,2017-04-21,1,Apr-2017
ACC000009,438,MUKTSAR,JLG30K,49517,32580,28839,2021-04-06,Active,Monthly EMI,1110166,MUKTSAR-1110166,Laksh Mehta,Female,36-45,44,1975-07-28,General,Muslim,RENT,50K-75K,Salaried,425,XLG,Services, 36 months,0.1065,B,B2,MUKTSAR,102-DBS,LUDHIANA,PB,PB,PUNJAB,SRI MUKTSAR SAHIB,1110166,11303-ASHUTOSH KUMAR SUMAN,Medium,50161,33890,49281,43.37,2723.48,N,N,0,On-Time,0,0,1,2015-02-20,0,Apr-2021
ACC000010,303,DURGAPUR,JLG35K,33787,16117,31783,2020-07-18,Paid Off,Quarterly EMI,700013,DURGAPUR-700013,Ananya Reddy,Female,18-25,39,1979-01-29,General,Muslim,MORTGAGE,<25K,Self-Employed,660,XLG,Trade, 36 months,0.0991,B,B1,DURGAPUR,201-DBS,HOWRAH,WB,WB,WEST BENGAL,PASCHIM BARDHHAMAN,700013,10037-RAJESH PRATAP,Low,34042,16059,33775,1.64,516.94,N,N,0,On-Time,0,0,1,2017-12-14,0,Jul-2020
ACC000011,485,HAPUR,JLG35K,4176,24826,36659,2022-11-25,Fully Paid,Quarterly EMI,210563,HAPUR-210563,Laksh Gupta,Female,36-45,36,1979-01-29,General,Muslim,OWN,<25K,Business,807,XLG,Trade, 36 months,0.0991,B,B1,HAPUR,176-DBS,BULANDSHAHR,UP,UP,UTTAR PRADESH,HAPUR,210563,10183-RISHABH PANT,Low,5198,24586,4124,7.59,4537.66,N,N,0,Late,0,0,1,2019-02-21,0,Nov-2022
ACC000012,110,JALANDHAR,JLG30K,44582,2453,15668,2022-04-24,Fully Paid,Monthly EMI,160051,JALANDHAR-160051,Ananya Gupta,Female,36-45,38,1979-01-29,ST,Sikh,RENT,50K-75K,Salaried,450,XLG,Services, 36 months,0.1065,B,B2,JALANDHAR,102-DBS,LUDHIANA,PB,PB,PUNJAB,JALANDHAR,160051,10067-AKSHAY KUMAR,Low,45938,2111,44526,1.29,4109.65,N,N,0,Late,0,0,1,2019-11-16,0,Apr-2022
ACC000013,936,Mathura,JLG39K,15828,22903,35257,2021-08-13,Active,Monthly EMI,910182,Mathura-910182,Ananya Patel,Female,36-45,43,1979-01-29,Minority,Muslim,RENT,75K-100K,Salaried,558,XLG,Agriculture, 36 months,0.0662,A,A2,Mathura,176-DBS,BULANDSHAHR,UP,UP,UTTAR PRADESH,MATHURA,910182,10469-MANISH  PANDEY,High,15912,24372,15404,38.83,1264.52,N,N,1,On-Time,0,0,1,2018-03-28,0,Aug-2021
ACC000014,871,DHURI,JLG30K,40060,34206,25805,2016-08-25,Fully Paid,Monthly EMI,1030063,DHURI-1030063,Meera Malhotra,Female,46-55,50,1979-01-29,Minority,Muslim,RENT,<25K,Salaried,416,XLG,Services, 36 months,0.1065,B,B2,DHURI,102-DBS,LUDHIANA,PB,PB,PUNJAB,SANGRUR,1030063,12058-DEEPAK KUMAR,Low,41546,36140,39978,44.67,987.1,N,N,2,Very Late,0,0,1,2016-08-25,1,Aug-2016
ACC000015,615,MAWANA,JLG30K,14743,36936,33848,2019-10-07,Paid Off,Monthly EMI,800018,MAWANA-800018,Vivaan Patel,Female,46-55,55,1979-01-29,General,Muslim,MORTGAGE,25K-50K,Self-Employed,489,XLG,Services, 36 months,0.1065,B,B2,MAWANA,176-DBS,BULANDSHAHR,UP,UP,UTTAR PRADESH,MEERUT,800018,11183-ANIL KUMAR,Medium,15725,38407,14516,4.52,2376.18,N,N,0,On-Time,0,0,1,2017-06-15,0,Oct-2019
ACC000016,551,MAWANA,JLG30K,38892,43934,15990,2016-11-17,Active,Quarterly EMI,800018,MAWANA-800018,Nisha Chopra,Female,46-55,49,1979-01-29,SC,Hindu,RENT,75K-100K,Business,641,XLG,Services, 36 months,0.1065,B,B2,MAWANA,176-DBS,BULANDSHAHR,UP,UP,UTTAR PRADESH,MEERUT,800018,11183-ANIL KUMAR,Medium,39776,44062,38823,2.33,886.53,N,N,0,On-Time,0,0,1,2015-05-17,0,Nov-2016
ACC000017,40,KAROND,JLG30K,11814,29847,15492,2018-12-02,Fully Paid,Monthly EMI,1320004,KAROND-1320004,Kavya Verma,Female,36-45,37,1979-01-29,General,Hindu,RENT,<25K,Self-Employed,479,XLG,Services, 36 months,0.1065,B,B2,KAROND,200-DBS,BHOPAL,MP,MP,MADHYA PRADESH,BHOPAL,1320004,12758-ROHIT KUMAR JAISWAL,Medium,11594,30161,11427,37.6,4601.09,N,N,2,On-Time,0,0,1,2015-11-05,0,Dec-2018
ACC000018,487,BEHROR,JLG30K,22969,45972,28583,2021-03-06,Fully Paid,Quarterly EMI,30179,BEHROR-30179,Kavya Gupta,Female,26-35,35,1979-01-29,ST,Sikh,RENT,50K-75K,Business,721,XLG,Services, 36 months,0.1065,B,B2,BEHROR,301-DBS,JAIPUR,RJ,RJ,RAJASTHAN,BEHROD,30179,10055-MAHESH KUMAR PATEL,Low,23784,47111,22484,9.57,4929.78,Y,N,2,On-Time,0,1,1,2021-03-06,1,Mar-2021
ACC000019,20,HAPUR,JLG40K,30337,44578,33723,2015-11-24,Paid Off,Quarterly EMI,210563,HAPUR-210563,Meera Nair,Female,36-45,43,1979-01-29,SC,Hindu,MORTGAGE,<25K,Salaried,453,XLG,Services, 36 months,0.1727,D,D3,HAPUR,176-DBS,BULANDSHAHR,UP,UP,UTTAR PRADESH,HAPUR,210563,10183-RISHABH PANT,Low,31367,46274,30153,46.4,2251.14,N,N,2,Late,0,0,1,2015-02-11,0,Nov-2015
ACC000020,376,CHHATA,JLG50K,14558,38183,32441,2015-02-08,Fully Paid,Quarterly EMI,910020,CHHATA-910020,Ananya Verma,Female,46-55,51,1979-01-29,OBC,Hindu,MORTGAGE,25K-50K,Self-Employed,770,XLG,Home Loan, 60 months,0.1991,E,E4,CHHATA,176-DBS,BULANDSHAHR,UP,UP,UTTAR PRADESH,MATHURA,910020,10047-ANIL KUMAR,High,14578,39199,14510,33.59,4545.8,N,N,1,On-Time,0,0,1,2015-02-08,1,Feb-2015
ACC000021,252,HAPUR,JLG50K,30750,43606,40106,2021-08-27,Fully Paid,Quarterly EMI,210563,HAPUR-210563,Ishaan Patel,Female,36-45,39,1979-01-29,Minority,Muslim,RENT,75K-100K,Self-Employed,472,XLG,Home Loan, 60 months,0.1991,E,E4,HAPUR,176-DBS,BULANDSHAHR,UP,UP,UTTAR PRADESH,HAPUR,210563,10183-RISHABH PANT,Low,32292,45534,30381,36.55,2833.7,N,N,2,On-Time,0,0,1,2016-12-21,0,Aug-2021
ACC000022,312,SANGRUR,JLG35K,12261,14267,32289,2023-04-24,Fully Paid,Monthly EMI,110159,SANGRUR-110159,Vivaan Chopra,Female,46-55,49,1979-01-29,General,Muslim,RENT,<25K,Salaried,357,XLG,Trade, 36 months,0.0991,B,B1,SANGRUR,102-DBS,LUDHIANA,PB,PB,PUNJAB,SANGRUR,110159,10037-RAJESH PRATAP,Low,12505,15882,12248,18.38,699.77,N,N,2,Late,0,0,1,2023-04-24,1,Apr-2023
ACC000023,450,AGRA,JLG35K,19519,29464,30182,2017-07-03,Fully Paid,Monthly EMI,140056,AGRA-140056,Laksh Sharma,Female,36-45,37,1979-01-29,Minority,Muslim,RENT,<25K,Self-Employed,740,XLG,Trade, 36 months,0.0991,B,B1,AGRA,176-DBS,BULANDSHAHR,UP,UP,UTTAR PRADESH,AGRA,140056,10161-RAM AVTAR,Medium,19635,29326,19098,9.05,1972.44,N,N,1,On-Time,0,0,1,2015-01-20,0,Jul-2017
ACC000024,160,SIVASAGAR,JLG35K,22376,41243,39650,2016-09-26,Fully Paid,Quarterly EMI,880038,SIVASAGAR-880038,Vivaan Chopra,Female,46-55,49,1979-01-29,General,Muslim,RENT,<25K,Salaried,357,XLG,Trade, 36 months,0.0991,B,B1,SIVASAGAR,208-DBS,GUWAAHATI,AS,AS,ASSAM,SIVASAGAR,880038,12359-SAMIUR RAHMAN,High,23001,42388,22095,0.57,4522.2,N,N,0,Late,0,0,1,2016-09-26,1,Sep-2016
ACC000025,16,CUTTACK,JLG35K,43369,23392,25488,2020-06-19,Paid Off,Quarterly EMI,630081,CUTTACK-630081,Vivaan Malhotra,Female,46-55,53,1979-01-29,SC,Hindu,RENT,75K-100K,Business,488,XLG,Trade, 36 months,0.0991,B,B1,CUTTACK,107-DBS,BHUBANESWAR,OR,OR,ODISHA,CUTTACK,630081,12061-PINAKAPANI KANUNGO,High,43511,24638,43208,12.83,4915.55,N,N,2,On-Time,0,0,1,2015-09-15,0,Jun-2020
ACC000026,427,DHURI,JLG30K,9328,14266,15204,2019-09-22,Paid Off,Monthly EMI,1030063,DHURI-1030063,Ishaan Sharma,Female,46-55,46,1979-01-29,ST,Sikh,MORTGAGE,100K+,Business,522,XLG,Services, 36 months,0.1065,B,B2,DHURI,102-DBS,LUDHIANA,PB,PB,PUNJAB,SANGRUR,1030063,12058-DEEPAK KUMAR,Low,11219,14589,9147,27.67,109.74,N,N,1,On-Time,0,0,1,2015-10-10,0,Sep-2019
ACC000027,942,DHURI,JLG46K,2417,34200,20537,2018-03-31,Fully Paid,Monthly EMI,1030063,DHURI-1030063,Ananya Mehta,Female,26-35,30,1979-01-29,ST,Sikh,RENT,75K-100K,Business,783,XLG,Home Loan, 36 months,0.1825,D,D5,DHURI,102-DBS,LUDHIANA,PB,PB,PUNJAB,SANGRUR,1030063,12058-DEEPAK KUMAR,Low,3018,35539,2240,24.69,2330.95,N,N,0,On-Time,0,0,1,2017-12-13,0,Mar-2018
ACC000028,721,Mathura,JLG30K,42636,49290,27420,2021-07-12,Default,Monthly EMI,910182,Mathura-910182,Nisha Patel,Female,26-35,34,1979-01-29,SC,Hindu,RENT,75K-100K,Salaried,734,XLG,Services, 36 months,0.1065,B,B2,Mathura,176-DBS,BULANDSHAHR,UP,UP,UTTAR PRADESH,MATHURA,910182,10469-MANISH  PANDEY,High,42243,50151,42433,3.13,2075.86,Y,N,0,On-Time,0,1,1,2021-07-12,1,Jul-2021
ACC000029,291,DURGAPUR,JLG50K,2751,5699,12374,2018-04-02,Active,Quarterly EMI,700013,DURGAPUR-700013,Nisha Joshi,Female,46-55,48,1979-01-29,General,Hindu,MORTGAGE,50K-75K,Business,657,XLG,Home Loan, 60 months,0.1991,E,E4,DURGAPUR,201-DBS,HOWRAH,WB,WB,WEST BENGAL,PASCHIM BARDHHAMAN,700013,10037-RAJESH PRATAP,Low,4321,7464,2489,0.52,4797.65,N,N,2,On-Time,0,0,1,2018-04-02,1,Apr-2018
ACC000030,994,BULANDSHAHR,JLG46K,36868,41803,21947,2020-11-15,Fully Paid,Monthly EMI,10068,BULANDSHAHR-10068,Aarav Joshi,Female,36-45,38,1979-01-29,ST,Sikh,RENT,50K-75K,Salaried,744,XLG,Home Loan, 36 months,0.1825,D,D5,BULANDSHAHR,176-DBS,BULANDSHAHR,UP,UP,UTTAR PRADESH,BULANDSHAHAR,10068,10057-NANDI SHANKAR,High,38498,41625,36458,31.71,1720.65,Y,N,0,On-Time,0,1,1,2020-11-15,1,Nov-2020
ACC000031,211,MUKTSAR,JLG41K,43297,27561,31134,2016-08-01,Fully Paid,Monthly EMI,1110166,MUKTSAR-1110166,Aditya Mehta,Female,26-35,32,1979-01-29,ST,Sikh,RENT,75K-100K,Salaried,666,XLG,Services, 36 months,0.1465,C,C3,MUKTSAR,102-DBS,LUDHIANA,PB,PB,PUNJAB,SRI MUKTSAR SAHIB,1110166,11303-ASHUTOSH KUMAR SUMAN,Medium,43741,27936,43231,32.48,4262.3,N,N,2,Very Late,0,0,1,2016-08-01,1,Aug-2016
ACC000032,416,Mathura,JLG30K,26537,31456,44460,2017-01-18,Active,Monthly EMI,910182,Mathura-910182,Laksh Gupta,Female,46-55,52,1979-01-29,SC,Hindu,RENT,75K-100K,Salaried,584,XLG,Services, 36 months,0.1065,B,B2,Mathura,176-DBS,BULANDSHAHR,UP,UP,UTTAR PRADESH,MATHURA,910182,10469-MANISH  PANDEY,High,28399,32896,26262,47.41,4584.91,N,N,1,On-Time,0,0,1,2017-01-18,1,Jan-2017
ACC000033,611,DHURI,JLG30K,6975,24865,25569,2017-02-13,Active,Quarterly EMI,1030063,DHURI-1030063,Vivaan Nair,Female,46-55,49,1979-01-29,General,Muslim,RENT,100K+,Salaried,519,XLG,Services, 36 months,0.1065,B,B2,DHURI,102-DBS,LUDHIANA,PB,PB,PUNJAB,SANGRUR,1030063,12058-DEEPAK KUMAR,Low,7143,26102,6740,18.91,1398.67,Y,N,1,Very Late,0,1,1,2017-02-13,1,Feb-2017
ACC000034,34,BULANDSHAHR,JLG35K,27292,27781,5688,2019-06-11,Fully Paid,Monthly EMI,10068,BULANDSHAHR-10068,Kavya Chopra,Female,18-25,23,1979-01-29,General,Hindu,RENT,75K-100K,Business,588,XLG,Trade, 36 months,0.0991,B,B1,BULANDSHAHR,176-DBS,BULANDSHAHR,UP,UP,UTTAR PRADESH,BULANDSHAHAR,10068,10057-NANDI SHANKAR,High,29173,29734,27265,8.04,3019.25,N,N,2,Late,0,0,1,2017-09-26,0,Jun-2019
ACC000035,920,BEHROR,JLG30K,17883,23951,16740,2020-01-21,Fully Paid,Monthly EMI,30179,BEHROR-30179,Kavya Chopra,Female,18-25,23,1979-01-29,General,Hindu,RENT,75K-100K,Business,588,XLG,Services, 36 months,0.1065,B,B2,BEHROR,301-DBS,JAIPUR,RJ,RJ,RAJASTHAN,BEHROD,30179,10055-MAHESH KUMAR PATEL,Low,19664,25529,17563,21.64,119.38,N,N,1,Very Late,0,0,1,2016-02-15,0,Jan-2020
ACC000036,941,Mangaldoi,JLG35K,5739,7389,8156,2021-01-26,Fully Paid,Monthly EMI,570241,Mangaldoi-570241,Ishaan Patel,Female,36-45,39,1979-01-29,Minority,Muslim,RENT,75K-100K,Self-Employed,472,XLG,Trade, 36 months,0.0991,B,B1,Mangaldoi,208-DBS,GUWAAHATI,AS,AS,ASSAM,Mangaldoi,570241,10961-NAYAN JYOTI SARMAH,Low,6718,7903,5558,20.0,666.46,N,N,1,On-Time,0,0,1,2018-11-27,0,Jan-2021
ACC000037,595,MUKTSAR,JLG35K,28688,34093,39444,2021-03-29,Fully Paid,Quarterly EMI,1110166,MUKTSAR-1110166,Kavya Malhotra,Female,36-45,41,1979-01-29,OBC,Hindu,RENT,25K-50K,Salaried,495,XLG,Trade, 36 months,0.0991,B,B1,MUKTSAR,102-DBS,LUDHIANA,PB,PB,PUNJAB,SRI MUKTSAR SAHIB,1110166,11303-ASHUTOSH KUMAR SUMAN,Medium,29736,34883,28464,20.19,2657.94,N,N,0,On-Time,0,0,1,2015-05-29,0,Mar-2021
ACC000038,774,BULANDSHAHR,JLG30K,8277,39398,24143,2020-09-15,Fully Paid,Monthly EMI,10068,BULANDSHAHR-10068,Ananya Reddy,Female,18-25,22,1979-01-29,General,Hindu,MORTGAGE,75K-100K,Business,640,XLG,Services, 36 months,0.1065,B,B2,BULANDSHAHR,176-DBS,BULANDSHAHR,UP,UP,UTTAR PRADESH,BULANDSHAHAR,10068,10057-NANDI SHANKAR,High,8097,39514,8019,13.11,2783.02,N,N,0,On-Time,0,0,1,2020-09-15,1,Sep-2020
ACC000039,895,SANGRUR,JLG35K,21369,4763,1732,2020-09-02,Paid Off,Monthly EMI,110159,SANGRUR-110159,Kavya Sharma,Female,26-35,26,1979-01-29,SC,Hindu,RENT,75K-100K,Business,398,XLG,Trade, 36 months,0.0991,B,B1,SANGRUR,102-DBS,LUDHIANA,PB,PB,PUNJAB,SANGRUR,110159,10037-RAJESH PRATAP,Low,22817,5698,21099,16.1,2604.87,N,N,0,On-Time,0,0,1,2020-09-02,1,Sep-2020
ACC000040,598,FATEHGARH SAHIB,JLG30K,28902,16191,10665,2017-09-05,Paid Off,Monthly EMI,120676,FATEHGARH SAHIB-120676,Nisha Patel,Female,36-45,41,1979-01-29,General,Hindu,RENT,100K+,Salaried,399,XLG,Services, 36 months,0.1065,B,B2,FATEHGARH SAHIB,102-DBS,LUDHIANA,PB,PB,PUNJAB,FATEHGARH SAHIB,120676,10037-RAJESH PRATAP,Medium,29375,16720,28475,28.37,1848.66,N,N,1,Late,0,0,1,2017-09-05,1,Sep-2017
ACC000041,206,TEZPUR,JLG30K,6228,27339,16284,2021-04-14,Fully Paid,Quarterly EMI,680026,TEZPUR-680026,Kavya Malhotra,Female,36-45,41,1979-01-29,OBC,Hindu,RENT,25K-50K,Salaried,495,XLG,Services, 36 months,0.1065,B,B2,TEZPUR,208-DBS,GUWAAHATI,AS,AS,ASSAM,SONITPUR,680026,11055-MANAS PROTIM HAZARIKA,Medium,7943,27250,5868,1.47,2923.82,N,N,1,On-Time,0,0,1,2018-04-06,0,Apr-2021
ACC000042,349,Mathura,JLG30K,13095,15927,19119,2022-12-22,Fully Paid,Monthly EMI,910182,Mathura-910182,Kavya Reddy,Female,18-25,23,1979-01-29,General,Hindu,RENT,25K-50K,Business,503,XLG,Services, 36 months,0.1065,B,B2,Mathura,176-DBS,BULANDSHAHR,UP,UP,UTTAR PRADESH,MATHURA,910182,10469-MANISH  PANDEY,High,14883,16157,12895,38.41,1467.99,Y,N,2,On-Time,0,1,1,2015-03-14,0,Dec-2022
ACC000043,110,MAWANA,JLG30K,27443,15926,5774,2019-11-16,Default,Quarterly EMI,800018,MAWANA-800018,Ananya Gupta,Female,36-45,38,1979-01-29,ST,Sikh,RENT,50K-75K,Salaried,450,XLG,Services, 36 months,0.1065,B,B2,MAWANA,176-DBS,BULANDSHAHR,UP,UP,UTTAR PRADESH,MEERUT,800018,11183-ANIL KUMAR,Medium,29083,15549,27257,2.4,1718.28,N,N,2,On-Time,0,0,1,2019-11-16,1,Nov-2019
ACC000044,10,Mangaldoi,JLG35K,5614,31158,20855,2021-02-04,Active,Monthly EMI,570241,Mangaldoi-570241,Ishaan Mehta,Female,36-45,39,1979-01-29,OBC,Hindu,OWN,50K-75K,Self-Employed,812,XLG,Trade, 36 months,0.0991,B,B1,Mangaldoi,208-DBS,GUWAAHATI,AS,AS,ASSAM,Mangaldoi,570241,10961-NAYAN JYOTI SARMAH,Low,6526,30734,5119,31.27,676.13,N,N,0,Very Late,0,0,1,2018-01-06,0,Feb-2021
ACC000045,41,MAWANA,JLG30K,48162,29994,14416,2020-08-10,Fully Paid,Monthly EMI,800018,MAWANA-800018,Ishaan Sharma,Female,26-35,26,1979-01-29,General,Hindu,RENT,25K-50K,Salaried,522,XLG,Services, 36 months,0.1065,B,B2,MAWANA,176-DBS,BULANDSHAHR,UP,UP,UTTAR PRADESH,MEERUT,800018,11183-ANIL KUMAR,Medium,48890,31926,47971,38.93,2138.23,N,N,1,Very Late,0,0,1,2017-11-21,0,Aug-2020
ACC000046,610,ASANSOL,JLG30K,16050,25227,10159,2016-06-06,Active,Quarterly EMI,690076,ASANSOL-690076,Vivaan Gupta,Female,56-63,57,1979-01-29,General,Muslim,RENT,75K-100K,Business,472,XLG,Services, 36 months,0.1065,B,B2,ASANSOL,201-DBS,HOWRAH,WB,WB,WEST BENGAL,PASCHIM BARDHHAMAN,690076,10035-ABHAY TOMER,Medium,16452,26365,15974,13.83,4688.38,N,N,0,On-Time,0,0,1,2016-06-06,1,Jun-2016
ACC000047,245,Mathura,JLG46K,48450,25184,26822,2021-10-06,Default,Quarterly EMI,910182,Mathura-910182,Nisha Chopra,Female,46-55,52,1979-01-29,General,Hindu,RENT,100K+,Salaried,322,XLG,Home Loan, 36 months,0.1825,D,D5,Mathura,176-DBS,BULANDSHAHR,UP,UP,UTTAR PRADESH,MATHURA,910182,10469-MANISH  PANDEY,High,48885,26574,48450,13.5,2142.53,N,N,0,Very Late,0,0,1,2019-07-04,0,Oct-2021
ACC000048,372,Mangaldoi,JLG30K,40775,49778,26979,2018-12-09,Fully Paid,Monthly EMI,570241,Mangaldoi-570241,Ananya Mehta,Female,26-35,30,1979-01-29,ST,Sikh,RENT,75K-100K,Business,783,XLG,Services, 36 months,0.1065,B,B2,Mangaldoi,208-DBS,GUWAAHATI,AS,AS,ASSAM,Mangaldoi,570241,10961-NAYAN JYOTI SARMAH,Low,42072,50117,40601,48.56,1585.69,N,N,2,Very Late,0,0,1,2016-09-28,0,Dec-2018
ACC000049,242,JAMMU,JLG35K,22891,13457,21237,2017-08-02,Active,Quarterly EMI,720081,JAMMU-720081,Kavya Verma,Female,36-45,37,1979-01-29,General,Hindu,RENT,<25K,Self-Employed,479,XLG,Trade, 36 months,0.0991,B,B1,JAMMU,201-DBS,LUDHIANA,JK,JK,JAMMU & KASHMIR,JAMMU,720081,10588-POONAM DEVI,High,23831,14416,22417,39.26,4464.97,N,N,2,On-Time,0,0,1,2015-10-15,0,Aug-2017
ACC000050,763,MUKTSAR,JLG46K,31115,13467,39122,2015-08-16,Fully Paid,Quarterly EMI,1110166,MUKTSAR-1110166,Kavya Patel,Female,36-45,38,1979-01-29,ST,Sikh,MORTGAGE,25K-50K,Business,683,XLG,Home Loan, 36 months,0.1825,D,D5,MUKTSAR,102-DBS,LUDHIANA,PB,PB,PUNJAB,SRI MUKTSAR SAHIB,1110166,11303-ASHUTOSH KUMAR SUMAN,Medium,31460,14125,31071,18.07,2250.87,N,N,1,On-Time,0,0,1,2015-08-16,1,Aug-2015
ACC000051,467,PAOTA,JLG30K,25377,36909,5288,2021-11-09,Fully Paid,Quarterly EMI,90149,PAOTA-90149,Nisha Verma,Female,18-25,24,1979-01-29,ST,Sikh,RENT,<25K,Salaried,443,XLG,Services, 36 months,0.1065,B,B2,PAOTA,301-DBS,JAIPUR,RJ,RJ,RAJASTHAN,jaipur,90149,10043-RAVI MISHRA,Low,25609,38337,25104,23.48,2038.14,N,N,2,On-Time,0,0,1,2015-12-31,0,Nov-2021
ACC000052,942,DHURI,JLG44K,49339,13273,43488,2019-12-24,Paid Off,Quarterly EMI,1030063,DHURI-1030063,Ananya Mehta,Female,26-35,30,1979-01-29,ST,Sikh,RENT,75K-100K,Business,783,XLG,Home Loan, 36 months,0.0662,A,A2,DHURI,102-DBS,LUDHIANA,PB,PB,PUNJAB,SANGRUR,1030063,12058-DEEPAK KUMAR,Low,48940,14649,49309,14.07,935.21,N,N,0,Late,0,0,1,2017-12-13,0,Dec-2019
ACC000053,260,MODINAGAR,JLG45K,35642,5329,29742,2018-01-06,Paid Off,Quarterly EMI,410521,MODINAGAR-410521,Nisha Reddy,Female,36-45,38,1979-01-29,ST,Sikh,RENT,50K-75K,Self-Employed,552,XLG,Agriculture, 36 months,0.0751,A,A3,MODINAGAR,176-DBS,BULANDSHAHR,UP,UP,UTTAR PRADESH,MODINAGAR,410521,12116-ANIL KUMAR,Low,35219,6332,35472,4.29,3564.2,N,N,2,On-Time,0,0,1,2015-05-09,0,Jan-2018
ACC000054,743,SANGRUR,JLG30K,27146,38341,6414,2018-03-18,Paid Off,Quarterly EMI,110159,SANGRUR-110159,Nisha Malhotra,Female,26-35,29,1979-01-29,ST,Sikh,MORTGAGE,100K+,Self-Employed,799,XLG,Services, 36 months,0.1065,B,B2,SANGRUR,102-DBS,LUDHIANA,PB,PB,PUNJAB,SANGRUR,110159,10037-RAJESH PRATAP,Low,28816,39214,26890,33.18,4677.94,Y,N,0,On-Time,0,1,1,2015-03-26,0,Mar-2018
ACC000055,102,RAIPUR,JLG30K,34937,28632,30117,2020-12-10,Paid Off,Quarterly EMI,230415,RAIPUR-230415,Aditya Mehta,Female,26-35,32,1979-01-29,ST,Sikh,RENT,75K-100K,Salaried,666,XLG,Services, 36 months,0.1065,B,B2,RAIPUR,207-DBS,RAIPUR,CG,CG,CHATTISGARH,RAIPUR,230415,10924-DILIP KUMAR,High,34820,29669,34498,40.58,4665.24,N,N,0,On-Time,0,0,1,2015-10-16,0,Dec-2020
ACC000056,822,MAWANA,JLG35K,30017,5948,4398,2015-08-18,Fully Paid,Quarterly EMI,800018,MAWANA-800018,Laksh Reddy,Female,26-35,29,1979-01-29,OBC,Hindu,RENT,75K-100K,Business,311,XLG,Trade, 36 months,0.0991,B,B1,MAWANA,176-DBS,BULANDSHAHR,UP,UP,UTTAR PRADESH,MEERUT,800018,11183-ANIL KUMAR,Medium,30367,6420,29763,46.98,3725.35,N,N,0,On-Time,0,0,1,2015-06-21,0,Aug-2015
ACC000057,389,VARANASI,JLG30K,49838,7262,17531,2023-05-22,Fully Paid,Monthly EMI,1280108,VARANASI-1280108,Laksh Patel,Female,26-35,28,1979-01-29,SC,Hindu,MORTGAGE,75K-100K,Business,844,XLG,Services, 36 months,0.1065,B,B2,VARANASI,176-DBS,VARANASI,UP,UP,UTTAR PRADESH,VARANASI,1280108,10568-RAJU RANJAN RAY,Medium,49822,7057,49488,21.92,4163.26,N,N,1,On-Time,0,0,1,2015-10-31,0,May-2023
ACC000058,438,MUKTSAR,JLG50K,21191,37436,15455,2022-07-20,Active,Quarterly EMI,1110166,MUKTSAR-1110166,Laksh Mehta,Female,36-45,44,1975-07-28,General,Muslim,RENT,50K-75K,Salaried,425,XLG,Home Loan, 60 months,0.1991,E,E4,MUKTSAR,102-DBS,LUDHIANA,PB,PB,PUNJAB,SRI MUKTSAR SAHIB,1110166,11303-ASHUTOSH KUMAR SUMAN,Medium,22674,39398,21156,26.95,2757.06,N,N,2,On-Time,0,0,1,2015-02-20,0,Jul-2022
ACC000059,929,SIRSA,JLG44K,11075,35641,22867,2017-07-28,Paid Off,Quarterly EMI,730084,SIRSA-730084,Laksh Reddy,Female,26-35,31,1979-01-29,SC,Hindu,RENT,25K-50K,Salaried,315,XLG,Home Loan, 36 months,0.0662,A,A2,SIRSA,206-DBS,KARNAL,HR,HR,HARYANA,SIRSA,730084,10149-ABHISHEK MAURYA,Medium,12127,36093,10850,46.12,3113.33,N,N,1,Very Late,0,0,1,2017-07-28,1,Jul-2017
ACC000060,583,DHURI,JLG40K,45722,3094,1650,2021-09-26,Paid Off,Monthly EMI,1030063,DHURI-1030063,Nisha Malhotra,Female,36-45,42,1979-01-29,SC,Hindu,RENT,25K-50K,Self-Employed,717,XLG,Services, 36 months,0.1727,D,D3,DHURI,102-DBS,LUDHIANA,PB,PB,PUNJAB,SANGRUR,1030063,12058-DEEPAK KUMAR,Low,46252,5050,45474,3.37,4344.62,N,N,0,On-Time,0,0,1,2020-07-11,0,Sep-2021
ACC000061,527,BEHROR,JLG30K,12194,44573,2944,2018-02-10,Default,Monthly EMI,30179,BEHROR-30179,Ananya Gupta,Female,36-45,44,1979-01-29,SC,Hindu,RENT,25K-50K,Business,746,XLG,Services, 36 months,0.1065,B,B2,BEHROR,301-DBS,JAIPUR,RJ,RJ,RAJASTHAN,BEHROD,30179,10055-MAHESH KUMAR PATEL,Low,11839,46389,11915,33.19,145.08,Y,N,0,On-Time,0,1,1,2017-09-03,0,Feb-2018
ACC000062,599,DURGAPUR,JLG30K,19117,37933,10250,2016-04-07,Active,Monthly EMI,700013,DURGAPUR-700013,Meera Joshi,Female,46-55,53,1979-01-29,ST,Sikh,RENT,<25K,Salaried,529,XLG,Services, 36 months,0.1065,B,B2,DURGAPUR,201-DBS,HOWRAH,WB,WB,WEST BENGAL,PASCHIM BARDHHAMAN,700013,10037-RAJESH PRATAP,Low,19361,39469,19105,47.44,609.37,N,N,1,On-Time,0,0,1,2016-04-07,1,Apr-2016
ACC000063,781,Mathura,JLG35K,13860,9030,18653,2017-05-22,Default,Monthly EMI,910182,Mathura-910182,Ananya Sharma,Female,26-35,32,1979-01-29,OBC,Hindu,RENT,100K+,Self-Employed,584,XLG,Trade, 36 months,0.0991,B,B1,Mathura,176-DBS,BULANDSHAHR,UP,UP,UTTAR PRADESH,MATHURA,910182,10469-MANISH  PANDEY,High,13645,10282,13403,43.47,4599.25,N,N,1,On-Time,0,0,1,2015-08-24,0,May-2017
ACC000064,592,BEHROR,JLG35,16682,8122,39585,2018-01-13,Fully Paid,Quarterly EMI,30179,BEHROR-30179,Nisha Verma,Female,26-35,35,1979-01-29,SC,Hindu,RENT,75K-100K,Salaried,792,XLG,Home Loan, 60 months,0.1465,C,C3,BEHROR,301-DBS,JAIPUR,RJ,RJ,RAJASTHAN,BEHROD,30179,10055-MAHESH KUMAR PATEL,Low,16935,8397,16220,14.6,382.53,N,N,2,On-Time,0,0,1,2018-01-13,1,Jan-2018
ACC000065,501,Mangaldoi,JLG30K,32358,43953,3273,2016-09-27,Paid Off,Quarterly EMI,570241,Mangaldoi-570241,Vivaan Gupta,Female,46-55,46,1979-01-29,ST,Sikh,OWN,75K-100K,Business,481,XLG,Services, 36 months,0.1065,B,B2,Mangaldoi,208-DBS,GUWAAHATI,AS,AS,ASSAM,Mangaldoi,570241,10961-NAYAN JYOTI SARMAH,Low,33411,44185,31975,38.2,4421.48,N,N,0,On-Time,0,0,1,2016-09-27,1,Sep-2016
ACC000066,957,HAPUR,JLG35K,42998,9607,20396,2022-07-26,Default,Quarterly EMI,210563,HAPUR-210563,Diya Chopra,Female,26-35,35,1984-03-20,SC,Hindu,RENT,75K-100K,Self-Employed,567,XLG,Trade, 36 months,0.0991,B,B1,HAPUR,176-DBS,BULANDSHAHR,UP,UP,UTTAR PRADESH,HAPUR,210563,10183-RISHABH PANT,Low,42630,9653,42626,49.61,3704.96,N,N,1,On-Time,0,0,1,2015-02-22,0,Jul-2022
ACC000067,264,BEHROR,JLG35K,44976,45897,26048,2023-08-20,Fully Paid,Quarterly EMI,30179,BEHROR-30179,Kavya Sharma,Female,36-45,42,1975-08-16,General,Hindu,MORTGAGE,50K-75K,Salaried,393,XLG,Trade, 36 months,0.0991,B,B1,BEHROR,301-DBS,JAIPUR,RJ,RJ,RAJASTHAN,BEHROD,30179,10055-MAHESH KUMAR PATEL,Low,45918,47503,44803,28.73,1007.58,N,N,2,Late,0,0,1,2021-04-10,0,Aug-2023
ACC000068,184,TEZPUR,JLG30K,44956,49078,44821,2017-04-18,Fully Paid,Monthly EMI,680026,TEZPUR-680026,Laksh Sharma,Female,36-45,37,1979-01-29,Minority,Muslim,RENT,<25K,Self-Employed,740,XLG,Services, 36 months,0.1065,B,B2,TEZPUR,208-DBS,GUWAAHATI,AS,AS,ASSAM,SONITPUR,680026,11055-MANAS PROTIM HAZARIKA,Medium,45257,50511,44710,43.31,145.25,N,N,1,On-Time,0,0,1,2017-04-18,1,Apr-2017
ACC000069,802,PALWAL,JLG30K,27944,34234,36297,2023-07-09,Paid Off,Monthly EMI,20242,PALWAL-20242,Laksh Sharma,Female,46-55,46,1979-01-29,Minority,Muslim,RENT,<25K,Self-Employed,512,XLG,Services, 36 months,0.1065,B,B2,PALWAL,206-DBS,KARNAL,HR,HR,HARYANA,PALWAL,20242,10903-HEMANT SHUKLA,Medium,29693,35540,27841,41.41,2935.38,N,N,1,On-Time,0,0,1,2022-06-02,0,Jul-2023
ACC000070,548,BEHROR,JLG30K,39169,24275,14292,2017-08-27,Paid Off,Monthly EMI,30179,BEHROR-30179,Nisha Reddy,Female,36-45,42,1979-01-29,SC,Hindu,RENT,100K+,Self-Employed,668,XLG,Services, 36 months,0.1065,B,B2,BEHROR,301-DBS,JAIPUR,RJ,RJ,RAJASTHAN,BEHROD,30179,10055-MAHESH KUMAR PATEL,Low,40005,24964,38813,39.58,158.62,N,N,1,On-Time,0,0,1,2015-08-10,0,Aug-2017
ACC000071,407,BULANDSHAHR,JLG35,27028,18539,24898,2015-09-23,Active,Monthly EMI,10068,BULANDSHAHR-10068,Ishaan Mehta,Female,18-25,23,1979-01-29,OBC,Hindu,RENT,100K+,Business,416,XLG,Home Loan, 60 months,0.1465,C,C3,BULANDSHAHR,176-DBS,BULANDSHAHR,UP,UP,UTTAR PRADESH,BULANDSHAHAR,10068,10057-NANDI SHANKAR,High,28135,19643,26662,44.58,1009.06,N,N,1,On-Time,0,0,1,2015-09-23,1,Sep-2015
ACC000072,143,FATEHABAD,JLG30K,43418,9715,32765,2022-09-06,Default,Monthly EMI,670106,FATEHABAD-670106,Vivaan Verma,Female,46-55,52,1979-01-29,ST,Sikh,RENT,100K+,Salaried,626,XLG,Services, 36 months,0.1065,B,B2,FATEHABAD,206-DBS,KARNAL,HR,HR,HARYANA,FATEHABAD,670106,10316-DEEPAK KUMAR,Medium,42955,9692,43012,13.4,1639.51,N,N,0,On-Time,0,0,1,2018-05-13,0,Sep-2022
ACC000073,586,DHURI,JLG29K,19883,10961,29901,2019-01-19,Paid Off,Monthly EMI,1030063,DHURI-1030063,Aarav Joshi,Female,36-45,38,1979-01-29,ST,Sikh,RENT,50K-75K,Salaried,744,XLG,Trade, 60 months,0.1727,D,D3,DHURI,102-DBS,LUDHIANA,PB,PB,PUNJAB,SANGRUR,1030063,12058-DEEPAK KUMAR,Low,19537,11814,19759,34.9,3014.23,N,N,0,On-Time,0,0,1,2019-01-19,1,Jan-2019
ACC000074,67,MOTIHARI,JLG30K,22796,17749,40196,2019-04-17,Default,Quarterly EMI,520376,MOTIHARI-520376,Kavya Mehta,Female,36-45,37,1979-01-29,ST,Hindu,MORTGAGE,75K-100K,Business,414,XLG,Services, 36 months,0.1065,B,B2,MOTIHARI,209-DBS,PATNA,BR,BR,BIHAR,Motihari,520376,10537-RAGHUVANSH SINGH,Medium,23252,19188,22416,24.23,686.86,N,N,1,On-Time,0,0,1,2018-09-03,0,Apr-2019
ACC000075,15,MAWANA,JLG35K,13708,20110,12289,2017-09-15,Paid Off,Quarterly EMI,800018,MAWANA-800018,Ananya Reddy,Female,36-45,39,1978-05-18,SC,Hindu,RENT,25K-50K,Self-Employed,571,XLG,Trade, 36 months,0.0991,B,B1,MAWANA,176-DBS,BULANDSHAHR,UP,UP,UTTAR PRADESH,MEERUT,800018,11183-ANIL KUMAR,Medium,13317,22064,13411,19.13,3843.94,N,N,2,On-Time,0,0,1,2016-08-29,0,Sep-2017
ACC000076,895,DURGAPUR,JLG30K,29153,45719,34105,2023-04-11,Active,Quarterly EMI,700013,DURGAPUR-700013,Kavya Sharma,Female,26-35,26,1979-01-29,SC,Hindu,RENT,75K-100K,Business,398,XLG,Services, 36 months,0.1065,B,B2,DURGAPUR,201-DBS,HOWRAH,WB,WB,WEST BENGAL,PASCHIM BARDHHAMAN,700013,10037-RAJESH PRATAP,Low,30745,47011,28758,48.99,2623.34,N,N,0,On-Time,0,0,1,2020-09-02,0,Apr-2023
ACC000077,530,VARANASI,JLG35K,7806,41534,13622,2017-07-23,Active,Monthly EMI,1280108,VARANASI-1280108,Kavya Mehta,Female,36-45,45,1973-03-14,General,Muslim,OWN,50K-75K,Business,490,XLG,Trade, 36 months,0.0991,B,B1,VARANASI,176-DBS,VARANASI,UP,UP,UTTAR PRADESH,VARANASI,1280108,10568-RAJU RANJAN RAY,Medium,8582,41327,7598,34.4,1396.08,Y,N,0,On-Time,0,1,1,2017-07-23,1,Jul-2017
ACC000078,596,SIRSA,JLG40K,48100,17717,28836,2022-10-11,Paid Off,Quarterly EMI,730084,SIRSA-730084,Vivaan Patel,Female,46-55,51,1979-01-29,SC,Hindu,MORTGAGE,100K+,Business,375,XLG,Services, 36 months,0.1727,D,D3,SIRSA,206-DBS,KARNAL,HR,HR,HARYANA,SIRSA,730084,10149-ABHISHEK MAURYA,Medium,49479,18292,47668,23.25,2530.17,N,N,2,Very Late,0,0,1,2017-06-07,0,Oct-2022
ACC000079,969,BILASPUR,JLG30K,42701,28482,26568,2022-01-30,Active,Monthly EMI,240005,BILASPUR-240005,Ananya Malhotra,Female,36-45,44,1979-01-29,SC,Hindu,MORTGAGE,<25K,Self-Employed,361,XLG,Services, 36 months,0.1065,B,B2,BILASPUR,207-DBS,RAIPUR,CG,CG,CHATTISGARH,BILASPUR,240005,10886-MANISH KUMAR DWIVEDI,Low,42629,29420,42332,37.89,1408.51,N,Y,1,Late,1,0,1,2022-01-30,1,Jan-2022
ACC000080,803,Mathura,JLG30K,35683,23023,29685,2023-06-15,Active,Quarterly EMI,910182,Mathura-910182,Laksh Malhotra,Female,36-45,38,1979-01-29,ST,Sikh,MORTGAGE,50K-75K,Salaried,485,XLG,Services, 36 months,0.1065,B,B2,Mathura,176-DBS,BULANDSHAHR,UP,UP,UTTAR PRADESH,MATHURA,910182,10469-MANISH  PANDEY,High,35819,24735,35561,45.52,288.86,N,N,0,On-Time,0,0,1,2023-03-13,0,Jun-2023
ACC000081,353,Mathura,JLG35K,28413,27026,10723,2022-12-04,Fully Paid,Quarterly EMI,910182,Mathura-910182,Meera Chopra,Female,46-55,50,1979-01-29,SC,Hindu,RENT,75K-100K,Salaried,726,XLG,Trade, 36 months,0.0991,B,B1,Mathura,176-DBS,BULANDSHAHR,UP,UP,UTTAR PRADESH,MATHURA,910182,10469-MANISH  PANDEY,High,29618,28567,28210,21.08,4954.45,N,Y,1,On-Time,1,0,1,2018-01-17,0,Dec-2022
ACC000082,157,ASANSOL,JLG30K,38388,37541,28911,2019-11-08,Active,Monthly EMI,690076,ASANSOL-690076,Aarav Reddy,Female,46-55,55,1979-01-29,General,Muslim,MORTGAGE,<25K,Self-Employed,750,XLG,Services, 36 months,0.1065,B,B2,ASANSOL,201-DBS,HOWRAH,WB,WB,WEST BENGAL,PASCHIM BARDHHAMAN,690076,10035-ABHAY TOMER,Medium,39331,38801,38349,12.3,1279.07,N,N,0,Late,0,0,1,2018-02-24,0,Nov-2019
ACC000083,908,BEHROR,JLG35K,45039,19247,26170,2021-01-06,Paid Off,Quarterly EMI,30179,BEHROR-30179,Nisha Reddy,Female,26-35,33,1979-01-29,ST,Sikh,RENT,100K+,Business,473,XLG,Trade, 36 months,0.0991,B,B1,BEHROR,301-DBS,JAIPUR,RJ,RJ,RAJASTHAN,BEHROD,30179,10055-MAHESH KUMAR PATEL,Low,46623,21100,44642,43.41,3398.29,N,N,2,Late,0,0,1,2018-01-17,0,Jan-2021
ACC000084,485,MUKTSAR,JLG30K,41935,2903,37536,2019-02-21,Fully Paid,Monthly EMI,1110166,MUKTSAR-1110166,Laksh Gupta,Female,36-45,36,1979-01-29,General,Muslim,OWN,<25K,Business,807,XLG,Services, 36 months,0.1065,B,B2,MUKTSAR,102-DBS,LUDHIANA,PB,PB,PUNJAB,SRI MUKTSAR SAHIB,1110166,11303-ASHUTOSH KUMAR SUMAN,Medium,42373,4338,41607,35.78,163.41,N,N,1,On-Time,0,0,1,2019-02-21,1,Feb-2019
ACC000085,546,CUTTACK,JLG44K,2803,37452,37588,2016-08-24,Default,Quarterly EMI,630081,CUTTACK-630081,Kavya Gupta,Female,36-45,39,1979-01-29,OBC,Hindu,RENT,50K-75K,Salaried,692,XLG,Home Loan, 36 months,0.0662,A,A2,CUTTACK,107-DBS,BHUBANESWAR,OR,OR,ODISHA,CUTTACK,630081,12061-PINAKAPANI KANUNGO,High,4082,39157,2799,0.76,1184.5,N,N,1,On-Time,0,0,1,2016-08-11,0,Aug-2016
ACC000086,346,MUKTSAR,JLG40K,10849,25823,2282,2018-02-22,Paid Off,Monthly EMI,1110166,MUKTSAR-1110166,Nisha Joshi,Female,46-55,48,1979-01-29,General,Hindu,MORTGAGE,50K-75K,Business,657,XLG,Services, 36 months,0.1727,D,D3,MUKTSAR,102-DBS,LUDHIANA,PB,PB,PUNJAB,SRI MUKTSAR SAHIB,1110166,11303-ASHUTOSH KUMAR SUMAN,Medium,12029,26751,10844,12.11,4890.11,N,N,0,Late,0,0,1,2018-02-22,1,Feb-2018
ACC000087,397,FATEHGARH SAHIB,JLG44K,15846,48444,35742,2022-02-02,Default,Monthly EMI,120676,FATEHGARH SAHIB-120676,Meera Nair,Female,46-55,50,1979-01-29,ST,Sikh,RENT,25K-50K,Business,664,XLG,Home Loan, 36 months,0.0662,A,A2,FATEHGARH SAHIB,102-DBS,LUDHIANA,PB,PB,PUNJAB,FATEHGARH SAHIB,120676,10037-RAJESH PRATAP,Medium,17045,49983,15831,23.6,2156.97,N,N,1,On-Time,0,0,1,2022-02-02,1,Feb-2022
ACC000088,554,SANGRUR,JLG35K,8596,40562,12942,2021-07-03,Fully Paid,Monthly EMI,110159,SANGRUR-110159,Ananya Reddy,Female,18-25,22,1979-01-29,General,Hindu,MORTGAGE,75K-100K,Business,640,XLG,Trade, 36 months,0.0991,B,B1,SANGRUR,102-DBS,LUDHIANA,PB,PB,PUNJAB,SANGRUR,110159,10037-RAJESH PRATAP,Low,10072,40793,8157,46.11,1665.4,N,N,2,Very Late,0,0,1,2021-07-03,1,Jul-2021
ACC000089,907,SANGRUR,JLG30K,40133,17502,36178,2018-10-11,Active,Monthly EMI,110159,SANGRUR-110159,Aarav Gupta,Female,26-35,27,1979-01-29,SC,Hindu,OWN,100K+,Salaried,693,XLG,Services, 36 months,0.1065,B,B2,SANGRUR,102-DBS,LUDHIANA,PB,PB,PUNJAB,SANGRUR,110159,10037-RAJESH PRATAP,Low,41274,18702,39677,21.0,4974.77,N,N,0,Late,0,0,1,2018-10-11,1,Oct-2018
ACC000090,275,BILASPUR,JLG35K,49273,41031,19438,2023-06-27,Fully Paid,Monthly EMI,240005,BILASPUR-240005,Nisha Reddy,Female,36-45,38,1979-01-29,General,Muslim,RENT,50K-75K,Self-Employed,755,XLG,Trade, 36 months,0.0991,B,B1,BILASPUR,207-DBS,RAIPUR,CG,CG,CHATTISGARH,BILASPUR,240005,10886-MANISH KUMAR DWIVEDI,Low,51087,41935,49123,30.24,4157.18,N,N,2,On-Time,0,0,1,2017-12-12,0,Jun-2023
ACC000091,455,MADHUBANI,JLG46K,38086,47958,30455,2016-01-02,Default,Monthly EMI,1140044,MADHUBANI-1140044,Aditya Mehta,Female,46-55,46,1979-01-29,Minority,Muslim,RENT,<25K,Business,708,XLG,Home Loan, 36 months,0.1825,D,D5,MADHUBANI,209-DBS,PATNA,BR,BR,BIHAR,MADHUBANI,1140044,10514-MANISH KUMAR MISHRA,Medium,38241,48514,37657,11.74,564.87,N,N,0,On-Time,0,0,1,2016-01-02,1,Jan-2016
ACC000092,359,SIRSA,JLG50K,8625,44836,6155,2017-11-07,Paid Off,Monthly EMI,730084,SIRSA-730084,Vivaan Verma,Female,46-55,52,1979-01-29,ST,Sikh,RENT,100K+,Salaried,626,XLG,Home Loan, 60 months,0.1991,E,E4,SIRSA,206-DBS,KARNAL,HR,HR,HARYANA,SIRSA,730084,10149-ABHISHEK MAURYA,Medium,9907,45933,8220,45.56,495.11,N,N,1,On-Time,0,0,1,2017-11-07,1,Nov-2017
ACC000093,885,KAROND,JLG35K,23461,38512,7783,2015-07-10,Active,Quarterly EMI,1320004,KAROND-1320004,Diya Reddy,Female,36-45,36,1979-01-29,SC,Hindu,MORTGAGE,25K-50K,Business,796,XLG,Trade, 36 months,0.0991,B,B1,KAROND,200-DBS,BHOPAL,MP,MP,MADHYA PRADESH,BHOPAL,1320004,12758-ROHIT KUMAR JAISWAL,Medium,24893,39147,23214,46.63,2088.59,N,N,1,Very Late,0,0,1,2015-07-10,1,Jul-2015
ACC000094,158,Mangaldoi,JLG30K,38800,2402,37939,2021-04-27,Paid Off,Quarterly EMI,570241,Mangaldoi-570241,Vivaan Gupta,Female,56-63,57,1979-01-29,General,Muslim,RENT,75K-100K,Business,472,XLG,Services, 36 months,0.1065,B,B2,Mangaldoi,208-DBS,GUWAAHATI,AS,AS,ASSAM,Mangaldoi,570241,10961-NAYAN JYOTI SARMAH,Low,39264,3803,38610,27.3,3449.13,N,N,1,On-Time,0,0,1,2018-09-23,0,Apr-2021
ACC000095,159,NIMAPADA,JLG30K,43418,19352,40319,2019-12-20,Default,Quarterly EMI,440052,NIMAPADA-440052,Vivaan Nair,Female,46-55,49,1979-01-29,General,Muslim,RENT,100K+,Salaried,519,XLG,Services, 36 months,0.1065,B,B2,NIMAPADA,107-DBS,BHUBANESWAR,OR,OR,ODISHA,NIMAPADA,440052,12004-SAMIR RANJAN SUTRADHAR,High,43731,19405,43050,17.01,4756.91,N,N,2,On-Time,0,0,1,2016-06-09,0,Dec-2019
ACC000096,316,MAHASAMUND,JLG35K,47244,13513,41851,2020-02-28,Paid Off,Monthly EMI,250029,MAHASAMUND-250029,Ishaan Malhotra,Female,18-25,22,1979-01-29,OBC,Hindu,RENT,75K-100K,Salaried,679,XLG,Trade, 36 months,0.0991,B,B1,MAHASAMUND,207-DBS,RAIPUR,CG,CG,CHATTISGARH,MAHASAMUND,250029,11640-NITISH KUMAR,High,47437,13933,47017,13.51,2979.46,N,N,0,Late,0,0,1,2017-07-23,0,Feb-2020
ACC000097,780,DURGAPUR,JLG46K,46435,16601,4858,2016-10-23,Paid Off,Quarterly EMI,700013,DURGAPUR-700013,Aditya Verma,Female,36-45,40,1979-01-29,Minority,Muslim,RENT,50K-75K,Salaried,714,XLG,Home Loan, 36 months,0.1825,D,D5,DURGAPUR,201-DBS,HOWRAH,WB,WB,WEST BENGAL,PASCHIM BARDHHAMAN,700013,10037-RAJESH PRATAP,Low,46023,17901,45978,28.26,2480.73,N,N,1,Late,0,0,1,2016-10-23,1,Oct-2016
ACC000098,27,MUKTSAR,JLG35K,45010,28918,3163,2021-02-28,Active,Monthly EMI,1110166,MUKTSAR-1110166,Kavya Sharma,Female,36-45,42,1975-08-16,General,Hindu,MORTGAGE,50K-75K,Salaried,393,XLG,Trade, 36 months,0.0991,B,B1,MUKTSAR,102-DBS,LUDHIANA,PB,PB,PUNJAB,SRI MUKTSAR SAHIB,1110166,11303-ASHUTOSH KUMAR SUMAN,Medium,46000,30770,44731,49.04,340.85,N,N,0,On-Time,0,0,1,2017-03-28,0,Feb-2021
ACC000099,631,TEZPUR,JLG30K,6560,18644,2792,2021-07-28,Paid Off,Quarterly EMI,680026,TEZPUR-680026,Aarav Malhotra,Female,46-55,47,1979-01-29,Minority,Muslim,RENT,<25K,Salaried,526,XLG,Services, 36 months,0.1065,B,B2,TEZPUR,208-DBS,GUWAAHATI,AS,AS,ASSAM,SONITPUR,680026,11055-MANAS PROTIM HAZARIKA,Medium,7300,18285,6147,22.71,2516.37,Y,Y,0,On-Time,1,1,1,2021-07-28,1,Jul-2021
ACC000100,72,DHURI,JLG30K,30392,38070,43089,2016-08-23,Active,Monthly EMI,1030063,DHURI-1030063,Ananya Sharma,Female,26-35,29,1979-01-29,General,Hindu,MORTGAGE,<25K,Self-Employed,712,XLG,Services, 36 months,0.1065,B,B2,DHURI,102-DBS,LUDHIANA,PB,PB,PUNJAB,SANGRUR,1030063,12058-DEEPAK KUMAR,Low,31310,38929,30169,30.61,811.22,N,N,1,Late,0,0,1,2016-08-23,1,Aug-2016
ACC000101,665,Mathura,JLG46K,17767,29518,10124,2018-03-22,Paid Off,Quarterly EMI,910182,Mathura-910182,Diya Joshi,Female,36-45,43,1979-01-29,SC,Christian,RENT,50K-75K,Self-Employed,645,XLG,Home Loan, 36 months,0.1825,D,D5,Mathura,176-DBS,BULANDSHAHR,UP,UP,UTTAR PRADESH,MATHURA,910182,10469-MANISH  PANDEY,High,18772,29635,17397,41.7,826.95,N,N,2,On-Time,0,0,1,2018-03-22,1,Mar-2018
ACC000102,788,SIWAN,JLG30K,36062,49077,33824,2017-04-23,Active,Monthly EMI,790102,SIWAN-790102,Ishaan Joshi,Female,36-45,43,1979-01-29,General,Hindu,RENT,100K+,Salaried,675,XLG,Services, 36 months,0.1065,B,B2,SIWAN,209-DBS,PATNA,BR,BR,BIHAR,SIWAN,790102,10827-AJEET KUMAR PANDEY,Medium,36277,49908,36045,1.75,3594.26,Y,N,2,Very Late,0,1,1,2015-06-17,0,Apr-2017
ACC000103,34,DHURI,JLG35K,5311,6270,42683,2017-09-26,Paid Off,Quarterly EMI,1030063,DHURI-1030063,Kavya Chopra,Female,18-25,23,1979-01-29,General,Hindu,RENT,75K-100K,Business,588,XLG,Trade, 36 months,0.0991,B,B1,DHURI,102-DBS,LUDHIANA,PB,PB,PUNJAB,SANGRUR,1030063,12058-DEEPAK KUMAR,Low,4967,8195,5162,20.58,4237.46,Y,N,0,Late,0,1,1,2017-09-26,1,Sep-2017
ACC000104,898,CHHAPRA,JLG35K,38741,37988,20373,2017-12-11,Paid Off,Monthly EMI,380112,CHHAPRA-380112,Nisha Malhotra,Female,36-45,36,1979-01-29,SC,Hindu,MORTGAGE,100K+,Self-Employed,489,XLG,Trade, 36 months,0.0991,B,B1,CHHAPRA,209-DBS,PATNA,BR,BR,BIHAR,CHHAPRA,380112,11867-VIKRANT KUMAR VICKY,High,38682,38937,38329,49.68,1438.12,N,N,1,On-Time,0,0,1,2015-03-31,0,Dec-2017
ACC000105,371,CUTTACK,JLG35K,15885,36925,27523,2016-07-08,Default,Quarterly EMI,630081,CUTTACK-630081,Aditya Mehta,Female,36-45,38,1979-01-29,SC,Hindu,OWN,25K-50K,Business,696,XLG,Trade, 36 months,0.0991,B,B1,CUTTACK,107-DBS,BHUBANESWAR,OR,OR,ODISHA,CUTTACK,630081,12061-PINAKAPANI KANUNGO,High,15940,38201,15508,9.66,3110.55,N,N,0,Late,0,0,1,2016-07-08,1,Jul-2016
ACC000106,779,KAROND,JLG50K,30946,43638,23581,2023-11-30,Fully Paid,Monthly EMI,1320004,KAROND-1320004,Meera Gupta,Female,46-55,55,1979-01-29,ST,Christian,RENT,100K+,Business,773,XLG,Home Loan, 60 months,0.1991,E,E4,KAROND,200-DBS,BHOPAL,MP,MP,MADHYA PRADESH,BHOPAL,1320004,12758-ROHIT KUMAR JAISWAL,Medium,31241,44493,30906,40.72,1825.7,N,N,1,On-Time,0,0,1,2015-03-25,0,Nov-2023
ACC000107,729,Mathura,JLG30K,14762,16751,14813,2021-01-11,Fully Paid,Monthly EMI,910182,Mathura-910182,Kavya Mehta,Female,36-45,45,1973-03-14,General,Muslim,OWN,50K-75K,Business,490,XLG,Services, 36 months,0.1065,B,B2,Mathura,176-DBS,BULANDSHAHR,UP,UP,UTTAR PRADESH,MATHURA,910182,10469-MANISH  PANDEY,High,15653,16632,14636,8.85,3094.82,N,N,0,Very Late,0,0,1,2016-01-08,0,Jan-2021
ACC000108,318,MUKTSAR,JLG44K,14845,25785,4584,2016-04-27,Fully Paid,Monthly EMI,1110166,MUKTSAR-1110166,Laksh Sharma,Female,26-35,31,1979-01-29,SC,Hindu,RENT,100K+,Self-Employed,672,XLG,Home Loan, 36 months,0.0662,A,A2,MUKTSAR,102-DBS,LUDHIANA,PB,PB,PUNJAB,SRI MUKTSAR SAHIB,1110166,11303-ASHUTOSH KUMAR SUMAN,Medium,14780,26389,14837,32.27,1529.72,N,N,1,Very Late,0,0,1,2015-02-17,0,Apr-2016
ACC000109,565,SANGRUR,JLG30K,29025,15606,41466,2020-09-17,Fully Paid,Monthly EMI,110159,SANGRUR-110159,Vivaan Nair,Female,46-55,49,1979-01-29,General,Muslim,RENT,100K+,Salaried,519,XLG,Services, 36 months,0.1065,B,B2,SANGRUR,102-DBS,LUDHIANA,PB,PB,PUNJAB,SANGRUR,110159,10037-RAJESH PRATAP,Low,29103,16810,28920,2.69,1688.41,N,N,2,Very Late,0,0,1,2019-10-24,0,Sep-2020
ACC000110,976,MAWANA,JLG30K,45364,35615,12205,2018-06-03,Fully Paid,Monthly EMI,800018,MAWANA-800018,Meera Patel,Female,26-35,28,1991-03-29,ST,Sikh,RENT,25K-50K,Salaried,432,XLG,Services, 36 months,0.1065,B,B2,MAWANA,176-DBS,BULANDSHAHR,UP,UP,UTTAR PRADESH,MEERUT,800018,11183-ANIL KUMAR,Medium,46892,35391,45000,0.49,1458.41,N,Y,0,On-Time,1,0,1,2018-06-03,1,Jun-2018
ACC000111,499,ASANSOL,JLG35K,30743,36969,28050,2019-05-15,Default,Monthly EMI,690076,ASANSOL-690076,Meera Chopra,Female,46-55,53,1979-01-29,ST,Sikh,RENT,75K-100K,Business,551,XLG,Trade, 36 months,0.0991,B,B1,ASANSOL,201-DBS,HOWRAH,WB,WB,WEST BENGAL,PASCHIM BARDHHAMAN,690076,10035-ABHAY TOMER,Medium,30266,37958,30398,31.45,2133.68,N,N,2,On-Time,0,0,1,2019-05-15,1,May-2019
ACC000112,903,BULANDSHAHR,JLG50K,42814,46638,9967,2020-10-13,Paid Off,Quarterly EMI,10068,BULANDSHAHR-10068,Kavya Reddy,Female,46-55,49,1979-01-29,Minority,Muslim,RENT,<25K,Salaried,442,XLG,Home Loan, 60 months,0.1991,E,E4,BULANDSHAHR,176-DBS,BULANDSHAHR,UP,UP,UTTAR PRADESH,BULANDSHAHAR,10068,10057-NANDI SHANKAR,High,42601,48193,42463,32.03,425.64,N,N,2,Late,0,0,1,2016-02-27,0,Oct-2020
ACC000113,917,Mathura,JLG35K,5157,45503,43551,2019-07-26,Active,Quarterly EMI,910182,Mathura-910182,Laksh Reddy,Female,26-35,29,1979-01-29,OBC,Hindu,RENT,75K-100K,Business,311,XLG,Trade, 36 months,0.0991,B,B1,Mathura,176-DBS,BULANDSHAHR,UP,UP,UTTAR PRADESH,MATHURA,910182,10469-MANISH  PANDEY,High,6608,46485,5035,3.9,1591.16,N,N,2,On-Time,0,0,1,2019-07-26,1,Jul-2019
ACC000114,561,DURGAPUR,JLG30K,3615,27605,7426,2019-02-02,Active,Monthly EMI,700013,DURGAPUR-700013,Ananya Patel,Female,36-45,43,1979-01-29,Minority,Muslim,RENT,75K-100K,Salaried,558,XLG,Services, 36 months,0.1065,B,B2,DURGAPUR,201-DBS,HOWRAH,WB,WB,WEST BENGAL,PASCHIM BARDHHAMAN,700013,10037-RAJESH PRATAP,Low,4267,28761,3271,34.85,2882.6,N,N,0,Late,0,0,1,2019-02-02,1,Feb-2019
ACC000115,326,PATIALA,JLG35K,18154,7711,29945,2019-11-30,Paid Off,Quarterly EMI,100186,PATIALA-100186,Ananya Nair,Female,36-45,44,1979-01-29,ST,Sikh,RENT,50K-75K,Self-Employed,638,XLG,Trade, 36 months,0.0991,B,B1,PATIALA,102-DBS,LUDHIANA,PB,PB,PUNJAB,PATIALA,100186,10420-MUNENDRA  SINGH,Medium,18374,7512,17788,1.46,420.35,N,N,2,On-Time,0,0,1,2017-09-25,0,Nov-2019
ACC000116,971,BEHROR,JLG46K,27156,35606,44860,2016-01-05,Paid Off,Monthly EMI,30179,BEHROR-30179,Ishaan Mehta,Female,26-35,31,1979-01-29,ST,Sikh,RENT,50K-75K,Business,696,XLG,Home Loan, 36 months,0.1825,D,D5,BEHROR,301-DBS,JAIPUR,RJ,RJ,RAJASTHAN,BEHROD,30179,10055-MAHESH KUMAR PATEL,Low,28293,36969,27103,3.88,2362.56,N,N,0,On-Time,0,0,1,2015-08-13,0,Jan-2016
ACC000117,468,MUKTSAR,JLG35K,13516,19847,31820,2015-11-15,Paid Off,Quarterly EMI,1110166,MUKTSAR-1110166,Laksh Mehta,Female,36-45,44,1975-07-28,General,Muslim,RENT,50K-75K,Salaried,425,XLG,Trade, 36 months,0.0991,B,B1,MUKTSAR,102-DBS,LUDHIANA,PB,PB,PUNJAB,SRI MUKTSAR SAHIB,1110166,11303-ASHUTOSH KUMAR SUMAN,Medium,13789,21216,13391,35.57,4050.23,N,N,2,Very Late,0,0,1,2015-11-15,1,Nov-2015
ACC000118,456,MODINAGAR,JLG30K,40976,13672,26721,2015-06-22,Paid Off,Monthly EMI,410521,MODINAGAR-410521,Kavya Malhotra,Female,36-45,41,1979-01-29,OBC,Hindu,RENT,25K-50K,Salaried,495,XLG,Services, 36 months,0.1065,B,B2,MODINAGAR,176-DBS,BULANDSHAHR,UP,UP,UTTAR PRADESH,MODINAGAR,410521,12116-ANIL KUMAR,Low,41574,15649,40973,16.88,3810.98,N,N,1,On-Time,0,0,1,2015-06-22,1,Jun-2015
ACC000119,331,BEHROR,JLG30K,48333,3623,23997,2022-05-21,Fully Paid,Quarterly EMI,30179,BEHROR-30179,Nisha Patel,Female,36-45,43,1979-01-29,OBC,Hindu,RENT,75K-100K,Self-Employed,798,XLG,Services, 36 months,0.1065,B,B2,BEHROR,301-DBS,JAIPUR,RJ,RJ,RAJASTHAN,BEHROD,30179,10055-MAHESH KUMAR PATEL,Low,48981,5016,48077,44.95,3783.19,N,N,1,Late,0,0,1,2022-05-21,1,May-2022
ACC000120,69,SANGRUR,JLG35K,46816,23532,6156,2020-06-15,Default,Quarterly EMI,110159,SANGRUR-110159,Nisha Patel,Female,18-25,21,1979-01-29,General,Hindu,RENT,25K-50K,Salaried,800,XLG,Trade, 36 months,0.0991,B,B1,SANGRUR,102-DBS,LUDHIANA,PB,PB,PUNJAB,SANGRUR,110159,10037-RAJESH PRATAP,Low,46590,24205,46793,33.78,2799.91,N,N,1,On-Time,0,0,1,2016-03-27,0,Jun-2020
ACC000121,657,BULANDSHAHR,JLG35K,39663,21498,7443,2015-01-13,Fully Paid,Quarterly EMI,10068,BULANDSHAHR-10068,Meera Verma,Female,46-55,47,1979-01-29,SC,Hindu,RENT,75K-100K,Business,546,XLG,Trade, 36 months,0.0991,B,B1,BULANDSHAHR,176-DBS,BULANDSHAHR,UP,UP,UTTAR PRADESH,BULANDSHAHAR,10068,10057-NANDI SHANKAR,High,39913,21532,39254,11.35,2243.98,N,N,1,On-Time,0,0,1,2015-01-13,1,Jan-2015
ACC000122,587,JALANDHAR,JLG40K,30284,14355,28590,2017-07-19,Default,Quarterly EMI,160051,JALANDHAR-160051,Kavya Reddy,Female,56-63,59,1979-01-29,General,Muslim,RENT,50K-75K,Salaried,775,XLG,Services, 36 months,0.1727,D,D3,JALANDHAR,102-DBS,LUDHIANA,PB,PB,PUNJAB,JALANDHAR,160051,10067-AKSHAY KUMAR,Low,31607,15711,30284,28.51,4856.14,N,N,2,On-Time,0,0,1,2017-07-19,1,Jul-2017
ACC000123,249,Mangaldoi,JLG35K,7784,34797,1932,2018-08-30,Fully Paid,Monthly EMI,570241,Mangaldoi-570241,Meera Chopra,Female,46-55,50,1979-01-29,SC,Hindu,RENT,75K-100K,Salaried,726,XLG,Trade, 36 months,0.0991,B,B1,Mangaldoi,208-DBS,GUWAAHATI,AS,AS,ASSAM,Mangaldoi,570241,10961-NAYAN JYOTI SARMAH,Low,9286,35103,7767,31.5,799.56,N,N,0,On-Time,0,0,1,2018-08-30,1,Aug-2018
ACC000124,254,JAMMU,JLG46K,15471,15637,3883,2015-07-07,Fully Paid,Monthly EMI,720081,JAMMU-720081,Laksh Patel,Female,26-35,28,1979-01-29,SC,Hindu,MORTGAGE,75K-100K,Business,844,XLG,Home Loan, 36 months,0.1825,D,D5,JAMMU,201-DBS,LUDHIANA,JK,JK,JAMMU & KASHMIR,JAMMU,720081,10588-POONAM DEVI,High,15591,16847,15252,34.95,1531.97,N,N,2,On-Time,0,0,1,2015-07-07,1,Jul-2015
ACC000125,326,SANGRUR,JLG30K,35470,42124,33803,2019-07-25,Fully Paid,Quarterly EMI,110159,SANGRUR-110159,Ananya Nair,Female,36-45,44,1979-01-29,ST,Sikh,RENT,50K-75K,Self-Employed,638,XLG,Services, 36 months,0.1065,B,B2,SANGRUR,102-DBS,LUDHIANA,PB,PB,PUNJAB,SANGRUR,110159,10037-RAJESH PRATAP,Low,36291,42790,35170,26.33,683.41,N,N,0,On-Time,0,0,1,2017-09-25,0,Jul-2019
ACC000126,671,SANGRUR,JLG35K,38395,33167,29039,2018-02-25,Fully Paid,Quarterly EMI,110159,SANGRUR-110159,Ananya Mehta,Female,36-45,38,1979-01-29,ST,Sikh,RENT,25K-50K,Salaried,398,XLG,Trade, 36 months,0.0991,B,B1,SANGRUR,102-DBS,LUDHIANA,PB,PB,PUNJAB,SANGRUR,110159,10037-RAJESH PRATAP,Low,38641,32774,38268,33.99,1409.91,N,N,2,On-Time,0,0,1,2017-12-24,0,Feb-2018
ACC000127,945,CHHATA,JLG30K,29122,38079,38159,2018-09-24,Fully Paid,Quarterly EMI,910020,CHHATA-910020,Meera Patel,Female,26-35,28,1979-01-29,SC,Hindu,RENT,25K-50K,Business,385,XLG,Services, 36 months,0.1065,B,B2,CHHATA,176-DBS,BULANDSHAHR,UP,UP,UTTAR PRADESH,MATHURA,910020,10047-ANIL KUMAR,High,30604,38275,29107,11.87,316.27,N,N,1,On-Time,0,0,1,2015-10-02,0,Sep-2018
ACC000128,134,Mangaldoi,JLG30K,12754,12650,19601,2021-01-28,Fully Paid,Monthly EMI,570241,Mangaldoi-570241,Kavya Malhotra,Female,26-35,34,1979-01-29,ST,Sikh,MORTGAGE,75K-100K,Business,328,XLG,Services, 36 months,0.1065,B,B2,Mangaldoi,208-DBS,GUWAAHATI,AS,AS,ASSAM,Mangaldoi,570241,10961-NAYAN JYOTI SARMAH,Low,13060,12705,12669,42.36,1842.42,N,N,1,On-Time,0,0,1,2021-01-28,1,Jan-2021
ACC000129,802,DURGAPUR,JLG35K,47703,38287,30251,2022-06-02,Paid Off,Monthly EMI,700013,DURGAPUR-700013,Laksh Sharma,Female,46-55,46,1979-01-29,Minority,Muslim,RENT,<25K,Self-Employed,512,XLG,Trade, 36 months,0.0991,B,B1,DURGAPUR,201-DBS,HOWRAH,WB,WB,WEST BENGAL,PASCHIM BARDHHAMAN,700013,10037-RAJESH PRATAP,Low,48468,39915,47674,13.25,1882.53,N,N,0,Very Late,0,0,1,2022-06-02,1,Jun-2022
ACC000130,956,ASANSOL,JLG30K,29087,22277,35757,2022-07-17,Active,Quarterly EMI,690076,ASANSOL-690076,Kavya Mehta,Female,26-35,31,1979-01-29,ST,Muslim,RENT,<25K,Self-Employed,466,XLG,Services, 36 months,0.1065,B,B2,ASANSOL,201-DBS,HOWRAH,WB,WB,WEST BENGAL,PASCHIM BARDHHAMAN,690076,10035-ABHAY TOMER,Medium,30123,21806,28946,7.79,1144.33,N,N,0,On-Time,0,0,1,2015-09-11,0,Jul-2022
ACC000131,995,FATEHGARH SAHIB,JLG35K,37790,10941,6165,2016-01-04,Paid Off,Quarterly EMI,120676,FATEHGARH SAHIB-120676,Ananya Reddy,Female,26-35,29,1979-01-29,ST,Sikh,RENT,100K+,Salaried,324,XLG,Trade, 36 months,0.0991,B,B1,FATEHGARH SAHIB,102-DBS,LUDHIANA,PB,PB,PUNJAB,FATEHGARH SAHIB,120676,10037-RAJESH PRATAP,Medium,38492,11634,37424,23.33,2627.79,N,N,2,On-Time,0,0,1,2016-01-04,1,Jan-2016
ACC000132,420,BEHROR,JLG35K,13518,15004,16744,2017-01-12,Active,Quarterly EMI,30179,BEHROR-30179,Vivaan Reddy,Female,36-45,37,1979-01-29,OBC,Hindu,RENT,25K-50K,Salaried,426,XLG,Trade, 36 months,0.0991,B,B1,BEHROR,301-DBS,JAIPUR,RJ,RJ,RAJASTHAN,BEHROD,30179,10055-MAHESH KUMAR PATEL,Low,13933,16645,13356,12.68,1452.86,N,N,1,Late,0,0,1,2016-09-28,0,Jan-2017
ACC000133,135,DHURI,JLG30K,8280,38488,31619,2023-10-26,Active,Monthly EMI,1030063,DHURI-1030063,Meera Verma,Female,26-35,34,1979-01-29,ST,Sikh,RENT,100K+,Self-Employed,464,XLG,Services, 36 months,0.1065,B,B2,DHURI,102-DBS,LUDHIANA,PB,PB,PUNJAB,SANGRUR,1030063,12058-DEEPAK KUMAR,Low,7896,38513,7906,48.0,781.11,N,N,0,Very Late,0,0,1,2015-05-28,0,Oct-2023
ACC000134,446,BEHROR,JLG30K,18025,49700,34731,2023-11-06,Paid Off,Quarterly EMI,30179,BEHROR-30179,Ananya Malhotra,Female,36-45,44,1979-01-29,SC,Hindu,MORTGAGE,<25K,Self-Employed,361,XLG,Services, 36 months,0.1065,B,B2,BEHROR,301-DBS,JAIPUR,RJ,RJ,RAJASTHAN,BEHROD,30179,10055-MAHESH KUMAR PATEL,Low,19331,51088,17957,37.25,3681.93,N,N,0,On-Time,0,0,1,2018-03-15,0,Nov-2023
ACC000135,497,Mathura,JLG30K,2346,7090,5541,2023-12-01,Fully Paid,Quarterly EMI,910182,Mathura-910182,Vivaan Gupta,Female,46-55,46,1979-01-29,ST,Sikh,OWN,75K-100K,Business,481,XLG,Services, 36 months,0.1065,B,B2,Mathura,176-DBS,BULANDSHAHR,UP,UP,UTTAR PRADESH,MATHURA,910182,10469-MANISH  PANDEY,High,4185,9054,2161,47.97,3980.2,N,N,0,On-Time,0,0,1,2016-11-26,0,Dec-2023
ACC000136,711,MUKTSAR,JLG30K,32919,2290,6374,2020-10-21,Default,Quarterly EMI,1110166,MUKTSAR-1110166,Aditya Verma,Female,36-45,40,1979-01-29,Minority,Muslim,RENT,50K-75K,Salaried,714,XLG,Services, 36 months,0.1065,B,B2,MUKTSAR,102-DBS,LUDHIANA,PB,PB,PUNJAB,SRI MUKTSAR SAHIB,1110166,11303-ASHUTOSH KUMAR SUMAN,Medium,33277,3090,32540,38.72,237.3,N,N,2,On-Time,0,0,1,2018-03-06,0,Oct-2020
ACC000137,299,BUXAR,JLG35K,10001,28444,21252,2021-12-13,Active,Quarterly EMI,710002,BUXAR-710002,Meera Verma,Female,46-55,47,1979-01-29,SC,Hindu,RENT,75K-100K,Business,546,XLG,Trade, 36 months,0.0991,B,B1,BUXAR,209-DBS,PATNA,BR,BR,BIHAR,BUXAR,710002,10055-MAHESH KUMAR PATEL,Medium,11253,29235,9702,32.33,3154.45,N,N,1,On-Time,0,0,1,2015-09-12,0,Dec-2021
ACC000138,301,MAWANA,JLG30K,35726,32404,7175,2020-04-08,Default,Monthly EMI,800018,MAWANA-800018,Aditya Reddy,Female,26-35,29,1979-01-29,General,Muslim,RENT,50K-75K,Business,647,XLG,Services, 36 months,0.1065,B,B2,MAWANA,176-DBS,BULANDSHAHR,UP,UP,UTTAR PRADESH,MEERUT,800018,11183-ANIL KUMAR,Medium,36075,33334,35420,7.17,4954.27,N,N,1,On-Time,0,0,1,2020-04-08,1,Apr-2020
ACC000139,922,SANGRUR,JLG30K,26756,10648,27186,2018-06-17,Fully Paid,Quarterly EMI,110159,SANGRUR-110159,Nisha Joshi,Female,46-55,48,1979-01-29,General,Hindu,MORTGAGE,50K-75K,Business,657,XLG,Services, 36 months,0.1065,B,B2,SANGRUR,102-DBS,LUDHIANA,PB,PB,PUNJAB,SANGRUR,110159,10037-RAJESH PRATAP,Low,27934,10355,26292,13.28,4271.36,N,N,2,On-Time,0,0,1,2015-02-10,0,Jun-2018
ACC000140,664,Mathura,JLG30K,49455,48436,29406,2020-01-05,Paid Off,Monthly EMI,910182,Mathura-910182,Kavya Reddy,Female,26-35,35,1979-01-29,General,Hindu,RENT,50K-75K,Salaried,656,XLG,Services, 36 months,0.1065,B,B2,Mathura,176-DBS,BULANDSHAHR,UP,UP,UTTAR PRADESH,MATHURA,910182,10469-MANISH  PANDEY,High,50310,50244,49093,26.37,3765.53,N,Y,1,On-Time,1,0,1,2019-04-09,0,Jan-2020
ACC000141,761,ASANSOL,JLG30K,45047,18515,39034,2021-02-18,Fully Paid,Monthly EMI,690076,ASANSOL-690076,Kavya Chopra,Female,36-45,43,1979-01-29,General,Muslim,OWN,100K+,Business,300,XLG,Services, 36 months,0.1065,B,B2,ASANSOL,201-DBS,HOWRAH,WB,WB,WEST BENGAL,PASCHIM BARDHHAMAN,690076,10035-ABHAY TOMER,Medium,45160,19145,44661,42.08,4793.64,N,N,0,On-Time,0,0,1,2017-09-26,0,Feb-2021
ACC000142,417,NEEM KA THANA,JLG35K,6864,24499,19291,2022-02-18,Fully Paid,Quarterly EMI,80001,NEEM KA THANA-80001,Nisha Joshi,Female,26-35,35,1979-01-29,ST,Sikh,RENT,<25K,Business,697,XLG,Trade, 36 months,0.0991,B,B1,NEEM KA THANA,301-DBS,JAIPUR,RJ,RJ,RAJASTHAN,NEEM KA THANA,80001,10043-RAVI MISHRA,High,8351,25120,6798,7.02,2698.96,Y,N,2,On-Time,0,1,1,2019-02-11,0,Feb-2022
ACC000143,806,SANGRUR,JLG30K,12820,22876,40557,2017-05-11,Active,Monthly EMI,110159,SANGRUR-110159,Laksh Reddy,Female,26-35,31,1979-01-29,SC,Hindu,RENT,25K-50K,Salaried,315,XLG,Services, 36 months,0.1065,B,B2,SANGRUR,102-DBS,LUDHIANA,PB,PB,PUNJAB,SANGRUR,110159,10037-RAJESH PRATAP,Low,12963,23132,12716,11.0,3999.12,N,N,2,Late,0,0,1,2017-05-11,1,May-2017
ACC000144,397,PAOTA,JLG35K,19235,41455,20303,2022-06-07,Fully Paid,Quarterly EMI,90149,PAOTA-90149,Meera Nair,Female,46-55,50,1979-01-29,ST,Sikh,RENT,25K-50K,Business,664,XLG,Trade, 36 months,0.0991,B,B1,PAOTA,301-DBS,JAIPUR,RJ,RJ,RAJASTHAN,jaipur,90149,10043-RAVI MISHRA,Low,21076,42754,18935,9.82,4488.69,N,N,2,On-Time,0,0,1,2022-02-02,0,Jun-2022
ACC000145,157,Mangaldoi,JLG30K,16674,38123,37000,2018-02-24,Fully Paid,Monthly EMI,570241,Mangaldoi-570241,Aarav Reddy,Female,46-55,55,1979-01-29,General,Muslim,MORTGAGE,<25K,Self-Employed,750,XLG,Services, 36 months,0.1065,B,B2,Mangaldoi,208-DBS,GUWAAHATI,AS,AS,ASSAM,Mangaldoi,570241,10961-NAYAN JYOTI SARMAH,Low,18197,38892,16317,4.62,2410.31,N,N,1,On-Time,0,0,1,2018-02-24,1,Feb-2018
ACC000146,513,NEEM KA THANA,JLG30K,12033,40061,28377,2017-05-02,Paid Off,Quarterly EMI,80001,NEEM KA THANA-80001,Kavya Reddy,Female,56-63,59,1979-01-29,General,Muslim,RENT,50K-75K,Salaried,775,XLG,Services, 36 months,0.1065,B,B2,NEEM KA THANA,301-DBS,JAIPUR,RJ,RJ,RAJASTHAN,NEEM KA THANA,80001,10043-RAVI MISHRA,High,11755,39711,11776,24.32,3410.48,N,N,1,On-Time,0,0,1,2017-05-02,1,May-2017
ACC000147,848,BULANDSHAHR,JLG35K,40850,10284,34745,2015-08-26,Active,Quarterly EMI,10068,BULANDSHAHR-10068,Nisha Reddy,Female,36-45,38,1979-01-29,General,Muslim,RENT,50K-75K,Self-Employed,755,XLG,Trade, 36 months,0.0991,B,B1,BULANDSHAHR,176-DBS,BULANDSHAHR,UP,UP,UTTAR PRADESH,BULANDSHAHAR,10068,10057-NANDI SHANKAR,High,41385,10055,40776,33.21,511.11,N,N,0,On-Time,0,0,1,2015-08-26,1,Aug-2015
ACC000148,341,HABRA,JLG30K,15356,26948,44989,2017-09-25,Paid Off,Monthly EMI,650051,HABRA-650051,Ishaan Malhotra,Female,18-25,22,1979-01-29,OBC,Hindu,RENT,75K-100K,Salaried,679,XLG,Services, 36 months,0.1065,B,B2,HABRA,201-DBS,HOWRAH,WB,WB,WEST BENGAL,HABRA,650051,12361-RITESH KUMAR SINHA,Low,15371,28518,15106,22.13,702.85,N,N,1,On-Time,0,0,1,2017-09-25,1,Sep-2017
ACC000149,915,BEHROR,JLG30K,37349,33057,38285,2016-03-21,Fully Paid,Monthly EMI,30179,BEHROR-30179,Ishaan Mehta,Female,46-55,54,1979-01-29,General,Hindu,MORTGAGE,50K-75K,Business,629,XLG,Services, 36 months,0.1065,B,B2,BEHROR,301-DBS,JAIPUR,RJ,RJ,RAJASTHAN,BEHROD,30179,10055-MAHESH KUMAR PATEL,Low,38231,32802,36951,18.51,3027.92,N,N,1,Very Late,0,0,1,2016-03-21,1,Mar-2016
ACC000150,753,CHHAPRA,JLG35K,46662,20335,44912,2023-09-19,Paid Off,Monthly EMI,380112,CHHAPRA-380112,Meera Gupta,Female,46-55,52,1979-01-29,ST,Sikh,RENT,<25K,Business,805,XLG,Trade, 36 months,0.0991,B,B1,CHHAPRA,209-DBS,PATNA,BR,BR,BIHAR,CHHAPRA,380112,11867-VIKRANT KUMAR VICKY,High,48148,21165,46429,46.96,2486.98,N,N,1,Very Late,0,0,1,2015-10-06,0,Sep-2023
ACC000151,617,CHHATA,JLG30K,16408,24200,24292,2019-10-06,Active,Quarterly EMI,910020,CHHATA-910020,Kavya Gupta,Female,36-45,39,1979-01-29,OBC,Hindu,RENT,50K-75K,Salaried,692,XLG,Services, 36 months,0.1065,B,B2,CHHATA,176-DBS,BULANDSHAHR,UP,UP,UTTAR PRADESH,MATHURA,910020,10047-ANIL KUMAR,High,16116,24825,16112,41.48,1391.69,N,N,0,On-Time,0,0,1,2019-10-06,1,Oct-2019
ACC000152,102,Mathura,JLG30K,3534,7896,20211,2015-10-16,Fully Paid,Monthly EMI,910182,Mathura-910182,Aditya Mehta,Female,26-35,32,1979-01-29,ST,Sikh,RENT,75K-100K,Salaried,666,XLG,Services, 36 months,0.1065,B,B2,Mathura,176-DBS,BULANDSHAHR,UP,UP,UTTAR PRADESH,MATHURA,910182,10469-MANISH  PANDEY,High,3774,9408,3090,24.56,2996.8,Y,N,0,On-Time,0,1,1,2015-10-16,1,Oct-2015
ACC000153,863,DHURI,JLG30K,36784,13835,29966,2016-11-22,Paid Off,Quarterly EMI,1030063,DHURI-1030063,Aarav Malhotra,Female,46-55,46,1979-01-29,Minority,Muslim,MORTGAGE,100K+,Salaried,604,XLG,Services, 36 months,0.1065,B,B2,DHURI,102-DBS,LUDHIANA,PB,PB,PUNJAB,SANGRUR,1030063,12058-DEEPAK KUMAR,Low,37250,15430,36765,17.84,1473.65,N,Y,0,On-Time,1,0,1,2016-11-22,1,Nov-2016
ACC000154,671,FATEHGARH SAHIB,JLG30K,46282,10260,16848,2017-12-24,Active,Quarterly EMI,120676,FATEHGARH SAHIB-120676,Ananya Mehta,Female,36-45,38,1979-01-29,ST,Sikh,RENT,25K-50K,Salaried,398,XLG,Services, 36 months,0.1065,B,B2,FATEHGARH SAHIB,102-DBS,LUDHIANA,PB,PB,PUNJAB,FATEHGARH SAHIB,120676,10037-RAJESH PRATAP,Medium,48036,10510,45935,43.12,2001.61,N,N,1,On-Time,0,0,1,2017-12-24,1,Dec-2017
ACC000155,518,Mangaldoi,JLG35K,41823,32694,32079,2023-01-10,Fully Paid,Monthly EMI,570241,Mangaldoi-570241,Vivaan Verma,Female,26-35,34,1985-09-29,ST,Sikh,MORTGAGE,100K+,Self-Employed,469,XLG,Trade, 36 months,0.0991,B,B1,Mangaldoi,208-DBS,GUWAAHATI,AS,AS,ASSAM,Mangaldoi,570241,10961-NAYAN JYOTI SARMAH,Low,43528,34320,41649,35.77,677.91,N,N,1,On-Time,0,0,1,2015-09-05,0,Jan-2023
ACC000156,354,AGRA,JLG35K,26752,11057,44797,2021-05-16,Active,Quarterly EMI,140056,AGRA-140056,Nisha Malhotra,Female,36-45,36,1979-01-29,SC,Hindu,MORTGAGE,100K+,Self-Employed,489,XLG,Trade, 36 months,0.0991,B,B1,AGRA,176-DBS,BULANDSHAHR,UP,UP,UTTAR PRADESH,AGRA,140056,10161-RAM AVTAR,Medium,27852,10687,26290,46.87,4749.55,N,N,0,Late,0,0,1,2018-12-26,0,May-2021
ACC000157,220,KURUKSHETRA,JLG30K,47247,21111,44677,2019-03-26,Paid Off,Monthly EMI,70364,KURUKSHETRA-70364,Diya Nair,Female,18-25,25,1979-01-29,General,Hindu,RENT,50K-75K,Self-Employed,752,XLG,Services, 36 months,0.1065,B,B2,KURUKSHETRA,206-DBS,KARNAL,HR,HR,HARYANA,KURUKSHETRA,70364,10028-AAYUSH PANDEY,Medium,46871,20982,46865,11.24,2685.24,N,N,1,On-Time,0,0,1,2015-01-03,0,Mar-2019
ACC000158,778,BEHROR,JLG30K,11139,25509,7581,2018-02-14,Default,Monthly EMI,30179,BEHROR-30179,Laksh Malhotra,Female,46-55,51,1979-01-29,General,Muslim,MORTGAGE,75K-100K,Self-Employed,804,XLG,Services, 36 months,0.1065,B,B2,BEHROR,301-DBS,JAIPUR,RJ,RJ,RAJASTHAN,BEHROD,30179,10055-MAHESH KUMAR PATEL,Low,11082,27183,10744,41.56,1935.13,N,N,2,On-Time,0,0,1,2018-02-14,1,Feb-2018
ACC000159,785,HABRA,JLG30K,39335,48063,24404,2015-03-24,Active,Quarterly EMI,650051,HABRA-650051,Diya Sharma,Female,26-35,34,1979-01-29,ST,Sikh,MORTGAGE,100K+,Self-Employed,341,XLG,Services, 36 months,0.1065,B,B2,HABRA,201-DBS,HOWRAH,WB,WB,WEST BENGAL,HABRA,650051,12361-RITESH KUMAR SINHA,Low,39603,49307,39152,37.75,1575.11,N,N,2,On-Time,0,0,1,2015-03-24,1,Mar-2015
ACC000160,283,DURGAPUR,JLG35K,15635,32389,24708,2019-04-04,Fully Paid,Quarterly EMI,700013,DURGAPUR-700013,Ishaan Reddy,Female,26-35,33,1979-01-29,General,Muslim,RENT,<25K,Self-Employed,336,XLG,Trade, 36 months,0.0991,B,B1,DURGAPUR,201-DBS,HOWRAH,WB,WB,WEST BENGAL,PASCHIM BARDHHAMAN,700013,10037-RAJESH PRATAP,Low,16218,34135,15480,38.46,4044.81,N,N,1,Very Late,0,0,1,2019-04-04,1,Apr-2019
ACC000161,693,BEHROR,JLG35K,43340,31728,42205,2017-03-23,Paid Off,Monthly EMI,30179,BEHROR-30179,Kavya Gupta,Female,36-45,45,1979-01-29,General,Hindu,RENT,75K-100K,Self-Employed,773,XLG,Trade, 36 months,0.0991,B,B1,BEHROR,301-DBS,JAIPUR,RJ,RJ,RAJASTHAN,BEHROD,30179,10055-MAHESH KUMAR PATEL,Low,44990,31857,43103,12.5,1701.27,N,Y,0,On-Time,1,0,1,2016-08-30,0,Mar-2017
ACC000162,215,CHHATA,JLG35K,33874,12339,26124,2021-02-01,Fully Paid,Quarterly EMI,910020,CHHATA-910020,Kavya Gupta,Female,36-45,43,1979-01-29,Minority,Muslim,RENT,<25K,Self-Employed,528,XLG,Trade, 36 months,0.0991,B,B1,CHHATA,176-DBS,BULANDSHAHR,UP,UP,UTTAR PRADESH,MATHURA,910020,10047-ANIL KUMAR,High,33434,13530,33595,30.08,1832.68,N,N,2,On-Time,0,0,1,2019-12-11,0,Feb-2021
ACC000163,176,BEHROR,JLG35K,48069,34477,28092,2021-04-23,Paid Off,Quarterly EMI,30179,BEHROR-30179,Ishaan Patel,Female,36-45,39,1979-01-29,Minority,Muslim,RENT,75K-100K,Self-Employed,472,XLG,Trade, 36 months,0.0991,B,B1,BEHROR,301-DBS,JAIPUR,RJ,RJ,RAJASTHAN,BEHROD,30179,10055-MAHESH KUMAR PATEL,Low,48535,34452,47924,16.78,1700.16,N,N,0,On-Time,0,0,1,2016-03-23,0,Apr-2021
ACC000164,702,BULANDSHAHR,JLG45K,13705,49130,12428,2018-11-19,Paid Off,Monthly EMI,10068,BULANDSHAHR-10068,Meera Patel,Female,26-35,28,1979-01-29,SC,Hindu,RENT,25K-50K,Business,385,XLG,Agriculture, 36 months,0.0751,A,A3,BULANDSHAHR,176-DBS,BULANDSHAHR,UP,UP,UTTAR PRADESH,BULANDSHAHAR,10068,10057-NANDI SHANKAR,High,13488,50665,13206,34.67,1999.96,N,N,1,On-Time,0,0,1,2018-11-19,1,Nov-2018
ACC000165,245,Mangaldoi,JLG35K,43272,48361,26602,2019-08-25,Default,Quarterly EMI,570241,Mangaldoi-570241,Nisha Chopra,Female,46-55,52,1979-01-29,General,Hindu,RENT,100K+,Salaried,322,XLG,Trade, 36 months,0.0991,B,B1,Mangaldoi,208-DBS,GUWAAHATI,AS,AS,ASSAM,Mangaldoi,570241,10961-NAYAN JYOTI SARMAH,Low,45257,48722,42803,36.26,4064.0,N,N,1,On-Time,0,0,1,2019-07-04,0,Aug-2019
ACC000166,402,MUKTSAR,JLG46K,44687,2846,32388,2021-01-31,Fully Paid,Monthly EMI,1110166,MUKTSAR-1110166,Meera Sharma,Female,36-45,43,1979-01-29,Minority,Muslim,RENT,100K+,Self-Employed,672,XLG,Home Loan, 36 months,0.1825,D,D5,MUKTSAR,102-DBS,LUDHIANA,PB,PB,PUNJAB,SRI MUKTSAR SAHIB,1110166,11303-ASHUTOSH KUMAR SUMAN,Medium,44586,2805,44613,11.49,4210.08,N,N,1,On-Time,0,0,1,2021-01-31,1,Jan-2021
ACC000167,316,Mathura,JLG30K,12036,32597,42591,2021-06-29,Fully Paid,Monthly EMI,910182,Mathura-910182,Ishaan Malhotra,Female,18-25,22,1979-01-29,OBC,Hindu,RENT,75K-100K,Salaried,679,XLG,Services, 36 months,0.1065,B,B2,Mathura,176-DBS,BULANDSHAHR,UP,UP,UTTAR PRADESH,MATHURA,910182,10469-MANISH  PANDEY,High,13351,32974,11957,34.38,3583.26,N,N,0,On-Time,0,0,1,2017-07-23,0,Jun-2021
ACC000168,739,DURGAPUR,JLG35,4019,8664,10208,2023-09-15,Paid Off,Quarterly EMI,700013,DURGAPUR-700013,Meera Mehta,Female,46-55,49,1979-01-29,Minority,Muslim,MORTGAGE,<25K,Salaried,825,XLG,Home Loan, 60 months,0.1465,C,C3,DURGAPUR,201-DBS,HOWRAH,WB,WB,WEST BENGAL,PASCHIM BARDHHAMAN,700013,10037-RAJESH PRATAP,Low,4644,8667,3707,7.69,278.55,N,N,0,Very Late,0,0,1,2023-09-15,1,Sep-2023
ACC000169,881,CHHATA,JLG35K,17328,2787,30353,2021-08-27,Active,Quarterly EMI,910020,CHHATA-910020,Nisha Chopra,Female,46-55,52,1979-01-29,General,Hindu,RENT,100K+,Salaried,322,XLG,Trade, 36 months,0.0991,B,B1,CHHATA,176-DBS,BULANDSHAHR,UP,UP,UTTAR PRADESH,MATHURA,910020,10047-ANIL KUMAR,High,18859,2803,17162,30.7,4271.73,N,N,2,Late,0,0,1,2015-08-27,0,Aug-2021
ACC000170,782,Mathura,JLG35K,14680,32346,15722,2021-07-01,Paid Off,Quarterly EMI,910182,Mathura-910182,Nisha Malhotra,Female,26-35,29,1979-01-29,ST,Sikh,MORTGAGE,100K+,Self-Employed,799,XLG,Trade, 36 months,0.0991,B,B1,Mathura,176-DBS,BULANDSHAHR,UP,UP,UTTAR PRADESH,MATHURA,910182,10469-MANISH  PANDEY,High,16004,34234,14671,10.83,3121.71,N,N,0,Very Late,0,0,1,2017-06-18,0,Jul-2021
ACC000171,879,MUKTSAR,JLG30K,25737,3933,23007,2018-12-24,Default,Quarterly EMI,1110166,MUKTSAR-1110166,Meera Nair,Female,36-45,38,1979-01-29,ST,Sikh,OWN,75K-100K,Self-Employed,368,XLG,Services, 36 months,0.1065,B,B2,MUKTSAR,102-DBS,LUDHIANA,PB,PB,PUNJAB,SRI MUKTSAR SAHIB,1110166,11303-ASHUTOSH KUMAR SUMAN,Medium,25850,5390,25398,4.78,1779.9,N,N,0,On-Time,0,0,1,2018-08-12,0,Dec-2018
ACC000172,701,CHHATA,JLG35,25833,11743,8429,2015-12-27,Active,Monthly EMI,910020,CHHATA-910020,Ananya Malhotra,Female,36-45,44,1979-01-29,SC,Hindu,MORTGAGE,<25K,Self-Employed,361,XLG,Home Loan, 60 months,0.1465,C,C3,CHHATA,176-DBS,BULANDSHAHR,UP,UP,UTTAR PRADESH,MATHURA,910020,10047-ANIL KUMAR,High,27316,12930,25412,7.77,364.31,N,N,1,On-Time,0,0,1,2015-12-27,1,Dec-2015
ACC000173,906,Mathura,JLG35K,29610,15245,26132,2015-09-18,Paid Off,Quarterly EMI,910182,Mathura-910182,Vivaan Verma,Female,46-55,52,1979-01-29,ST,Sikh,RENT,100K+,Salaried,626,XLG,Trade, 36 months,0.0991,B,B1,Mathura,176-DBS,BULANDSHAHR,UP,UP,UTTAR PRADESH,MATHURA,910182,10469-MANISH  PANDEY,High,30096,16287,29304,38.39,2416.86,Y,N,0,On-Time,0,1,1,2015-09-18,1,Sep-2015
ACC000174,681,SANGRUR,JLG30K,21811,19646,25369,2023-10-11,Fully Paid,Quarterly EMI,110159,SANGRUR-110159,Kavya Malhotra,Female,26-35,34,1979-01-29,ST,Sikh,MORTGAGE,75K-100K,Business,328,XLG,Services, 36 months,0.1065,B,B2,SANGRUR,102-DBS,LUDHIANA,PB,PB,PUNJAB,SANGRUR,110159,10037-RAJESH PRATAP,Low,22761,20111,21805,37.86,1778.26,N,N,0,Late,0,0,1,2016-03-09,0,Oct-2023
ACC000175,355,DHURI,JLG30K,24196,42626,31823,2017-10-05,Fully Paid,Quarterly EMI,1030063,DHURI-1030063,Ishaan Patel,Female,36-45,39,1979-01-29,Minority,Muslim,RENT,75K-100K,Self-Employed,472,XLG,Services, 36 months,0.1065,B,B2,DHURI,102-DBS,LUDHIANA,PB,PB,PUNJAB,SANGRUR,1030063,12058-DEEPAK KUMAR,Low,24552,43804,24193,14.46,2454.02,Y,N,0,On-Time,0,1,1,2017-10-05,1,Oct-2017
ACC000176,325,MUKTSAR,JLG30K,34948,21677,37869,2022-12-05,Active,Monthly EMI,1110166,MUKTSAR-1110166,Meera Reddy,Female,36-45,45,1979-01-29,General,Muslim,MORTGAGE,<25K,Self-Employed,830,XLG,Services, 36 months,0.1065,B,B2,MUKTSAR,102-DBS,LUDHIANA,PB,PB,PUNJAB,SRI MUKTSAR SAHIB,1110166,11303-ASHUTOSH KUMAR SUMAN,Medium,35297,22766,34682,12.21,423.83,N,N,1,On-Time,0,0,1,2018-11-26,0,Dec-2022
ACC000177,593,MOTIHARI,JLG30K,42234,46536,41107,2016-02-14,Default,Quarterly EMI,520376,MOTIHARI-520376,Vivaan Gupta,Female,56-63,57,1979-01-29,General,Muslim,RENT,75K-100K,Business,472,XLG,Services, 36 months,0.1065,B,B2,MOTIHARI,209-DBS,PATNA,BR,BR,BIHAR,Motihari,520376,10537-RAGHUVANSH SINGH,Medium,43587,46676,41800,34.09,1356.53,N,N,2,On-Time,0,0,1,2016-02-14,1,Feb-2016
ACC000178,731,TEZPUR,JLG30K,22800,33069,3925,2021-07-22,Paid Off,Monthly EMI,680026,TEZPUR-680026,Aarav Joshi,Female,18-25,22,1997-10-27,General,Hindu,RENT,<25K,Salaried,516,XLG,Services, 36 months,0.1065,B,B2,TEZPUR,208-DBS,GUWAAHATI,AS,AS,ASSAM,SONITPUR,680026,11055-MANAS PROTIM HAZARIKA,Medium,23756,32613,22513,42.68,3306.33,N,N,0,On-Time,0,0,1,2016-09-22,0,Jul-2021
ACC000179,218,BULANDSHAHR,JLG30K,29073,16701,26015,2023-03-20,Default,Monthly EMI,10068,BULANDSHAHR-10068,Meera Reddy,Female,46-55,49,1979-01-29,ST,Hindu,OWN,75K-100K,Salaried,374,XLG,Services, 36 months,0.1065,B,B2,BULANDSHAHR,176-DBS,BULANDSHAHR,UP,UP,UTTAR PRADESH,BULANDSHAHAR,10068,10057-NANDI SHANKAR,High,30726,17844,28796,14.23,1772.07,Y,N,0,On-Time,0,1,1,2015-11-02,0,Mar-2023
ACC000180,177,BEHROR,JLG30K,2024,3841,21283,2015-09-05,Active,Quarterly EMI,30179,BEHROR-30179,Meera Malhotra,Female,36-45,44,1979-01-29,Minority,Muslim,RENT,25K-50K,Salaried,448,XLG,Services, 36 months,0.1065,B,B2,BEHROR,301-DBS,JAIPUR,RJ,RJ,RAJASTHAN,BEHROD,30179,10055-MAHESH KUMAR PATEL,Low,2881,4136,1743,37.85,1625.0,N,N,2,On-Time,0,0,1,2015-09-05,1,Sep-2015
ACC000181,43,SANGRUR,JLG30K,20110,2754,2483,2019-03-05,Paid Off,Quarterly EMI,110159,SANGRUR-110159,Aditya Joshi,Female,26-35,35,1979-01-29,General,Hindu,RENT,<25K,Business,624,XLG,Services, 36 months,0.1065,B,B2,SANGRUR,102-DBS,LUDHIANA,PB,PB,PUNJAB,SANGRUR,110159,10037-RAJESH PRATAP,Low,21567,4378,20095,27.16,1099.87,Y,N,2,Very Late,0,1,1,2019-03-05,1,Mar-2019
ACC000182,223,MUKTSAR,JLG30K,22824,9792,15384,2020-10-12,Fully Paid,Quarterly EMI,1110166,MUKTSAR-1110166,Nisha Patel,Female,36-45,43,1979-01-29,OBC,Hindu,RENT,75K-100K,Self-Employed,798,XLG,Services, 36 months,0.1065,B,B2,MUKTSAR,102-DBS,LUDHIANA,PB,PB,PUNJAB,SRI MUKTSAR SAHIB,1110166,11303-ASHUTOSH KUMAR SUMAN,Medium,24027,9437,22499,24.67,4530.1,N,N,1,On-Time,0,0,1,2020-10-12,1,Oct-2020
ACC000183,87,CHHAPRA,JLG30K,6953,49194,2653,2020-08-21,Fully Paid,Quarterly EMI,380112,CHHAPRA-380112,Aarav Joshi,Female,18-25,22,1997-10-27,General,Hindu,RENT,<25K,Salaried,516,XLG,Services, 36 months,0.1065,B,B2,CHHAPRA,209-DBS,PATNA,BR,BR,BIHAR,CHHAPRA,380112,11867-VIKRANT KUMAR VICKY,High,7271,49388,6564,30.42,4119.91,N,N,2,Late,0,0,1,2015-02-11,0,Aug-2020
ACC000184,219,DHURI,JLG30K,20343,38046,33912,2016-10-09,Fully Paid,Monthly EMI,1030063,DHURI-1030063,Vivaan Patel,Female,46-55,51,1979-01-29,SC,Hindu,MORTGAGE,100K+,Business,375,XLG,Services, 36 months,0.1065,B,B2,DHURI,102-DBS,LUDHIANA,PB,PB,PUNJAB,SANGRUR,1030063,12058-DEEPAK KUMAR,Low,20436,38552,19962,6.65,2776.12,N,N,1,On-Time,0,0,1,2015-12-14,0,Oct-2016
ACC000185,351,Mangaldoi,JLG30K,6992,42475,35954,2016-07-05,Fully Paid,Monthly EMI,570241,Mangaldoi-570241,Ananya Reddy,Female,26-35,29,1979-01-29,ST,Sikh,RENT,100K+,Salaried,324,XLG,Services, 36 months,0.1065,B,B2,Mangaldoi,208-DBS,GUWAAHATI,AS,AS,ASSAM,Mangaldoi,570241,10961-NAYAN JYOTI SARMAH,Low,8260,42100,6760,46.27,729.72,N,N,1,Late,0,0,1,2016-07-05,1,Jul-2016
ACC000186,679,DHURI,JLG35K,46543,45161,11056,2021-08-16,Paid Off,Quarterly EMI,1030063,DHURI-1030063,Aditya Reddy,Female,36-45,38,1979-01-29,ST,Sikh,RENT,75K-100K,Self-Employed,467,XLG,Trade, 36 months,0.0991,B,B1,DHURI,102-DBS,LUDHIANA,PB,PB,PUNJAB,SANGRUR,1030063,12058-DEEPAK KUMAR,Low,46484,45975,46473,39.89,2111.9,N,N,1,Very Late,0,0,1,2016-11-16,0,Aug-2021
ACC000187,781,PALWAL,JLG35K,49518,49893,40954,2020-10-24,Paid Off,Quarterly EMI,20242,PALWAL-20242,Ananya Sharma,Female,26-35,32,1979-01-29,OBC,Hindu,RENT,100K+,Self-Employed,584,XLG,Trade, 36 months,0.0991,B,B1,PALWAL,206-DBS,KARNAL,HR,HR,HARYANA,PALWAL,20242,10903-HEMANT SHUKLA,Medium,50483,51614,49331,40.05,166.68,N,N,2,On-Time,0,0,1,2015-08-24,0,Oct-2020
ACC000188,455,KAROND,JLG35K,19480,46941,12993,2019-04-27,Paid Off,Quarterly EMI,1320004,KAROND-1320004,Aditya Mehta,Female,46-55,46,1979-01-29,Minority,Muslim,RENT,<25K,Business,708,XLG,Trade, 36 months,0.0991,B,B1,KAROND,200-DBS,BHOPAL,MP,MP,MADHYA PRADESH,BHOPAL,1320004,12758-ROHIT KUMAR JAISWAL,Medium,19955,46991,19409,25.52,4777.41,N,N,0,On-Time,0,0,1,2016-01-02,0,Apr-2019
ACC000189,314,JAMMU,JLG35K,38399,14434,40286,2023-05-05,Paid Off,Quarterly EMI,720081,JAMMU-720081,Nisha Verma,Female,26-35,26,1979-01-29,OBC,Hindu,RENT,100K+,Self-Employed,824,XLG,Trade, 36 months,0.0991,B,B1,JAMMU,201-DBS,LUDHIANA,JK,JK,JAMMU & KASHMIR,JAMMU,720081,10588-POONAM DEVI,High,40296,15312,38370,20.03,2487.12,N,N,2,Very Late,0,0,1,2021-09-19,0,May-2023
ACC000190,53,GUWAHATI,JLG30K,28685,32571,21038,2023-04-21,Paid Off,Monthly EMI,560090,GUWAHATI-560090,Meera Chopra,Female,46-55,50,1979-01-29,SC,Hindu,RENT,75K-100K,Salaried,726,XLG,Services, 36 months,0.1065,B,B2,GUWAHATI,208-DBS,GUWAAHATI,AS,AS,ASSAM,Guwahati,560090,11955-LEKHAN KONWAR,Medium,28405,34081,28269,3.61,1042.62,N,N,1,On-Time,0,0,1,2016-05-17,0,Apr-2023
ACC000191,746,Mangaldoi,JLG30K,16477,23145,2748,2017-08-25,Paid Off,Monthly EMI,570241,Mangaldoi-570241,Kavya Chopra,Female,36-45,36,1979-01-29,Minority,Muslim,RENT,75K-100K,Self-Employed,307,XLG,Services, 36 months,0.1065,B,B2,Mangaldoi,208-DBS,GUWAAHATI,AS,AS,ASSAM,Mangaldoi,570241,10961-NAYAN JYOTI SARMAH,Low,17024,24168,16203,4.51,4283.56,N,N,1,On-Time,0,0,1,2017-08-25,1,Aug-2017
ACC000192,699,CHHATA,JLG30K,40804,37493,11861,2015-01-24,Paid Off,Monthly EMI,910020,CHHATA-910020,Nisha Chopra,Female,26-35,28,1979-01-29,General,Hindu,RENT,<25K,Self-Employed,553,XLG,Services, 36 months,0.1065,B,B2,CHHATA,176-DBS,BULANDSHAHR,UP,UP,UTTAR PRADESH,MATHURA,910020,10047-ANIL KUMAR,High,40714,39326,40536,42.9,3805.7,N,N,2,On-Time,0,0,1,2015-01-24,1,Jan-2015
ACC000193,953,MADHUBANI,JLG30K,43650,36361,1815,2023-03-01,Paid Off,Quarterly EMI,1140044,MADHUBANI-1140044,Nisha Reddy,Female,26-35,33,1979-01-29,ST,Sikh,RENT,100K+,Business,473,XLG,Services, 36 months,0.1065,B,B2,MADHUBANI,209-DBS,PATNA,BR,BR,BIHAR,MADHUBANI,1140044,10514-MANISH KUMAR MISHRA,Medium,45147,37716,43358,30.1,1329.01,N,N,0,On-Time,0,0,1,2016-04-21,0,Mar-2023
ACC000194,289,BEHROR,JLG30K,45157,24280,43973,2016-03-20,Paid Off,Monthly EMI,30179,BEHROR-30179,Diya Sharma,Female,26-35,34,1979-01-29,ST,Sikh,MORTGAGE,100K+,Self-Employed,341,XLG,Services, 36 months,0.1065,B,B2,BEHROR,301-DBS,JAIPUR,RJ,RJ,RAJASTHAN,BEHROD,30179,10055-MAHESH KUMAR PATEL,Low,45705,24858,44702,32.52,3009.31,N,N,1,On-Time,0,0,1,2016-03-20,1,Mar-2016
ACC000195,598,DHURI,JLG30K,17459,8642,38546,2019-09-06,Paid Off,Monthly EMI,1030063,DHURI-1030063,Nisha Patel,Female,36-45,41,1979-01-29,General,Hindu,RENT,100K+,Salaried,399,XLG,Services, 36 months,0.1065,B,B2,DHURI,102-DBS,LUDHIANA,PB,PB,PUNJAB,SANGRUR,1030063,12058-DEEPAK KUMAR,Low,17157,8314,17372,25.26,4265.63,N,N,1,Very Late,0,0,1,2017-09-05,0,Sep-2019
ACC000196,936,CUTTACK,JLG30K,2052,9217,6180,2021-04-19,Active,Monthly EMI,630081,CUTTACK-630081,Ananya Patel,Female,36-45,43,1979-01-29,Minority,Muslim,RENT,75K-100K,Salaried,558,XLG,Services, 36 months,0.1065,B,B2,CUTTACK,107-DBS,BHUBANESWAR,OR,OR,ODISHA,CUTTACK,630081,12061-PINAKAPANI KANUNGO,High,3808,11107,1703,43.92,3707.92,N,N,2,On-Time,0,0,1,2018-03-28,0,Apr-2021
ACC000197,693,CHHATA,JLG35K,3589,19204,9156,2016-08-30,Fully Paid,Monthly EMI,910020,CHHATA-910020,Kavya Gupta,Female,36-45,45,1979-01-29,General,Hindu,RENT,75K-100K,Self-Employed,773,XLG,Trade, 36 months,0.0991,B,B1,CHHATA,176-DBS,BULANDSHAHR,UP,UP,UTTAR PRADESH,MATHURA,910020,10047-ANIL KUMAR,High,5388,20923,3287,22.35,2732.47,N,N,2,Late,0,0,1,2016-08-30,1,Aug-2016
ACC000198,913,BEHROR,JLG35K,12655,43204,18635,2015-12-24,Fully Paid,Quarterly EMI,30179,BEHROR-30179,Laksh Nair,Female,46-55,51,1979-01-29,General,Muslim,RENT,<25K,Salaried,338,XLG,Trade, 36 months,0.0991,B,B1,BEHROR,301-DBS,JAIPUR,RJ,RJ,RAJASTHAN,BEHROD,30179,10055-MAHESH KUMAR PATEL,Low,14634,45163,12621,11.8,3476.13,Y,Y,0,On-Time,1,1,1,2015-02-05,0,Dec-2015
ACC000199,971,Mathura,JLG30K,19741,11883,6569,2015-08-13,Active,Quarterly EMI,910182,Mathura-910182,Ishaan Mehta,Female,26-35,31,1979-01-29,ST,Sikh,RENT,50K-75K,Business,696,XLG,Services, 36 months,0.1065,B,B2,Mathura,176-DBS,BULANDSHAHR,UP,UP,UTTAR PRADESH,MATHURA,910182,10469-MANISH  PANDEY,High,21057,11742,19292,19.98,3845.09,N,N,0,On-Time,0,0,1,2015-08-13,1,Aug-2015
ACC000200,685,BULANDSHAHR,JLG30K,30100,26675,34150,2023-05-26,Paid Off,Quarterly EMI,10068,BULANDSHAHR-10068,Meera Sharma,Female,36-45,43,1979-01-29,Minority,Muslim,RENT,100K+,Self-Employed,672,XLG,Services, 36 months,0.1065,B,B2,BULANDSHAHR,176-DBS,BULANDSHAHR,UP,UP,UTTAR PRADESH,BULANDSHAHAR,10068,10057-NANDI SHANKAR,High,31038,26912,29937,30.0,3391.75,N,N,2,On-Time,0,0,1,2016-04-13,0,May-2023
ACC000201,8,PANIPAT,JLG30K,47335,33723,4468,2015-03-15,Fully Paid,Quarterly EMI,60004,PANIPAT-60004,Kavya Gupta,Female,36-45,39,1979-01-29,OBC,Hindu,RENT,50K-75K,Salaried,692,XLG,Services, 36 months,0.1065,B,B2,PANIPAT,206-DBS,KARNAL,HR,HR,HARYANA,PANIPAT,60004,10204-SAIF  ALI,Medium,48201,33363,47235,36.71,4549.66,N,N,2,On-Time,0,0,1,2015-03-15,1,Mar-2015
ACC000202,871,TEZPUR,JLG45K,4941,29332,40098,2022-07-02,Fully Paid,Quarterly EMI,680026,TEZPUR-680026,Meera Malhotra,Female,46-55,50,1979-01-29,Minority,Muslim,RENT,<25K,Salaried,416,XLG,Agriculture, 36 months,0.0751,A,A3,TEZPUR,208-DBS,GUWAAHATI,AS,AS,ASSAM,SONITPUR,680026,11055-MANAS PROTIM HAZARIKA,Medium,5703,29830,4739,42.22,1035.13,N,N,0,Late,0,0,1,2016-08-25,0,Jul-2022
ACC000203,681,Mathura,JLG35K,28948,47049,3549,2018-05-26,Paid Off,Quarterly EMI,910182,Mathura-910182,Kavya Malhotra,Female,26-35,34,1979-01-29,ST,Sikh,MORTGAGE,75K-100K,Business,328,XLG,Trade, 36 months,0.0991,B,B1,Mathura,176-DBS,BULANDSHAHR,UP,UP,UTTAR PRADESH,MATHURA,910182,10469-MANISH  PANDEY,High,30778,47672,28928,1.98,4470.07,N,Y,0,Very Late,1,0,1,2016-03-09,0,May-2018
ACC000204,294,DIBRUGARH,JLG30K,5907,41073,38504,2021-04-26,Default,Quarterly EMI,1050013,DIBRUGARH-1050013,Kavya Chopra,Female,18-25,23,1979-01-29,General,Hindu,RENT,75K-100K,Business,588,XLG,Services, 36 months,0.1065,B,B2,DIBRUGARH,208-DBS,GUWAAHATI,AS,AS,ASSAM,DIBRUGARH,1050013,10961-NAYAN JYOTI SARMAH,Low,5467,42144,5617,3.63,3400.47,N,N,2,Very Late,0,0,1,2015-02-21,0,Apr-2021
ACC000205,156,MAWANA,JLG30K,49635,7292,24770,2017-01-26,Paid Off,Monthly EMI,800018,MAWANA-800018,Laksh Mehta,Female,36-45,44,1975-07-28,General,Muslim,RENT,50K-75K,Salaried,425,XLG,Services, 36 months,0.1065,B,B2,MAWANA,176-DBS,BULANDSHAHR,UP,UP,UTTAR PRADESH,MEERUT,800018,11183-ANIL KUMAR,Medium,51385,7795,49157,15.97,2526.69,N,N,1,On-Time,0,0,1,2016-11-26,0,Jan-2017
ACC000206,638,BEHROR,JLG50K,17990,34177,27756,2020-12-30,Paid Off,Monthly EMI,30179,BEHROR-30179,Vivaan Gupta,Female,56-63,57,1979-01-29,General,Muslim,RENT,75K-100K,Business,472,XLG,Home Loan, 60 months,0.1991,E,E4,BEHROR,301-DBS,JAIPUR,RJ,RJ,RAJASTHAN,BEHROD,30179,10055-MAHESH KUMAR PATEL,Low,19245,36053,17897,0.06,1882.65,N,N,1,On-Time,0,0,1,2017-08-13,0,Dec-2020
ACC000207,657,SANGRUR,JLG30K,23135,12794,29472,2021-04-22,Fully Paid,Monthly EMI,110159,SANGRUR-110159,Meera Verma,Female,46-55,47,1979-01-29,SC,Hindu,RENT,75K-100K,Business,546,XLG,Services, 36 months,0.1065,B,B2,SANGRUR,102-DBS,LUDHIANA,PB,PB,PUNJAB,SANGRUR,110159,10037-RAJESH PRATAP,Low,24321,14023,22988,19.54,162.61,N,N,2,On-Time,0,0,1,2015-01-13,0,Apr-2021
ACC000208,650,Mathura,JLG30K,15018,29197,30787,2020-08-07,Fully Paid,Quarterly EMI,910182,Mathura-910182,Diya Patel,Female,36-45,44,1979-01-29,General,Hindu,MORTGAGE,25K-50K,Salaried,601,XLG,Services, 36 months,0.1065,B,B2,Mathura,176-DBS,BULANDSHAHR,UP,UP,UTTAR PRADESH,MATHURA,910182,10469-MANISH  PANDEY,High,16130,30700,14924,30.65,1001.3,N,Y,2,On-Time,1,0,1,2016-10-20,0,Aug-2020
ACC000209,630,BILASPUR,JLG30K,8460,8544,18672,2016-09-16,Fully Paid,Monthly EMI,240005,BILASPUR-240005,Meera Chopra,Female,46-55,53,1979-01-29,ST,Sikh,RENT,75K-100K,Business,551,XLG,Services, 36 months,0.1065,B,B2,BILASPUR,207-DBS,RAIPUR,CG,CG,CHATTISGARH,BILASPUR,240005,10886-MANISH KUMAR DWIVEDI,Low,8058,9498,8355,18.03,4422.37,N,N,2,On-Time,0,0,1,2016-09-16,1,Sep-2016
ACC000210,899,KARNAL,JLG30K,18037,20362,42869,2023-10-23,Active,Quarterly EMI,50678,KARNAL-50678,Laksh Sharma,Female,36-45,37,1979-01-29,Minority,Muslim,RENT,<25K,Self-Employed,740,XLG,Services, 36 months,0.1065,B,B2,KARNAL,206-DBS,KARNAL,HR,HR,HARYANA,KARNAL,50678,10282-NAIM ALI,Medium,19243,20712,17919,6.98,1488.04,Y,N,2,Late,0,1,1,2015-10-05,0,Oct-2023
ACC000211,782,HAPUR,JLG35K,35218,34498,25620,2017-06-18,Fully Paid,Quarterly EMI,210563,HAPUR-210563,Nisha Malhotra,Female,26-35,29,1979-01-29,ST,Sikh,MORTGAGE,100K+,Self-Employed,799,XLG,Trade, 36 months,0.0991,B,B1,HAPUR,176-DBS,BULANDSHAHR,UP,UP,UTTAR PRADESH,HAPUR,210563,10183-RISHABH PANT,Low,35017,34940,34808,45.02,1875.74,N,N,1,On-Time,0,0,1,2017-06-18,1,Jun-2017
ACC000212,467,DURGAPUR,JLG35K,44634,26521,7177,2021-04-15,Fully Paid,Quarterly EMI,700013,DURGAPUR-700013,Nisha Verma,Female,18-25,24,1979-01-29,ST,Sikh,RENT,<25K,Salaried,443,XLG,Trade, 36 months,0.0991,B,B1,DURGAPUR,201-DBS,HOWRAH,WB,WB,WEST BENGAL,PASCHIM BARDHHAMAN,700013,10037-RAJESH PRATAP,Low,44767,27997,44230,18.04,4083.24,N,N,2,On-Time,0,0,1,2015-12-31,0,Apr-2021
ACC000213,175,CHHATA,JLG35,49631,44881,41059,2023-11-02,Fully Paid,Quarterly EMI,910020,CHHATA-910020,Meera Mehta,Female,36-45,45,1979-01-29,Minority,Muslim,RENT,75K-100K,Business,357,XLG,Home Loan, 60 months,0.1465,C,C3,CHHATA,176-DBS,BULANDSHAHR,UP,UP,UTTAR PRADESH,MATHURA,910020,10047-ANIL KUMAR,High,51511,45653,49599,6.45,2047.75,N,N,1,Late,0,0,1,2015-01-03,0,Nov-2023
ACC000214,589,MAWANA,JLG30K,15414,29044,28167,2018-03-10,Fully Paid,Monthly EMI,800018,MAWANA-800018,Vivaan Mehta,Female,18-25,24,1979-01-29,ST,Sikh,RENT,75K-100K,Business,431,XLG,Services, 36 months,0.1065,B,B2,MAWANA,176-DBS,BULANDSHAHR,UP,UP,UTTAR PRADESH,MEERUT,800018,11183-ANIL KUMAR,Medium,15703,28798,15030,1.6,2107.55,N,N,1,On-Time,0,0,1,2016-08-15,0,Mar-2018
ACC000215,396,DURGAPUR,JLG46K,14641,36227,30902,2017-11-16,Fully Paid,Quarterly EMI,700013,DURGAPUR-700013,Nisha Malhotra,Female,36-45,36,1979-01-29,SC,Hindu,MORTGAGE,100K+,Self-Employed,489,XLG,Home Loan, 36 months,0.1825,D,D5,DURGAPUR,201-DBS,HOWRAH,WB,WB,WEST BENGAL,PASCHIM BARDHHAMAN,700013,10037-RAJESH PRATAP,Low,14787,36842,14404,20.32,4421.82,N,N,0,On-Time,0,0,1,2017-11-16,1,Nov-2017
ACC000216,562,SANGRUR,JLG44K,28747,13805,33781,2021-07-28,Default,Monthly EMI,110159,SANGRUR-110159,Kavya Malhotra,Female,26-35,34,1979-01-29,ST,Sikh,MORTGAGE,75K-100K,Business,328,XLG,Home Loan, 36 months,0.0662,A,A2,SANGRUR,102-DBS,LUDHIANA,PB,PB,PUNJAB,SANGRUR,110159,10037-RAJESH PRATAP,Low,29256,15683,28459,23.73,1300.79,N,N,1,Late,0,0,1,2017-04-02,0,Jul-2021
ACC000217,11,BULANDSHAHR,JLG30K,25434,34295,5116,2019-12-21,Paid Off,Monthly EMI,10068,BULANDSHAHR-10068,Vivaan Patel,Female,26-35,29,1979-01-29,OBC,Hindu,RENT,100K+,Salaried,395,XLG,Services, 36 months,0.1065,B,B2,BULANDSHAHR,176-DBS,BULANDSHAHR,UP,UP,UTTAR PRADESH,BULANDSHAHAR,10068,10057-NANDI SHANKAR,High,26582,35690,24961,18.08,2772.02,N,N,1,On-Time,0,0,1,2019-12-21,1,Dec-2019
ACC000218,666,RAIPUR,JLG29K,38984,39678,16546,2017-03-11,Paid Off,Monthly EMI,230415,RAIPUR-230415,Nisha Verma,Female,18-25,22,1979-01-29,ST,Sikh,MORTGAGE,100K+,Salaried,564,XLG,Trade, 60 months,0.1727,D,D3,RAIPUR,207-DBS,RAIPUR,CG,CG,CHATTISGARH,RAIPUR,230415,10924-DILIP KUMAR,High,40629,40353,38718,38.92,4152.57,N,N,2,On-Time,0,0,1,2017-03-11,1,Mar-2017
ACC000219,670,BULANDSHAHR,JLG30K,11458,43073,34544,2015-05-19,Fully Paid,Monthly EMI,10068,BULANDSHAHR-10068,Laksh Patel,Female,36-45,44,1974-05-25,ST,Hindu,RENT,<25K,Self-Employed,342,XLG,Services, 36 months,0.1065,B,B2,BULANDSHAHR,176-DBS,BULANDSHAHR,UP,UP,UTTAR PRADESH,BULANDSHAHAR,10068,10057-NANDI SHANKAR,High,11287,44212,11256,29.32,4976.51,N,N,2,On-Time,0,0,1,2015-05-19,1,May-2015
ACC000220,59,SIRSA,JLG30K,26369,39631,32130,2020-01-30,Active,Quarterly EMI,730084,SIRSA-730084,Aditya Mehta,Female,36-45,38,1979-01-29,SC,Hindu,OWN,25K-50K,Business,696,XLG,Services, 36 months,0.1065,B,B2,SIRSA,206-DBS,KARNAL,HR,HR,HARYANA,SIRSA,730084,10149-ABHISHEK MAURYA,Medium,27941,39977,26279,24.97,2007.61,N,N,0,Late,0,0,1,2020-01-30,1,Jan-2020
ACC000221,213,BEHROR,JLG45K,48198,35114,20349,2019-03-31,Paid Off,Monthly EMI,30179,BEHROR-30179,Kavya Verma,Female,36-45,39,1979-01-29,ST,Sikh,RENT,100K+,Business,791,XLG,Agriculture, 36 months,0.0751,A,A3,BEHROR,301-DBS,JAIPUR,RJ,RJ,RAJASTHAN,BEHROD,30179,10055-MAHESH KUMAR PATEL,Low,48671,35964,48132,33.82,3575.12,N,N,0,On-Time,0,0,1,2019-03-31,1,Mar-2019
ACC000222,875,MUKTSAR,JLG35K,17079,6678,8823,2019-09-14,Paid Off,Monthly EMI,1110166,MUKTSAR-1110166,Diya Patel,Female,18-25,39,1979-01-29,ST,Sikh,MORTGAGE,<25K,Salaried,476,XLG,Trade, 36 months,0.0991,B,B1,MUKTSAR,102-DBS,LUDHIANA,PB,PB,PUNJAB,SRI MUKTSAR SAHIB,1110166,11303-ASHUTOSH KUMAR SUMAN,Medium,18909,7948,16991,18.49,3262.06,N,N,0,On-Time,0,0,1,2018-11-07,0,Sep-2019
ACC000223,968,JALANDHAR,JLG30K,14524,33870,27071,2019-09-22,Fully Paid,Monthly EMI,160051,JALANDHAR-160051,Laksh Sharma,Female,46-55,46,1979-01-29,Minority,Muslim,RENT,<25K,Self-Employed,512,XLG,Services, 36 months,0.1065,B,B2,JALANDHAR,102-DBS,LUDHIANA,PB,PB,PUNJAB,JALANDHAR,160051,10067-AKSHAY KUMAR,Low,14597,35603,14434,16.53,3571.37,N,N,0,On-Time,0,0,1,2019-09-22,1,Sep-2019
ACC000224,249,BILASPUR,JLG50K,25947,9077,7976,2020-11-06,Active,Monthly EMI,240005,BILASPUR-240005,Meera Chopra,Female,46-55,50,1979-01-29,SC,Hindu,RENT,75K-100K,Salaried,726,XLG,Home Loan, 60 months,0.1991,E,E4,BILASPUR,207-DBS,RAIPUR,CG,CG,CHATTISGARH,BILASPUR,240005,10886-MANISH KUMAR DWIVEDI,Low,26980,9867,25753,38.93,2480.0,N,N,1,On-Time,0,0,1,2018-08-30,0,Nov-2020
ACC000225,900,Mathura,JLG30K,36523,46895,12836,2020-08-17,Paid Off,Monthly EMI,910182,Mathura-910182,Nisha Reddy,Female,36-45,42,1979-01-29,SC,Hindu,RENT,100K+,Self-Employed,668,XLG,Services, 36 months,0.1065,B,B2,Mathura,176-DBS,BULANDSHAHR,UP,UP,UTTAR PRADESH,MATHURA,910182,10469-MANISH  PANDEY,High,38171,47094,36137,49.24,4512.88,N,N,0,Very Late,0,0,1,2015-12-25,0,Aug-2020
ACC000226,377,MUKTSAR,JLG30K,24158,35335,19167,2022-06-04,Paid Off,Monthly EMI,1110166,MUKTSAR-1110166,Ananya Nair,Female,36-45,44,1979-01-29,ST,Sikh,RENT,50K-75K,Self-Employed,638,XLG,Services, 36 months,0.1065,B,B2,MUKTSAR,102-DBS,LUDHIANA,PB,PB,PUNJAB,SRI MUKTSAR SAHIB,1110166,11303-ASHUTOSH KUMAR SUMAN,Medium,24629,35103,23898,9.09,3651.94,N,Y,1,Very Late,1,0,1,2018-12-11,0,Jun-2022
ACC000227,983,BEHROR,JLG30K,46663,46290,32063,2022-05-10,Fully Paid,Monthly EMI,30179,BEHROR-30179,Nisha Verma,Female,18-25,22,1979-01-29,ST,Sikh,MORTGAGE,100K+,Salaried,564,XLG,Services, 36 months,0.1065,B,B2,BEHROR,301-DBS,JAIPUR,RJ,RJ,RAJASTHAN,BEHROD,30179,10055-MAHESH KUMAR PATEL,Low,48195,45852,46484,0.95,164.66,Y,N,2,On-Time,0,1,1,2015-02-28,0,May-2022
ACC000228,519,Mathura,JLG30K,32986,3055,40987,2017-12-25,Active,Quarterly EMI,910182,Mathura-910182,Ananya Patel,Female,36-45,43,1979-01-29,Minority,Muslim,RENT,75K-100K,Salaried,558,XLG,Services, 36 months,0.1065,B,B2,Mathura,176-DBS,BULANDSHAHR,UP,UP,UTTAR PRADESH,MATHURA,910182,10469-MANISH  PANDEY,High,34475,4536,32677,43.06,3920.12,N,N,0,On-Time,0,0,1,2017-12-25,1,Dec-2017
ACC000229,494,PATIALA,JLG35K,22306,45199,30597,2021-08-26,Fully Paid,Quarterly EMI,100186,PATIALA-100186,Ananya Malhotra,Female,46-55,54,1979-01-29,Minority,Muslim,RENT,25K-50K,Self-Employed,433,XLG,Trade, 36 months,0.0991,B,B1,PATIALA,102-DBS,LUDHIANA,PB,PB,PUNJAB,PATIALA,100186,10420-MUNENDRA  SINGH,Medium,24222,45860,22191,47.3,784.84,N,N,2,On-Time,0,0,1,2015-05-30,0,Aug-2021
ACC000230,171,Mangaldoi,JLG30K,35733,10919,10706,2020-08-27,Paid Off,Quarterly EMI,570241,Mangaldoi-570241,Diya Nair,Female,36-45,38,1979-01-29,General,Muslim,MORTGAGE,75K-100K,Self-Employed,668,XLG,Services, 36 months,0.1065,B,B2,Mangaldoi,208-DBS,GUWAAHATI,AS,AS,ASSAM,Mangaldoi,570241,10961-NAYAN JYOTI SARMAH,Low,35934,11338,35643,16.77,1069.95,N,N,1,On-Time,0,0,1,2019-06-18,0,Aug-2020
ACC000231,782,Mathura,JLG30K,5557,47263,38294,2021-11-07,Paid Off,Monthly EMI,910182,Mathura-910182,Nisha Malhotra,Female,26-35,29,1979-01-29,ST,Sikh,MORTGAGE,100K+,Self-Employed,799,XLG,Services, 36 months,0.1065,B,B2,Mathura,176-DBS,BULANDSHAHR,UP,UP,UTTAR PRADESH,MATHURA,910182,10469-MANISH  PANDEY,High,5596,47391,5322,16.72,2493.22,N,N,2,On-Time,0,0,1,2017-06-18,0,Nov-2021
ACC000232,559,MUKTSAR,JLG30K,35644,35694,36955,2017-06-27,Active,Monthly EMI,1110166,MUKTSAR-1110166,Ishaan Joshi,Female,36-45,43,1979-01-29,General,Hindu,RENT,100K+,Salaried,675,XLG,Services, 36 months,0.1065,B,B2,MUKTSAR,102-DBS,LUDHIANA,PB,PB,PUNJAB,SRI MUKTSAR SAHIB,1110166,11303-ASHUTOSH KUMAR SUMAN,Medium,36377,36321,35312,5.69,2037.54,N,N,2,On-Time,0,0,1,2016-05-31,0,Jun-2017
ACC000233,672,MAWANA,JLG35K,7403,15384,28626,2023-12-09,Fully Paid,Quarterly EMI,800018,MAWANA-800018,Laksh Mehta,Female,36-45,40,1979-01-29,ST,Sikh,RENT,50K-75K,Self-Employed,318,XLG,Trade, 36 months,0.0991,B,B1,MAWANA,176-DBS,BULANDSHAHR,UP,UP,UTTAR PRADESH,MEERUT,800018,11183-ANIL KUMAR,Medium,8219,15716,7276,21.77,1162.1,N,N,0,On-Time,0,0,1,2015-06-26,0,Dec-2023
ACC000234,339,MAWANA,JLG46K,17239,33414,40658,2016-07-13,Fully Paid,Monthly EMI,800018,MAWANA-800018,Ananya Patel,Female,36-45,43,1979-01-29,Minority,Muslim,RENT,75K-100K,Salaried,558,XLG,Home Loan, 36 months,0.1825,D,D5,MAWANA,176-DBS,BULANDSHAHR,UP,UP,UTTAR PRADESH,MEERUT,800018,11183-ANIL KUMAR,Medium,19208,34625,16856,48.72,3495.42,N,N,2,On-Time,0,0,1,2016-07-13,1,Jul-2016
ACC000235,200,DHURI,JLG35K,46145,36755,15571,2015-02-01,Fully Paid,Monthly EMI,1030063,DHURI-1030063,Laksh Sharma,Female,26-35,31,1979-01-29,SC,Hindu,RENT,100K+,Self-Employed,672,XLG,Trade, 36 months,0.0991,B,B1,DHURI,102-DBS,LUDHIANA,PB,PB,PUNJAB,SANGRUR,1030063,12058-DEEPAK KUMAR,Low,47195,37832,46096,23.68,1012.61,N,N,0,On-Time,0,0,1,2015-02-01,1,Feb-2015
ACC000236,971,JALANDHAR,JLG30K,27434,26000,16676,2015-10-10,Active,Quarterly EMI,160051,JALANDHAR-160051,Ishaan Mehta,Female,26-35,31,1979-01-29,ST,Sikh,RENT,50K-75K,Business,696,XLG,Services, 36 months,0.1065,B,B2,JALANDHAR,102-DBS,LUDHIANA,PB,PB,PUNJAB,JALANDHAR,160051,10067-AKSHAY KUMAR,Low,28387,27139,27197,28.39,366.83,Y,N,2,Very Late,0,1,1,2015-08-13,0,Oct-2015
ACC000237,668,Mathura,JLG30K,35141,35911,24277,2015-06-15,Fully Paid,Monthly EMI,910182,Mathura-910182,Ananya Chopra,Female,36-45,45,1979-01-29,SC,Hindu,RENT,75K-100K,Salaried,311,XLG,Services, 36 months,0.1065,B,B2,Mathura,176-DBS,BULANDSHAHR,UP,UP,UTTAR PRADESH,MATHURA,910182,10469-MANISH  PANDEY,High,35438,35949,35070,28.51,3710.46,N,N,0,On-Time,0,0,1,2015-06-15,1,Jun-2015
ACC000238,368,MAHASAMUND,JLG35K,4251,12707,15530,2023-04-24,Active,Quarterly EMI,250029,MAHASAMUND-250029,Nisha Chopra,Female,26-35,28,1979-01-29,General,Hindu,RENT,<25K,Self-Employed,553,XLG,Trade, 36 months,0.0991,B,B1,MAHASAMUND,207-DBS,RAIPUR,CG,CG,CHATTISGARH,MAHASAMUND,250029,11640-NITISH KUMAR,High,4341,12780,3835,14.21,2459.83,N,N,2,On-Time,0,0,1,2015-01-22,0,Apr-2023
ACC000239,532,HABRA,JLG30K,47589,41954,32092,2021-04-25,Fully Paid,Quarterly EMI,650051,HABRA-650051,Diya Verma,Female,26-35,35,1979-01-29,ST,Sikh,MORTGAGE,25K-50K,Self-Employed,744,XLG,Services, 36 months,0.1065,B,B2,HABRA,201-DBS,HOWRAH,WB,WB,WEST BENGAL,HABRA,650051,12361-RITESH KUMAR SINHA,Low,48584,42435,47565,22.02,281.09,N,N,1,On-Time,0,0,1,2018-09-12,0,Apr-2021
ACC000240,318,DHURI,JLG35K,22806,48500,25598,2015-02-17,Active,Monthly EMI,1030063,DHURI-1030063,Laksh Sharma,Female,26-35,31,1979-01-29,SC,Hindu,RENT,100K+,Self-Employed,672,XLG,Trade, 36 months,0.0991,B,B1,DHURI,102-DBS,LUDHIANA,PB,PB,PUNJAB,SANGRUR,1030063,12058-DEEPAK KUMAR,Low,22998,49377,22707,30.14,2874.52,N,N,1,On-Time,0,0,1,2015-02-17,1,Feb-2015
ACC000241,458,SANGRUR,JLG30K,14385,30546,36219,2022-10-10,Fully Paid,Monthly EMI,110159,SANGRUR-110159,Aditya Verma,Female,36-45,40,1979-01-29,Minority,Muslim,RENT,50K-75K,Salaried,714,XLG,Services, 36 months,0.1065,B,B2,SANGRUR,102-DBS,LUDHIANA,PB,PB,PUNJAB,SANGRUR,110159,10037-RAJESH PRATAP,Low,15110,32286,14206,39.23,4910.36,N,N,2,Late,0,0,1,2022-09-24,0,Oct-2022
ACC000242,830,Mathura,JLG29K,40891,23097,21731,2021-08-12,Active,Quarterly EMI,910182,Mathura-910182,Ananya Sharma,Female,46-55,52,1979-01-29,Minority,Muslim,RENT,<25K,Business,557,XLG,Trade, 60 months,0.1727,D,D3,Mathura,176-DBS,BULANDSHAHR,UP,UP,UTTAR PRADESH,MATHURA,910182,10469-MANISH  PANDEY,High,41006,22698,40618,44.22,2812.73,N,N,1,On-Time,0,0,1,2017-11-18,0,Aug-2021
ACC000243,833,GUWAHATI,JLG35K,20741,15006,32896,2022-05-09,Paid Off,Quarterly EMI,560090,GUWAHATI-560090,Nisha Verma,Female,18-25,22,1979-01-29,ST,Sikh,MORTGAGE,100K+,Salaried,564,XLG,Trade, 36 months,0.0991,B,B1,GUWAHATI,208-DBS,GUWAAHATI,AS,AS,ASSAM,Guwahati,560090,11955-LEKHAN KONWAR,Medium,20692,15032,20713,11.5,760.73,N,N,2,On-Time,0,0,1,2016-10-21,0,May-2022
ACC000244,917,FATEHGARH SAHIB,JLG30K,30378,20805,38326,2021-08-03,Fully Paid,Quarterly EMI,120676,FATEHGARH SAHIB-120676,Laksh Reddy,Female,26-35,29,1979-01-29,OBC,Hindu,RENT,75K-100K,Business,311,XLG,Services, 36 months,0.1065,B,B2,FATEHGARH SAHIB,102-DBS,LUDHIANA,PB,PB,PUNJAB,FATEHGARH SAHIB,120676,10037-RAJESH PRATAP,Medium,31166,20722,30280,13.07,2126.64,N,N,0,On-Time,0,0,1,2019-07-26,0,Aug-2021
ACC000245,318,DURGAPUR,JLG30K,20187,22464,9405,2021-08-21,Paid Off,Monthly EMI,700013,DURGAPUR-700013,Laksh Sharma,Female,26-35,31,1979-01-29,SC,Hindu,RENT,100K+,Self-Employed,672,XLG,Services, 36 months,0.1065,B,B2,DURGAPUR,201-DBS,HOWRAH,WB,WB,WEST BENGAL,PASCHIM BARDHHAMAN,700013,10037-RAJESH PRATAP,Low,21174,22568,19690,18.11,2170.95,N,N,0,Late,0,0,1,2015-02-17,0,Aug-2021
ACC000246,459,CHHATA,JLG30K,8570,11993,21800,2020-12-13,Fully Paid,Monthly EMI,910020,CHHATA-910020,Nisha Verma,Female,26-35,35,1979-01-29,SC,Hindu,RENT,75K-100K,Salaried,792,XLG,Services, 36 months,0.1065,B,B2,CHHATA,176-DBS,BULANDSHAHR,UP,UP,UTTAR PRADESH,MATHURA,910020,10047-ANIL KUMAR,High,8724,13068,8226,30.17,2198.94,N,N,2,On-Time,0,0,1,2018-03-21,0,Dec-2020
ACC000247,132,CHHATA,JLG30K,48221,33555,17527,2020-11-16,Default,Monthly EMI,910020,CHHATA-910020,Diya Malhotra,Female,18-25,21,1979-01-29,ST,Sikh,RENT,50K-75K,Self-Employed,493,XLG,Services, 36 months,0.1065,B,B2,CHHATA,176-DBS,BULANDSHAHR,UP,UP,UTTAR PRADESH,MATHURA,910020,10047-ANIL KUMAR,High,48598,35402,48024,8.7,4657.73,N,N,1,On-Time,0,0,1,2015-03-15,0,Nov-2020
ACC000248,368,DHURI,JLG35K,11344,11177,27334,2015-03-22,Paid Off,Quarterly EMI,1030063,DHURI-1030063,Nisha Chopra,Female,26-35,28,1979-01-29,General,Hindu,RENT,<25K,Self-Employed,553,XLG,Trade, 36 months,0.0991,B,B1,DHURI,102-DBS,LUDHIANA,PB,PB,PUNJAB,SANGRUR,1030063,12058-DEEPAK KUMAR,Low,12007,12767,11170,11.26,4228.22,N,N,2,Late,0,0,1,2015-01-22,0,Mar-2015
ACC000249,832,SHAHDOL,JLG30K,48572,14847,12902,2021-11-05,Active,Monthly EMI,1550006,SHAHDOL-1550006,Laksh Nair,Female,46-55,51,1979-01-29,General,Muslim,RENT,<25K,Salaried,338,XLG,Services, 36 months,0.1065,B,B2,SHAHDOL,200-DBS,BHOPAL,MP,MP,MADHYA PRADESH,SHAHDOL,1550006,10021-MAHENDRA PRATAP SINGH,Medium,49622,14816,48135,45.92,2881.07,N,N,2,On-Time,0,0,1,2016-09-04,0,Nov-2021
ACC000250,946,ASANSOL,JLG30K,43754,36464,8556,2022-03-14,Active,Quarterly EMI,690076,ASANSOL-690076,Meera Joshi,Female,36-45,42,1979-01-29,ST,Sikh,RENT,25K-50K,Salaried,534,XLG,Services, 36 months,0.1065,B,B2,ASANSOL,201-DBS,HOWRAH,WB,WB,WEST BENGAL,PASCHIM BARDHHAMAN,690076,10035-ABHAY TOMER,Medium,44616,36474,43349,6.98,1550.91,N,N,0,On-Time,0,0,1,2017-07-21,0,Mar-2022
ACC000251,650,DURGAPUR,JLG30K,41593,26459,18641,2022-01-15,Fully Paid,Quarterly EMI,700013,DURGAPUR-700013,Diya Patel,Female,36-45,44,1979-01-29,General,Hindu,MORTGAGE,25K-50K,Salaried,601,XLG,Services, 36 months,0.1065,B,B2,DURGAPUR,201-DBS,HOWRAH,WB,WB,WEST BENGAL,PASCHIM BARDHHAMAN,700013,10037-RAJESH PRATAP,Low,42233,27215,41418,16.5,4957.24,Y,Y,0,On-Time,1,1,1,2016-10-20,0,Jan-2022
ACC000252,557,PATIALA,JLG35K,7173,27549,16251,2015-09-18,Fully Paid,Monthly EMI,100186,PATIALA-100186,Diya Malhotra,Female,18-25,21,1979-01-29,ST,Sikh,RENT,50K-75K,Self-Employed,493,XLG,Trade, 36 months,0.0991,B,B1,PATIALA,102-DBS,LUDHIANA,PB,PB,PUNJAB,PATIALA,100186,10420-MUNENDRA  SINGH,Medium,8303,27104,7036,44.52,4485.18,N,N,1,On-Time,0,0,1,2015-09-18,1,Sep-2015
ACC000253,195,BEHROR,JLG46K,22558,12737,2321,2022-04-24,Fully Paid,Monthly EMI,30179,BEHROR-30179,Ananya Verma,Female,46-55,51,1979-01-29,OBC,Hindu,MORTGAGE,25K-50K,Self-Employed,770,XLG,Home Loan, 36 months,0.1825,D,D5,BEHROR,301-DBS,JAIPUR,RJ,RJ,RAJASTHAN,BEHROD,30179,10055-MAHESH KUMAR PATEL,Low,23261,13796,22245,37.92,1568.38,N,N,0,On-Time,0,0,1,2015-01-29,0,Apr-2022
ACC000254,527,JALANDHAR,JLG30K,38610,32556,19811,2017-09-03,Paid Off,Quarterly EMI,160051,JALANDHAR-160051,Ananya Gupta,Female,36-45,44,1979-01-29,SC,Hindu,RENT,25K-50K,Business,746,XLG,Services, 36 months,0.1065,B,B2,JALANDHAR,102-DBS,LUDHIANA,PB,PB,PUNJAB,JALANDHAR,160051,10067-AKSHAY KUMAR,Low,38542,32203,38513,28.79,4306.76,N,N,2,On-Time,0,0,1,2017-09-03,1,Sep-2017
ACC000255,983,DHURI,JLG35K,12588,37871,38706,2020-10-04,Fully Paid,Quarterly EMI,1030063,DHURI-1030063,Nisha Verma,Female,18-25,22,1979-01-29,ST,Sikh,MORTGAGE,100K+,Salaried,564,XLG,Trade, 36 months,0.0991,B,B1,DHURI,102-DBS,LUDHIANA,PB,PB,PUNJAB,SANGRUR,1030063,12058-DEEPAK KUMAR,Low,12921,38065,12522,25.53,4448.4,N,Y,1,On-Time,1,0,1,2015-02-28,0,Oct-2020
ACC000256,170,CHHAPRA,JLG30K,28710,13891,35648,2017-11-28,Fully Paid,Monthly EMI,380112,CHHAPRA-380112,Laksh Gupta,Female,36-45,36,1979-01-29,General,Muslim,OWN,<25K,Business,807,XLG,Services, 36 months,0.1065,B,B2,CHHAPRA,209-DBS,PATNA,BR,BR,BIHAR,CHHAPRA,380112,11867-VIKRANT KUMAR VICKY,High,29341,13436,28530,24.0,4258.59,N,N,2,Very Late,0,0,1,2017-11-28,1,Nov-2017
ACC000257,254,DHURI,JLG30K,19382,48728,12517,2022-11-16,Fully Paid,Monthly EMI,1030063,DHURI-1030063,Laksh Patel,Female,26-35,28,1979-01-29,SC,Hindu,MORTGAGE,75K-100K,Business,844,XLG,Services, 36 months,0.1065,B,B2,DHURI,102-DBS,LUDHIANA,PB,PB,PUNJAB,SANGRUR,1030063,12058-DEEPAK KUMAR,Low,19501,49876,19101,37.68,2596.94,N,N,0,Late,0,0,1,2015-07-07,0,Nov-2022
ACC000258,830,MADHUBANI,JLG30K,28242,4345,4457,2020-08-18,Default,Monthly EMI,1140044,MADHUBANI-1140044,Ananya Sharma,Female,46-55,52,1979-01-29,Minority,Muslim,RENT,<25K,Business,557,XLG,Services, 36 months,0.1065,B,B2,MADHUBANI,209-DBS,PATNA,BR,BR,BIHAR,MADHUBANI,1140044,10514-MANISH KUMAR MISHRA,Medium,28979,3914,27911,35.83,3062.68,N,N,2,On-Time,0,0,1,2017-11-18,0,Aug-2020
ACC000259,700,DURGAPUR,JLG30K,17998,4079,42066,2018-03-06,Active,Quarterly EMI,700013,DURGAPUR-700013,Kavya Mehta,Female,26-35,31,1979-01-29,ST,Muslim,RENT,<25K,Self-Employed,466,XLG,Services, 36 months,0.1065,B,B2,DURGAPUR,201-DBS,HOWRAH,WB,WB,WEST BENGAL,PASCHIM BARDHHAMAN,700013,10037-RAJESH PRATAP,Low,19359,5905,17903,28.22,1197.54,N,N,1,On-Time,0,0,1,2018-03-06,1,Mar-2018
ACC000260,524,MUKTSAR,JLG30K,27424,40451,14595,2017-04-06,Active,Monthly EMI,1110166,MUKTSAR-1110166,Meera Sharma,Female,18-25,22,1995-12-14,General,Hindu,RENT,<25K,Salaried,346,XLG,Services, 36 months,0.1065,B,B2,MUKTSAR,102-DBS,LUDHIANA,PB,PB,PUNJAB,SRI MUKTSAR SAHIB,1110166,11303-ASHUTOSH KUMAR SUMAN,Medium,28494,40979,27073,5.0,3899.29,N,N,0,On-Time,0,0,1,2015-06-17,0,Apr-2017
ACC000261,385,Mangaldoi,JLG30K,23467,22609,12977,2022-09-24,Default,Quarterly EMI,570241,Mangaldoi-570241,Vivaan Nair,Female,46-55,49,1979-01-29,General,Muslim,RENT,100K+,Salaried,519,XLG,Services, 36 months,0.1065,B,B2,Mangaldoi,208-DBS,GUWAAHATI,AS,AS,ASSAM,Mangaldoi,570241,10961-NAYAN JYOTI SARMAH,Low,24617,22481,23410,40.89,4829.85,N,N,2,Late,0,0,1,2022-09-24,1,Sep-2022
ACC000262,881,MAWANA,JLG29K,21091,48965,26999,2021-07-20,Fully Paid,Quarterly EMI,800018,MAWANA-800018,Nisha Chopra,Female,46-55,52,1979-01-29,General,Hindu,RENT,100K+,Salaried,322,XLG,Trade, 60 months,0.1727,D,D3,MAWANA,176-DBS,BULANDSHAHR,UP,UP,UTTAR PRADESH,MEERUT,800018,11183-ANIL KUMAR,Medium,20690,49068,21011,1.71,1922.91,N,Y,0,On-Time,1,0,1,2015-08-27,0,Jul-2021
ACC000263,801,Mangaldoi,JLG30K,26098,45334,7120,2017-02-22,Fully Paid,Quarterly EMI,570241,Mangaldoi-570241,Meera Nair,Female,46-55,50,1979-01-29,ST,Sikh,RENT,25K-50K,Business,664,XLG,Services, 36 months,0.1065,B,B2,Mangaldoi,208-DBS,GUWAAHATI,AS,AS,ASSAM,Mangaldoi,570241,10961-NAYAN JYOTI SARMAH,Low,28028,45405,25677,14.07,1770.49,N,N,0,On-Time,0,0,1,2017-02-22,1,Feb-2017
ACC000264,395,DURGAPUR,JLG30K,17450,15573,3281,2023-05-30,Fully Paid,Monthly EMI,700013,DURGAPUR-700013,Meera Chopra,Female,46-55,53,1979-01-29,ST,Sikh,RENT,75K-100K,Business,551,XLG,Services, 36 months,0.1065,B,B2,DURGAPUR,201-DBS,HOWRAH,WB,WB,WEST BENGAL,PASCHIM BARDHHAMAN,700013,10037-RAJESH PRATAP,Low,17670,17244,17229,25.77,4918.56,N,Y,0,Very Late,1,0,1,2020-01-26,0,May-2023
ACC000265,818,SANGRUR,JLG30K,24839,37877,38189,2022-09-02,Fully Paid,Monthly EMI,110159,SANGRUR-110159,Laksh Mehta,Female,36-45,40,1979-01-29,ST,Sikh,RENT,50K-75K,Self-Employed,318,XLG,Services, 36 months,0.1065,B,B2,SANGRUR,102-DBS,LUDHIANA,PB,PB,PUNJAB,SANGRUR,110159,10037-RAJESH PRATAP,Low,24801,39497,24443,40.6,992.62,N,N,2,On-Time,0,0,1,2020-05-29,0,Sep-2022
ACC000266,461,CHHATA,JLG30K,19526,28425,24949,2020-01-01,Default,Monthly EMI,910020,CHHATA-910020,Aditya Verma,Female,46-55,49,1979-01-29,ST,Sikh,RENT,50K-75K,Self-Employed,695,XLG,Services, 36 months,0.1065,B,B2,CHHATA,176-DBS,BULANDSHAHR,UP,UP,UTTAR PRADESH,MATHURA,910020,10047-ANIL KUMAR,High,19628,30403,19061,12.54,698.86,N,N,0,Late,0,0,1,2020-01-01,1,Jan-2020
ACC000267,164,TEZPUR,JLG30K,27716,47339,37972,2017-07-16,Fully Paid,Quarterly EMI,680026,TEZPUR-680026,Kavya Chopra,Female,36-45,43,1979-01-29,General,Muslim,OWN,100K+,Business,300,XLG,Services, 36 months,0.1065,B,B2,TEZPUR,208-DBS,GUWAAHATI,AS,AS,ASSAM,SONITPUR,680026,11055-MANAS PROTIM HAZARIKA,Medium,28277,46923,27649,18.5,4873.62,N,N,1,Late,0,0,1,2017-07-16,1,Jul-2017
ACC000268,934,GUWAHATI,JLG46K,21693,45508,21323,2020-10-07,Default,Monthly EMI,560090,GUWAHATI-560090,Vivaan Reddy,Female,36-45,37,1979-01-29,OBC,Hindu,RENT,25K-50K,Salaried,426,XLG,Home Loan, 36 months,0.1825,D,D5,GUWAHATI,208-DBS,GUWAAHATI,AS,AS,ASSAM,Guwahati,560090,11955-LEKHAN KONWAR,Medium,23201,45645,21433,5.96,4045.15,N,N,0,Late,0,0,1,2020-10-07,1,Oct-2020
ACC000269,215,DHURI,JLG30K,49995,24182,17543,2019-12-11,Active,Quarterly EMI,1030063,DHURI-1030063,Kavya Gupta,Female,36-45,43,1979-01-29,Minority,Muslim,RENT,<25K,Self-Employed,528,XLG,Services, 36 months,0.1065,B,B2,DHURI,102-DBS,LUDHIANA,PB,PB,PUNJAB,SANGRUR,1030063,12058-DEEPAK KUMAR,Low,50918,24765,49520,14.36,390.85,N,N,2,On-Time,0,0,1,2019-12-11,1,Dec-2019
ACC000270,208,CHHATA,JLG30K,29951,47983,25921,2016-01-31,Fully Paid,Monthly EMI,910020,CHHATA-910020,Nisha Joshi,Female,26-35,33,1979-01-29,General,Hindu,MORTGAGE,50K-75K,Self-Employed,731,XLG,Services, 36 months,0.1065,B,B2,CHHATA,176-DBS,BULANDSHAHR,UP,UP,UTTAR PRADESH,MATHURA,910020,10047-ANIL KUMAR,High,31539,49728,29617,41.39,2125.09,N,N,1,On-Time,0,0,1,2016-01-31,1,Jan-2016
ACC000271,41,JORHAT,JLG30K,49249,6601,9672,2018-11-12,Fully Paid,Monthly EMI,850152,JORHAT-850152,Ishaan Sharma,Female,26-35,26,1979-01-29,General,Hindu,RENT,25K-50K,Salaried,522,XLG,Services, 36 months,0.1065,B,B2,JORHAT,208-DBS,GUWAAHATI,AS,AS,ASSAM,JORHAT,850152,10961-NAYAN JYOTI SARMAH,High,50822,7746,48913,24.06,1714.01,N,N,1,Late,0,0,1,2017-11-21,0,Nov-2018
ACC000272,665,Mathura,JLG30K,41202,37226,33900,2020-01-09,Fully Paid,Monthly EMI,910182,Mathura-910182,Diya Joshi,Female,36-45,43,1979-01-29,SC,Christian,RENT,50K-75K,Self-Employed,645,XLG,Services, 36 months,0.1065,B,B2,Mathura,176-DBS,BULANDSHAHR,UP,UP,UTTAR PRADESH,MATHURA,910182,10469-MANISH  PANDEY,High,42352,37560,41018,13.14,1607.86,Y,N,2,Very Late,0,1,1,2018-03-22,0,Jan-2020
ACC000273,138,BEHROR,JLG35K,21285,20648,44780,2015-04-12,Default,Quarterly EMI,30179,BEHROR-30179,Ananya Nair,Female,36-45,39,1979-01-29,ST,Sikh,RENT,75K-100K,Business,795,XLG,Trade, 36 months,0.0991,B,B1,BEHROR,301-DBS,JAIPUR,RJ,RJ,RAJASTHAN,BEHROD,30179,10055-MAHESH KUMAR PATEL,Low,22286,22010,20999,8.14,2445.41,N,N,1,On-Time,0,0,1,2015-04-12,1,Apr-2015
ACC000274,707,CHHATA,JLG30K,12327,3559,24902,2015-09-12,Paid Off,Quarterly EMI,910020,CHHATA-910020,Vivaan Reddy,Female,36-45,37,1979-01-29,OBC,Hindu,RENT,25K-50K,Salaried,426,XLG,Services, 36 months,0.1065,B,B2,CHHATA,176-DBS,BULANDSHAHR,UP,UP,UTTAR PRADESH,MATHURA,910020,10047-ANIL KUMAR,High,11909,4446,11883,14.72,1349.09,N,N,0,On-Time,0,0,1,2015-09-12,1,Sep-2015
ACC000275,290,MUKTSAR,JLG44K,11990,6241,7577,2022-09-10,Active,Monthly EMI,1110166,MUKTSAR-1110166,Kavya Chopra,Female,36-45,43,1979-01-29,General,Muslim,OWN,100K+,Business,300,XLG,Home Loan, 36 months,0.0662,A,A2,MUKTSAR,102-DBS,LUDHIANA,PB,PB,PUNJAB,SRI MUKTSAR SAHIB,1110166,11303-ASHUTOSH KUMAR SUMAN,Medium,11498,7589,11891,8.09,3871.1,N,Y,2,On-Time,1,0,1,2022-09-10,1,Sep-2022
ACC000276,867,ASANSOL,JLG30K,11859,37049,6965,2019-05-14,Fully Paid,Monthly EMI,690076,ASANSOL-690076,Vivaan Gupta,Female,46-55,50,1979-01-29,ST,Sikh,RENT,50K-75K,Self-Employed,768,XLG,Services, 36 months,0.1065,B,B2,ASANSOL,201-DBS,HOWRAH,WB,WB,WEST BENGAL,PASCHIM BARDHHAMAN,690076,10035-ABHAY TOMER,Medium,11372,38375,11565,15.12,3175.05,N,N,2,On-Time,0,0,1,2015-01-22,0,May-2019
ACC000277,384,JALANDHAR,JLG30K,20138,14607,39364,2020-08-23,Active,Monthly EMI,160051,JALANDHAR-160051,Laksh Mehta,Female,36-45,40,1979-01-29,ST,Sikh,RENT,50K-75K,Self-Employed,318,XLG,Services, 36 months,0.1065,B,B2,JALANDHAR,102-DBS,LUDHIANA,PB,PB,PUNJAB,JALANDHAR,160051,10067-AKSHAY KUMAR,Low,19644,16083,19959,21.92,2468.96,N,N,2,On-Time,0,0,1,2015-01-24,0,Aug-2020
ACC000278,472,Mathura,JLG30K,32701,49360,34857,2023-02-14,Active,Monthly EMI,910182,Mathura-910182,Laksh Reddy,Female,26-35,31,1979-01-29,SC,Hindu,RENT,25K-50K,Salaried,315,XLG,Services, 36 months,0.1065,B,B2,Mathura,176-DBS,BULANDSHAHR,UP,UP,UTTAR PRADESH,MATHURA,910182,10469-MANISH  PANDEY,High,33903,48914,32547,26.75,3673.54,N,N,0,Very Late,0,0,1,2022-04-06,0,Feb-2023
ACC000279,384,DHURI,JLG30K,43562,15660,29138,2015-01-24,Paid Off,Quarterly EMI,1030063,DHURI-1030063,Laksh Mehta,Female,36-45,40,1979-01-29,ST,Sikh,RENT,50K-75K,Self-Employed,318,XLG,Services, 36 months,0.1065,B,B2,DHURI,102-DBS,LUDHIANA,PB,PB,PUNJAB,SANGRUR,1030063,12058-DEEPAK KUMAR,Low,43072,16698,43125,12.55,1604.79,Y,N,0,On-Time,0,1,1,2015-01-24,1,Jan-2015
ACC000280,144,Mangaldoi,JLG30K,32669,5383,23969,2018-11-29,Paid Off,Quarterly EMI,570241,Mangaldoi-570241,Kavya Verma,Female,26-35,35,1979-01-29,ST,Sikh,RENT,75K-100K,Salaried,516,XLG,Services, 36 months,0.1065,B,B2,Mangaldoi,208-DBS,GUWAAHATI,AS,AS,ASSAM,Mangaldoi,570241,10961-NAYAN JYOTI SARMAH,Low,32392,6945,32192,30.72,2613.61,N,N,1,Very Late,0,0,1,2018-11-29,1,Nov-2018
ACC000281,659,MUKTSAR,JLG35K,41390,13033,41404,2022-07-29,Active,Quarterly EMI,1110166,MUKTSAR-1110166,Kavya Gupta,Female,36-45,39,1979-01-29,OBC,Hindu,RENT,50K-75K,Salaried,692,XLG,Trade, 36 months,0.0991,B,B1,MUKTSAR,102-DBS,LUDHIANA,PB,PB,PUNJAB,SRI MUKTSAR SAHIB,1110166,11303-ASHUTOSH KUMAR SUMAN,Medium,41856,13704,41064,43.75,2507.57,N,N,0,Late,0,0,1,2017-05-06,0,Jul-2022
ACC000282,220,BEHROR,JLG30K,4458,44525,34969,2023-11-30,Default,Monthly EMI,30179,BEHROR-30179,Diya Nair,Female,18-25,25,1979-01-29,General,Hindu,RENT,50K-75K,Self-Employed,752,XLG,Services, 36 months,0.1065,B,B2,BEHROR,301-DBS,JAIPUR,RJ,RJ,RAJASTHAN,BEHROD,30179,10055-MAHESH KUMAR PATEL,Low,4857,46444,4247,41.34,2862.2,N,N,0,Very Late,0,0,1,2015-01-03,0,Nov-2023
ACC000283,451,TEZPUR,JLG35K,6308,41628,4075,2015-01-16,Default,Quarterly EMI,680026,TEZPUR-680026,Kavya Mehta,Female,36-45,45,1973-03-14,General,Muslim,OWN,50K-75K,Business,490,XLG,Trade, 36 months,0.0991,B,B1,TEZPUR,208-DBS,GUWAAHATI,AS,AS,ASSAM,SONITPUR,680026,11055-MANAS PROTIM HAZARIKA,Medium,6702,42636,6308,11.72,4453.88,N,N,2,On-Time,0,0,1,2015-01-16,1,Jan-2015
ACC000284,519,MUKTSAR,JLG35K,36889,20495,22731,2020-09-17,Fully Paid,Monthly EMI,1110166,MUKTSAR-1110166,Ananya Patel,Female,36-45,43,1979-01-29,Minority,Muslim,RENT,75K-100K,Salaried,558,XLG,Trade, 36 months,0.0991,B,B1,MUKTSAR,102-DBS,LUDHIANA,PB,PB,PUNJAB,SRI MUKTSAR SAHIB,1110166,11303-ASHUTOSH KUMAR SUMAN,Medium,38381,20290,36744,35.17,4726.1,N,N,0,Very Late,0,0,1,2017-12-25,0,Sep-2020
ACC000285,863,NEEM KA THANA,JLG50K,43581,9314,22518,2021-11-28,Paid Off,Monthly EMI,80001,NEEM KA THANA-80001,Aarav Malhotra,Female,46-55,46,1979-01-29,Minority,Muslim,MORTGAGE,100K+,Salaried,604,XLG,Home Loan, 60 months,0.1991,E,E4,NEEM KA THANA,301-DBS,JAIPUR,RJ,RJ,RAJASTHAN,NEEM KA THANA,80001,10043-RAVI MISHRA,High,45112,8911,43489,19.08,2271.48,Y,N,1,On-Time,0,1,1,2016-11-22,0,Nov-2021
ACC000286,417,MUKTSAR,JLG35K,46142,31675,35988,2019-02-11,Default,Monthly EMI,1110166,MUKTSAR-1110166,Nisha Joshi,Female,26-35,35,1979-01-29,ST,Sikh,RENT,<25K,Business,697,XLG,Trade, 36 months,0.0991,B,B1,MUKTSAR,102-DBS,LUDHIANA,PB,PB,PUNJAB,SRI MUKTSAR SAHIB,1110166,11303-ASHUTOSH KUMAR SUMAN,Medium,46788,33371,45933,12.8,470.94,N,N,2,Late,0,0,1,2019-02-11,1,Feb-2019
ACC000287,305,BEHROR,JLG35,28000,16099,44126,2019-02-15,Paid Off,Quarterly EMI,30179,BEHROR-30179,Aditya Mehta,Female,26-35,32,1979-01-29,ST,Sikh,RENT,75K-100K,Salaried,666,XLG,Home Loan, 60 months,0.1465,C,C3,BEHROR,301-DBS,JAIPUR,RJ,RJ,RAJASTHAN,BEHROD,30179,10055-MAHESH KUMAR PATEL,Low,29850,16425,27831,22.16,4819.6,Y,N,0,On-Time,0,1,1,2015-05-25,0,Feb-2019
ACC000288,467,CHHATA,JLG35K,23407,13551,20012,2015-12-31,Default,Monthly EMI,910020,CHHATA-910020,Nisha Verma,Female,18-25,24,1979-01-29,ST,Sikh,RENT,<25K,Salaried,443,XLG,Trade, 36 months,0.0991,B,B1,CHHATA,176-DBS,BULANDSHAHR,UP,UP,UTTAR PRADESH,MATHURA,910020,10047-ANIL KUMAR,High,23172,15317,23147,27.21,1367.97,N,N,2,Late,0,0,1,2015-12-31,1,Dec-2015
ACC000289,176,SEHORE,JLG30K,11336,41383,23507,2016-03-23,Paid Off,Quarterly EMI,1440051,SEHORE-1440051,Ishaan Patel,Female,36-45,39,1979-01-29,Minority,Muslim,RENT,75K-100K,Self-Employed,472,XLG,Services, 36 months,0.1065,B,B2,SEHORE,200-DBS,BHOPAL,MP,MP,MADHYA PRADESH,SEHORE,1440051,10063-VIR SINGH,High,13225,41860,10952,13.64,2046.77,N,N,0,Very Late,0,0,1,2016-03-23,1,Mar-2016
ACC000290,655,DHURI,JLG30K,21934,29994,15290,2020-05-23,Fully Paid,Quarterly EMI,1030063,DHURI-1030063,Ananya Reddy,Female,26-35,29,1979-01-29,ST,Sikh,RENT,100K+,Salaried,324,XLG,Services, 36 months,0.1065,B,B2,DHURI,102-DBS,LUDHIANA,PB,PB,PUNJAB,SANGRUR,1030063,12058-DEEPAK KUMAR,Low,22227,30772,21637,2.42,284.3,N,N,2,On-Time,0,0,1,2020-05-23,1,May-2020
ACC000291,750,DHURI,JLG30K,19908,33340,22264,2016-01-16,Default,Monthly EMI,1030063,DHURI-1030063,Ishaan Patel,Female,36-45,39,1979-01-29,Minority,Muslim,RENT,75K-100K,Self-Employed,472,XLG,Services, 36 months,0.1065,B,B2,DHURI,102-DBS,LUDHIANA,PB,PB,PUNJAB,SANGRUR,1030063,12058-DEEPAK KUMAR,Low,19628,34103,19429,11.56,3890.54,N,N,1,On-Time,0,0,1,2016-01-16,1,Jan-2016
ACC000292,560,MAWANA,JLG30K,13776,27133,28584,2015-03-16,Paid Off,Quarterly EMI,800018,MAWANA-800018,Ananya Gupta,Female,36-45,38,1979-01-29,ST,Sikh,RENT,50K-75K,Salaried,450,XLG,Services, 36 months,0.1065,B,B2,MAWANA,176-DBS,BULANDSHAHR,UP,UP,UTTAR PRADESH,MEERUT,800018,11183-ANIL KUMAR,Medium,15573,28432,13395,41.74,4506.22,Y,N,2,On-Time,0,1,1,2015-03-16,1,Mar-2015
ACC000293,299,DURGAPUR,JLG35K,16443,42422,29870,2020-01-22,Fully Paid,Quarterly EMI,700013,DURGAPUR-700013,Meera Verma,Female,46-55,47,1979-01-29,SC,Hindu,RENT,75K-100K,Business,546,XLG,Trade, 36 months,0.0991,B,B1,DURGAPUR,201-DBS,HOWRAH,WB,WB,WEST BENGAL,PASCHIM BARDHHAMAN,700013,10037-RAJESH PRATAP,Low,18024,44373,16133,11.2,1424.26,N,N,0,On-Time,0,0,1,2015-09-12,0,Jan-2020
ACC000294,381,HAPUR,JLG30K,44925,47493,37609,2015-12-15,Paid Off,Monthly EMI,210563,HAPUR-210563,Aditya Verma,Female,36-45,40,1979-01-29,Minority,Muslim,RENT,50K-75K,Salaried,714,XLG,Services, 36 months,0.1065,B,B2,HAPUR,176-DBS,BULANDSHAHR,UP,UP,UTTAR PRADESH,HAPUR,210563,10183-RISHABH PANT,Low,45304,47429,44632,13.79,1879.7,N,Y,0,On-Time,1,0,1,2015-12-15,1,Dec-2015
ACC000295,521,MUKTSAR,JLG35K,25139,47274,7271,2019-08-01,Fully Paid,Quarterly EMI,1110166,MUKTSAR-1110166,Aarav Malhotra,Female,46-55,47,1979-01-29,Minority,Muslim,RENT,<25K,Salaried,526,XLG,Trade, 36 months,0.0991,B,B1,MUKTSAR,102-DBS,LUDHIANA,PB,PB,PUNJAB,SRI MUKTSAR SAHIB,1110166,11303-ASHUTOSH KUMAR SUMAN,Medium,25770,48110,25070,41.0,3301.19,N,N,0,On-Time,0,0,1,2016-06-15,0,Aug-2019
ACC000296,89,MAHASAMUND,JLG35K,13837,9373,1629,2021-08-26,Paid Off,Quarterly EMI,250029,MAHASAMUND-250029,Ananya Malhotra,Female,36-45,44,1979-01-29,SC,Hindu,MORTGAGE,<25K,Self-Employed,361,XLG,Trade, 36 months,0.0991,B,B1,MAHASAMUND,207-DBS,RAIPUR,CG,CG,CHATTISGARH,MAHASAMUND,250029,11640-NITISH KUMAR,High,14723,10572,13561,45.61,4112.22,N,N,1,On-Time,0,0,1,2021-08-26,1,Aug-2021
ACC000297,624,DURGAPUR,JLG30K,22662,5655,5734,2021-08-12,Fully Paid,Quarterly EMI,700013,DURGAPUR-700013,Laksh Reddy,Female,26-35,29,1979-01-29,OBC,Hindu,RENT,75K-100K,Business,311,XLG,Services, 36 months,0.1065,B,B2,DURGAPUR,201-DBS,HOWRAH,WB,WB,WEST BENGAL,PASCHIM BARDHHAMAN,700013,10037-RAJESH PRATAP,Low,23586,7435,22449,13.08,3678.82,N,N,0,Late,0,0,1,2015-06-02,0,Aug-2021
ACC000298,793,Mangaldoi,JLG30K,7281,35694,22192,2020-07-09,Paid Off,Quarterly EMI,570241,Mangaldoi-570241,Aditya Joshi,Female,46-55,54,1979-01-29,OBC,Hindu,RENT,50K-75K,Business,357,XLG,Services, 36 months,0.1065,B,B2,Mangaldoi,208-DBS,GUWAAHATI,AS,AS,ASSAM,Mangaldoi,570241,10961-NAYAN JYOTI SARMAH,Low,7299,35579,7125,41.48,536.63,N,N,1,On-Time,0,0,1,2018-11-19,0,Jul-2020
ACC000299,559,HAPUR,JLG35K,10216,32190,32813,2021-03-13,Paid Off,Quarterly EMI,210563,HAPUR-210563,Ishaan Joshi,Female,36-45,43,1979-01-29,General,Hindu,RENT,100K+,Salaried,675,XLG,Trade, 36 months,0.0991,B,B1,HAPUR,176-DBS,BULANDSHAHR,UP,UP,UTTAR PRADESH,HAPUR,210563,10183-RISHABH PANT,Low,11163,31710,10121,29.76,1894.12,Y,N,2,On-Time,0,1,1,2016-05-31,0,Mar-2021
ACC000300,16,MUKTSAR,JLG30K,9881,37056,43774,2021-06-04,Fully Paid,Monthly EMI,1110166,MUKTSAR-1110166,Vivaan Malhotra,Female,46-55,53,1979-01-29,SC,Hindu,RENT,75K-100K,Business,488,XLG,Services, 36 months,0.1065,B,B2,MUKTSAR,102-DBS,LUDHIANA,PB,PB,PUNJAB,SRI MUKTSAR SAHIB,1110166,11303-ASHUTOSH KUMAR SUMAN,Medium,11445,37948,9783,43.88,2415.01,N,N,1,Very Late,0,0,1,2015-09-15,0,Jun-2021
ACC000301,652,Mathura,JLG50K,43172,7840,40125,2016-10-17,Fully Paid,Quarterly EMI,910182,Mathura-910182,Vivaan Gupta,Female,46-55,46,1979-01-29,ST,Sikh,OWN,75K-100K,Business,481,XLG,Home Loan, 60 months,0.1991,E,E4,Mathura,176-DBS,BULANDSHAHR,UP,UP,UTTAR PRADESH,MATHURA,910182,10469-MANISH  PANDEY,High,44237,9272,42942,31.49,278.82,N,N,0,Very Late,0,0,1,2016-04-02,0,Oct-2016
ACC000302,446,BULANDSHAHR,JLG30K,19858,21043,38013,2018-03-15,Fully Paid,Quarterly EMI,10068,BULANDSHAHR-10068,Ananya Malhotra,Female,36-45,44,1979-01-29,SC,Hindu,MORTGAGE,<25K,Self-Employed,361,XLG,Services, 36 months,0.1065,B,B2,BULANDSHAHR,176-DBS,BULANDSHAHR,UP,UP,UTTAR PRADESH,BULANDSHAHAR,10068,10057-NANDI SHANKAR,High,20125,20744,19837,48.74,922.96,N,N,0,On-Time,0,0,1,2018-03-15,1,Mar-2018
ACC000303,842,Mathura,JLG35K,17393,27540,33444,2017-09-26,Paid Off,Quarterly EMI,910182,Mathura-910182,Nisha Patel,Female,36-45,41,1979-01-29,General,Hindu,RENT,100K+,Salaried,399,XLG,Trade, 36 months,0.0991,B,B1,Mathura,176-DBS,BULANDSHAHR,UP,UP,UTTAR PRADESH,MATHURA,910182,10469-MANISH  PANDEY,High,18615,28348,16971,49.96,1855.53,N,N,2,On-Time,0,0,1,2017-09-26,1,Sep-2017
ACC000304,194,SEHORE,JLG46K,44221,14354,28450,2019-10-11,Fully Paid,Monthly EMI,1440051,SEHORE-1440051,Ananya Patel,Female,36-45,43,1979-01-29,Minority,Muslim,RENT,75K-100K,Salaried,558,XLG,Home Loan, 36 months,0.1825,D,D5,SEHORE,200-DBS,BHOPAL,MP,MP,MADHYA PRADESH,SEHORE,1440051,10063-VIR SINGH,High,44823,13910,43848,17.14,2241.24,N,N,0,Late,0,0,1,2019-10-11,1,Oct-2019
ACC000305,401,MADHUBANI,JLG45K,31117,25700,23121,2015-09-05,Paid Off,Monthly EMI,1140044,MADHUBANI-1140044,Laksh Patel,Female,46-55,46,1979-01-29,General,Hindu,RENT,50K-75K,Business,467,XLG,Agriculture, 36 months,0.0751,A,A3,MADHUBANI,209-DBS,PATNA,BR,BR,BIHAR,MADHUBANI,1140044,10514-MANISH KUMAR MISHRA,Medium,31843,26949,30764,11.52,1092.19,N,N,2,On-Time,0,0,1,2015-09-05,1,Sep-2015
ACC000306,480,KURUKSHETRA,JLG30K,4339,33230,1978,2021-02-05,Fully Paid,Monthly EMI,70364,KURUKSHETRA-70364,Diya Joshi,Female,26-35,34,1979-01-29,OBC,Hindu,RENT,25K-50K,Salaried,756,XLG,Services, 36 months,0.1065,B,B2,KURUKSHETRA,206-DBS,KARNAL,HR,HR,HARYANA,KURUKSHETRA,70364,10028-AAYUSH PANDEY,Medium,5178,34184,4025,20.71,1184.65,N,N,2,On-Time,0,0,1,2021-02-05,1,Feb-2021
ACC000307,124,DHURI,JLG30K,35394,32123,37748,2015-08-02,Paid Off,Quarterly EMI,1030063,DHURI-1030063,Kavya Verma,Female,36-45,39,1979-01-29,ST,Sikh,RENT,100K+,Business,791,XLG,Services, 36 months,0.1065,B,B2,DHURI,102-DBS,LUDHIANA,PB,PB,PUNJAB,SANGRUR,1030063,12058-DEEPAK KUMAR,Low,36854,32265,35246,19.68,3983.67,N,N,1,Late,0,0,1,2015-08-02,1,Aug-2015
ACC000308,727,BULANDSHAHR,JLG30K,18228,19139,37345,2015-06-05,Fully Paid,Monthly EMI,10068,BULANDSHAHR-10068,Kavya Chopra,Female,18-25,23,1979-01-29,General,Hindu,RENT,75K-100K,Business,588,XLG,Services, 36 months,0.1065,B,B2,BULANDSHAHR,176-DBS,BULANDSHAHR,UP,UP,UTTAR PRADESH,BULANDSHAHAR,10068,10057-NANDI SHANKAR,High,17837,20415,18156,34.54,1205.87,N,N,0,On-Time,0,0,1,2015-06-05,1,Jun-2015
ACC000309,936,DHURI,JLG35K,26001,21613,18748,2020-08-18,Fully Paid,Quarterly EMI,1030063,DHURI-1030063,Ananya Patel,Female,36-45,43,1979-01-29,Minority,Muslim,RENT,75K-100K,Salaried,558,XLG,Trade, 36 months,0.0991,B,B1,DHURI,102-DBS,LUDHIANA,PB,PB,PUNJAB,SANGRUR,1030063,12058-DEEPAK KUMAR,Low,25598,21127,25915,31.0,2267.66,N,N,2,Late,0,0,1,2018-03-28,0,Aug-2020
ACC000310,593,DURGAPUR,JLG35K,15628,25433,29893,2021-06-16,Fully Paid,Quarterly EMI,700013,DURGAPUR-700013,Vivaan Gupta,Female,56-63,57,1979-01-29,General,Muslim,RENT,75K-100K,Business,472,XLG,Trade, 36 months,0.0991,B,B1,DURGAPUR,201-DBS,HOWRAH,WB,WB,WEST BENGAL,PASCHIM BARDHHAMAN,700013,10037-RAJESH PRATAP,Low,17574,26023,15326,40.5,3773.48,N,Y,0,On-Time,1,0,1,2016-02-14,0,Jun-2021
ACC000311,865,MUKTSAR,JLG35K,34050,39659,22824,2017-06-01,Default,Quarterly EMI,1110166,MUKTSAR-1110166,Kavya Gupta,Female,36-45,39,1979-01-29,OBC,Hindu,RENT,50K-75K,Salaried,692,XLG,Trade, 36 months,0.0991,B,B1,MUKTSAR,102-DBS,LUDHIANA,PB,PB,PUNJAB,SRI MUKTSAR SAHIB,1110166,11303-ASHUTOSH KUMAR SUMAN,Medium,34308,41653,33977,33.31,1359.65,N,N,0,On-Time,0,0,1,2017-06-01,1,Jun-2017
ACC000312,449,DHURI,JLG30K,4626,3793,25058,2017-06-14,Default,Quarterly EMI,1030063,DHURI-1030063,Vivaan Patel,Female,46-55,51,1979-01-29,SC,Hindu,MORTGAGE,100K+,Business,375,XLG,Services, 36 months,0.1065,B,B2,DHURI,102-DBS,LUDHIANA,PB,PB,PUNJAB,SANGRUR,1030063,12058-DEEPAK KUMAR,Low,4505,4890,4339,35.76,3038.73,N,N,1,On-Time,0,0,1,2017-06-14,1,Jun-2017
ACC000313,932,SANGRUR,JLG30K,4070,40799,2735,2023-09-14,Active,Quarterly EMI,110159,SANGRUR-110159,Vivaan Verma,Female,46-55,52,1979-01-29,ST,Sikh,RENT,100K+,Salaried,626,XLG,Services, 36 months,0.1065,B,B2,SANGRUR,102-DBS,LUDHIANA,PB,PB,PUNJAB,SANGRUR,110159,10037-RAJESH PRATAP,Low,5975,41709,3970,9.9,4782.06,N,N,0,On-Time,0,0,1,2023-09-14,1,Sep-2023
ACC000314,174,Mathura,JLG35K,5337,18124,28449,2023-09-01,Fully Paid,Monthly EMI,910182,Mathura-910182,Ananya Malhotra,Female,46-55,54,1979-01-29,Minority,Muslim,RENT,25K-50K,Self-Employed,433,XLG,Trade, 36 months,0.0991,B,B1,Mathura,176-DBS,BULANDSHAHR,UP,UP,UTTAR PRADESH,MATHURA,910182,10469-MANISH  PANDEY,High,5817,19570,5166,28.92,1514.07,N,N,1,On-Time,0,0,1,2021-05-04,0,Sep-2023
ACC000315,768,SANGRUR,JLG35K,18540,34210,40021,2018-04-01,Paid Off,Quarterly EMI,110159,SANGRUR-110159,Laksh Mehta,Female,36-45,40,1979-01-29,ST,Sikh,RENT,50K-75K,Self-Employed,318,XLG,Trade, 36 months,0.0991,B,B1,SANGRUR,102-DBS,LUDHIANA,PB,PB,PUNJAB,SANGRUR,110159,10037-RAJESH PRATAP,Low,19218,35281,18250,42.54,1078.9,N,N,1,Late,0,0,1,2018-04-01,1,Apr-2018
ACC000316,128,DURGAPUR,JLG35K,12262,2815,31241,2023-03-08,Active,Quarterly EMI,700013,DURGAPUR-700013,Nisha Reddy,Female,26-35,33,1979-01-29,ST,Sikh,RENT,100K+,Business,473,XLG,Trade, 36 months,0.0991,B,B1,DURGAPUR,201-DBS,HOWRAH,WB,WB,WEST BENGAL,PASCHIM BARDHHAMAN,700013,10037-RAJESH PRATAP,Low,12050,3252,12082,14.63,3791.0,N,N,1,On-Time,0,0,1,2021-02-21,0,Mar-2023
ACC000317,198,RAIPUR,JLG46K,7784,43532,2903,2019-08-28,Fully Paid,Monthly EMI,230415,RAIPUR-230415,Nisha Joshi,Female,46-55,48,1979-01-29,General,Hindu,MORTGAGE,50K-75K,Business,657,XLG,Home Loan, 36 months,0.1825,D,D5,RAIPUR,207-DBS,RAIPUR,CG,CG,CHATTISGARH,RAIPUR,230415,10924-DILIP KUMAR,High,8053,44136,7477,42.43,813.39,N,N,2,On-Time,0,0,1,2019-08-28,1,Aug-2019
ACC000318,428,FATEHGARH SAHIB,JLG35K,7209,48381,21892,2022-02-20,Fully Paid,Monthly EMI,120676,FATEHGARH SAHIB-120676,Laksh Sharma,Female,26-35,31,1979-01-29,SC,Hindu,RENT,100K+,Self-Employed,672,XLG,Trade, 36 months,0.0991,B,B1,FATEHGARH SAHIB,102-DBS,LUDHIANA,PB,PB,PUNJAB,FATEHGARH SAHIB,120676,10037-RAJESH PRATAP,Medium,6827,49573,7011,39.67,4674.08,N,N,2,Very Late,0,0,1,2022-02-20,1,Feb-2022
ACC000319,409,RAIPUR,JLG30K,20216,15631,11244,2020-08-27,Active,Quarterly EMI,230415,RAIPUR-230415,Kavya Sharma,Female,26-35,26,1979-01-29,SC,Hindu,RENT,75K-100K,Business,398,XLG,Services, 36 months,0.1065,B,B2,RAIPUR,207-DBS,RAIPUR,CG,CG,CHATTISGARH,RAIPUR,230415,10924-DILIP KUMAR,High,20756,16311,19890,41.68,182.57,N,N,0,On-Time,0,0,1,2020-08-27,1,Aug-2020
ACC000320,722,Mangaldoi,JLG30K,7196,29264,19164,2018-04-05,Fully Paid,Quarterly EMI,570241,Mangaldoi-570241,Meera Sharma,Female,36-45,43,1979-01-29,Minority,Muslim,RENT,100K+,Self-Employed,672,XLG,Services, 36 months,0.1065,B,B2,Mangaldoi,208-DBS,GUWAAHATI,AS,AS,ASSAM,Mangaldoi,570241,10961-NAYAN JYOTI SARMAH,Low,8034,29264,6727,13.23,4705.12,N,N,0,Very Late,0,0,1,2018-04-05,1,Apr-2018
ACC000321,494,JALANDHAR,JLG30K,8551,25822,6976,2015-05-30,Fully Paid,Quarterly EMI,160051,JALANDHAR-160051,Ananya Malhotra,Female,46-55,54,1979-01-29,Minority,Muslim,RENT,25K-50K,Self-Employed,433,XLG,Services, 36 months,0.1065,B,B2,JALANDHAR,102-DBS,LUDHIANA,PB,PB,PUNJAB,JALANDHAR,160051,10067-AKSHAY KUMAR,Low,9429,26534,8285,40.8,1255.25,N,N,2,On-Time,0,0,1,2015-05-30,1,May-2015
ACC000322,37,MAHASAMUND,JLG30K,36152,49205,14043,2016-05-18,Paid Off,Quarterly EMI,250029,MAHASAMUND-250029,Nisha Chopra,Female,46-55,52,1979-01-29,General,Hindu,RENT,100K+,Salaried,322,XLG,Services, 36 months,0.1065,B,B2,MAHASAMUND,207-DBS,RAIPUR,CG,CG,CHATTISGARH,MAHASAMUND,250029,11640-NITISH KUMAR,High,37071,48971,35714,32.42,2456.83,N,N,0,On-Time,0,0,1,2016-05-18,1,May-2016
ACC000323,801,PAOTA,JLG30K,5724,4321,42584,2018-03-29,Paid Off,Monthly EMI,90149,PAOTA-90149,Meera Nair,Female,46-55,50,1979-01-29,ST,Sikh,RENT,25K-50K,Business,664,XLG,Services, 36 months,0.1065,B,B2,PAOTA,301-DBS,JAIPUR,RJ,RJ,RAJASTHAN,jaipur,90149,10043-RAVI MISHRA,Low,7645,5335,5281,5.87,2630.8,N,Y,0,Late,1,0,1,2017-02-22,0,Mar-2018
ACC000324,516,BULANDSHAHR,JLG30K,8069,36141,27950,2017-06-09,Fully Paid,Monthly EMI,10068,BULANDSHAHR-10068,Kavya Sharma,Female,26-35,26,1979-01-29,SC,Hindu,RENT,75K-100K,Business,398,XLG,Services, 36 months,0.1065,B,B2,BULANDSHAHR,176-DBS,BULANDSHAHR,UP,UP,UTTAR PRADESH,BULANDSHAHAR,10068,10057-NANDI SHANKAR,High,8763,36939,7749,25.34,173.5,N,N,2,On-Time,0,0,1,2016-01-29,0,Jun-2017
ACC000325,77,MOTIHARI,JLG35K,36805,45098,23264,2023-03-08,Fully Paid,Monthly EMI,520376,MOTIHARI-520376,Diya Joshi,Female,26-35,34,1979-01-29,OBC,Hindu,RENT,25K-50K,Salaried,756,XLG,Trade, 36 months,0.0991,B,B1,MOTIHARI,209-DBS,PATNA,BR,BR,BIHAR,Motihari,520376,10537-RAGHUVANSH SINGH,Medium,38599,46983,36574,42.29,3392.7,N,N,1,On-Time,0,0,1,2021-01-15,0,Mar-2023
ACC000326,170,CUTTACK,JLG30K,29154,30596,20992,2020-08-24,Fully Paid,Quarterly EMI,630081,CUTTACK-630081,Laksh Gupta,Female,36-45,36,1979-01-29,General,Muslim,OWN,<25K,Business,807,XLG,Services, 36 months,0.1065,B,B2,CUTTACK,107-DBS,BHUBANESWAR,OR,OR,ODISHA,CUTTACK,630081,12061-PINAKAPANI KANUNGO,High,30196,30285,28801,25.45,2879.05,N,N,2,Late,0,0,1,2017-11-28,0,Aug-2020
ACC000327,923,BULANDSHAHR,JLG30K,26958,22518,17836,2018-03-17,Fully Paid,Quarterly EMI,10068,BULANDSHAHR-10068,Ishaan Chopra,Female,18-25,22,1997-10-16,ST,Sikh,MORTGAGE,50K-75K,Salaried,714,XLG,Services, 36 months,0.1065,B,B2,BULANDSHAHR,176-DBS,BULANDSHAHR,UP,UP,UTTAR PRADESH,BULANDSHAHAR,10068,10057-NANDI SHANKAR,High,27297,23602,26758,2.34,4596.67,N,N,2,On-Time,0,0,1,2017-08-10,0,Mar-2018
ACC000328,520,KURUKSHETRA,JLG30K,16955,12136,35820,2022-09-19,Fully Paid,Quarterly EMI,70364,KURUKSHETRA-70364,Kavya Sharma,Female,26-35,26,1979-01-29,SC,Hindu,RENT,75K-100K,Business,398,XLG,Services, 36 months,0.1065,B,B2,KURUKSHETRA,206-DBS,KARNAL,HR,HR,HARYANA,KURUKSHETRA,70364,10028-AAYUSH PANDEY,Medium,18490,12378,16592,17.23,2332.88,N,N,1,Late,0,0,1,2022-09-19,1,Sep-2022
ACC000329,380,BEHROR,JLG46K,45668,32555,34461,2017-04-22,Fully Paid,Quarterly EMI,30179,BEHROR-30179,Meera Joshi,Female,46-55,53,1979-01-29,ST,Sikh,RENT,<25K,Salaried,529,XLG,Home Loan, 36 months,0.1825,D,D5,BEHROR,301-DBS,JAIPUR,RJ,RJ,RAJASTHAN,BEHROD,30179,10055-MAHESH KUMAR PATEL,Low,46782,32120,45350,15.91,4594.43,N,N,2,Late,0,0,1,2017-04-22,1,Apr-2017
ACC000330,781,JALANDHAR,JLG35K,32630,38028,23180,2015-08-24,Paid Off,Quarterly EMI,160051,JALANDHAR-160051,Ananya Sharma,Female,26-35,32,1979-01-29,OBC,Hindu,RENT,100K+,Self-Employed,584,XLG,Trade, 36 months,0.0991,B,B1,JALANDHAR,102-DBS,LUDHIANA,PB,PB,PUNJAB,JALANDHAR,160051,10067-AKSHAY KUMAR,Low,33393,39124,32368,45.48,4145.73,N,N,0,Late,0,0,1,2015-08-24,1,Aug-2015
ACC000331,218,MADHUBANI,JLG30K,31965,36554,3708,2021-02-20,Paid Off,Monthly EMI,1140044,MADHUBANI-1140044,Meera Reddy,Female,46-55,49,1979-01-29,ST,Hindu,OWN,75K-100K,Salaried,374,XLG,Services, 36 months,0.1065,B,B2,MADHUBANI,209-DBS,PATNA,BR,BR,BIHAR,MADHUBANI,1140044,10514-MANISH KUMAR MISHRA,Medium,33488,36453,31788,17.81,2410.14,N,N,0,On-Time,0,0,1,2015-11-02,0,Feb-2021
ACC000332,67,Mangaldoi,JLG30K,4516,3488,11351,2019-09-27,Paid Off,Quarterly EMI,570241,Mangaldoi-570241,Kavya Mehta,Female,36-45,37,1979-01-29,ST,Hindu,MORTGAGE,75K-100K,Business,414,XLG,Services, 36 months,0.1065,B,B2,Mangaldoi,208-DBS,GUWAAHATI,AS,AS,ASSAM,Mangaldoi,570241,10961-NAYAN JYOTI SARMAH,Low,6331,4271,4498,46.03,3053.66,Y,N,0,On-Time,0,1,1,2018-09-03,0,Sep-2019
ACC000333,338,BILASPUR,JLG30K,40546,45969,3733,2020-01-17,Paid Off,Monthly EMI,240005,BILASPUR-240005,Laksh Reddy,Female,36-45,36,1979-01-29,OBC,Hindu,OWN,50K-75K,Business,787,XLG,Services, 36 months,0.1065,B,B2,BILASPUR,207-DBS,RAIPUR,CG,CG,CHATTISGARH,BILASPUR,240005,10886-MANISH KUMAR DWIVEDI,Low,40825,47383,40149,39.03,2441.31,N,N,0,On-Time,0,0,1,2020-01-17,1,Jan-2020
ACC000334,837,MAHASAMUND,JLG30K,40056,39498,28632,2019-05-13,Fully Paid,Monthly EMI,250029,MAHASAMUND-250029,Laksh Malhotra,Female,46-55,51,1979-01-29,General,Muslim,MORTGAGE,75K-100K,Self-Employed,804,XLG,Services, 36 months,0.1065,B,B2,MAHASAMUND,207-DBS,RAIPUR,CG,CG,CHATTISGARH,MAHASAMUND,250029,11640-NITISH KUMAR,High,41659,39429,39705,24.75,3046.77,N,N,2,On-Time,0,0,1,2019-05-13,1,May-2019
ACC000335,134,DHURI,JLG46K,46054,26847,23439,2021-11-16,Default,Monthly EMI,1030063,DHURI-1030063,Kavya Malhotra,Female,26-35,34,1979-01-29,ST,Sikh,MORTGAGE,75K-100K,Business,328,XLG,Home Loan, 36 months,0.1825,D,D5,DHURI,102-DBS,LUDHIANA,PB,PB,PUNJAB,SANGRUR,1030063,12058-DEEPAK KUMAR,Low,47623,28699,45760,6.54,4899.46,N,N,0,Late,0,0,1,2021-01-28,0,Nov-2021
ACC000336,467,BEHROR,JLG44K,10863,4114,34555,2018-07-15,Paid Off,Monthly EMI,30179,BEHROR-30179,Nisha Verma,Female,18-25,24,1979-01-29,ST,Sikh,RENT,<25K,Salaried,443,XLG,Home Loan, 36 months,0.0662,A,A2,BEHROR,301-DBS,JAIPUR,RJ,RJ,RAJASTHAN,BEHROD,30179,10055-MAHESH KUMAR PATEL,Low,12206,5093,10420,21.3,2966.65,N,N,1,Late,0,0,1,2015-12-31,0,Jul-2018
ACC000337,958,MUKTSAR,JLG30K,23392,26584,40878,2016-10-26,Default,Quarterly EMI,1110166,MUKTSAR-1110166,Ishaan Mehta,Female,36-45,39,1979-01-29,OBC,Hindu,OWN,50K-75K,Self-Employed,812,XLG,Services, 36 months,0.1065,B,B2,MUKTSAR,102-DBS,LUDHIANA,PB,PB,PUNJAB,SRI MUKTSAR SAHIB,1110166,11303-ASHUTOSH KUMAR SUMAN,Medium,24269,27735,22901,13.91,4051.77,N,N,0,On-Time,0,0,1,2016-10-26,1,Oct-2016
ACC000338,879,BEHROR,JLG30K,14752,28265,16281,2021-02-02,Active,Monthly EMI,30179,BEHROR-30179,Meera Nair,Female,36-45,38,1979-01-29,ST,Sikh,OWN,75K-100K,Self-Employed,368,XLG,Services, 36 months,0.1065,B,B2,BEHROR,301-DBS,JAIPUR,RJ,RJ,RAJASTHAN,BEHROD,30179,10055-MAHESH KUMAR PATEL,Low,16726,27891,14295,14.92,4543.12,N,N,1,On-Time,0,0,1,2018-08-12,0,Feb-2021
ACC000339,798,MUKTSAR,JLG30K,42619,30180,21384,2020-04-02,Paid Off,Quarterly EMI,1110166,MUKTSAR-1110166,Ananya Reddy,Female,26-35,29,1979-01-29,ST,Sikh,RENT,100K+,Salaried,324,XLG,Services, 36 months,0.1065,B,B2,MUKTSAR,102-DBS,LUDHIANA,PB,PB,PUNJAB,SRI MUKTSAR SAHIB,1110166,11303-ASHUTOSH KUMAR SUMAN,Medium,44610,29816,42570,18.48,2471.74,Y,N,2,On-Time,0,1,1,2016-07-24,0,Apr-2020
ACC000340,347,BULANDSHAHR,JLG35K,17805,19887,11948,2021-11-02,Active,Quarterly EMI,10068,BULANDSHAHR-10068,Laksh Gupta,Female,46-55,52,1979-01-29,SC,Hindu,RENT,75K-100K,Salaried,584,XLG,Trade, 36 months,0.0991,B,B1,BULANDSHAHR,176-DBS,BULANDSHAHR,UP,UP,UTTAR PRADESH,BULANDSHAHAR,10068,10057-NANDI SHANKAR,High,18533,21323,17558,43.48,191.62,N,N,0,On-Time,0,0,1,2021-11-02,1,Nov-2021
ACC000341,922,ASANSOL,JLG30K,3956,25798,6822,2015-11-24,Fully Paid,Quarterly EMI,690076,ASANSOL-690076,Nisha Joshi,Female,46-55,48,1979-01-29,General,Hindu,MORTGAGE,50K-75K,Business,657,XLG,Services, 36 months,0.1065,B,B2,ASANSOL,201-DBS,HOWRAH,WB,WB,WEST BENGAL,PASCHIM BARDHHAMAN,690076,10035-ABHAY TOMER,Medium,3463,27497,3756,48.04,747.99,N,N,1,Late,0,0,1,2015-02-10,0,Nov-2015
ACC000342,759,DHURI,JLG35K,31356,30322,4212,2019-01-14,Paid Off,Quarterly EMI,1030063,DHURI-1030063,Kavya Verma,Female,36-45,39,1979-01-29,ST,Sikh,RENT,100K+,Business,791,XLG,Trade, 36 months,0.0991,B,B1,DHURI,102-DBS,LUDHIANA,PB,PB,PUNJAB,SANGRUR,1030063,12058-DEEPAK KUMAR,Low,31632,31194,30990,19.81,1914.71,N,N,2,On-Time,0,0,1,2016-01-21,0,Jan-2019
ACC000343,289,MUKTSAR,JLG35K,19523,7998,42270,2020-08-03,Active,Quarterly EMI,1110166,MUKTSAR-1110166,Diya Sharma,Female,26-35,34,1979-01-29,ST,Sikh,MORTGAGE,100K+,Self-Employed,341,XLG,Trade, 36 months,0.0991,B,B1,MUKTSAR,102-DBS,LUDHIANA,PB,PB,PUNJAB,SRI MUKTSAR SAHIB,1110166,11303-ASHUTOSH KUMAR SUMAN,Medium,20312,7665,19445,9.68,3734.07,N,N,0,On-Time,0,0,1,2016-03-20,0,Aug-2020
ACC000344,143,MAWANA,JLG30K,43435,27845,39119,2018-05-13,Active,Monthly EMI,800018,MAWANA-800018,Vivaan Verma,Female,46-55,52,1979-01-29,ST,Sikh,RENT,100K+,Salaried,626,XLG,Services, 36 months,0.1065,B,B2,MAWANA,176-DBS,BULANDSHAHR,UP,UP,UTTAR PRADESH,MEERUT,800018,11183-ANIL KUMAR,Medium,44499,28255,43350,29.19,804.94,N,N,1,On-Time,0,0,1,2018-05-13,1,May-2018
ACC000345,939,CUTTACK,JLG35K,4655,12288,33654,2022-11-14,Paid Off,Monthly EMI,630081,CUTTACK-630081,Kavya Verma,Female,36-45,39,1979-01-29,ST,Sikh,RENT,100K+,Business,791,XLG,Trade, 36 months,0.0991,B,B1,CUTTACK,107-DBS,BHUBANESWAR,OR,OR,ODISHA,CUTTACK,630081,12061-PINAKAPANI KANUNGO,High,6134,12105,4503,3.02,2764.91,N,N,0,On-Time,0,0,1,2018-04-21,0,Nov-2022
ACC000346,469,JALANDHAR,JLG35K,25775,32992,21340,2023-12-18,Active,Monthly EMI,160051,JALANDHAR-160051,Ananya Malhotra,Female,46-55,54,1979-01-29,Minority,Muslim,RENT,25K-50K,Self-Employed,433,XLG,Trade, 36 months,0.0991,B,B1,JALANDHAR,102-DBS,LUDHIANA,PB,PB,PUNJAB,JALANDHAR,160051,10067-AKSHAY KUMAR,Low,25681,33317,25700,23.86,3258.99,N,N,0,On-Time,0,0,1,2017-01-20,0,Dec-2023
ACC000347,558,Mathura,JLG30K,3492,40474,4138,2017-04-27,Active,Monthly EMI,910182,Mathura-910182,Aditya Mehta,Female,46-55,46,1979-01-29,Minority,Muslim,RENT,<25K,Business,708,XLG,Services, 36 months,0.1065,B,B2,Mathura,176-DBS,BULANDSHAHR,UP,UP,UTTAR PRADESH,MATHURA,910182,10469-MANISH  PANDEY,High,4981,40886,3248,42.88,555.46,N,N,2,Very Late,0,0,1,2016-01-18,0,Apr-2017
ACC000348,178,DHURI,JLG35K,11850,29623,8214,2015-05-26,Default,Quarterly EMI,1030063,DHURI-1030063,Vivaan Nair,Female,46-55,50,1979-01-29,Minority,Muslim,RENT,50K-75K,Self-Employed,379,XLG,Trade, 36 months,0.0991,B,B1,DHURI,102-DBS,LUDHIANA,PB,PB,PUNJAB,SANGRUR,1030063,12058-DEEPAK KUMAR,Low,12289,31408,11456,27.4,630.56,N,N,2,On-Time,0,0,1,2015-05-26,1,May-2015
ACC000349,850,SIRSA,JLG44K,42255,35816,12175,2019-11-28,Paid Off,Quarterly EMI,730084,SIRSA-730084,Ananya Chopra,Female,36-45,45,1979-01-29,SC,Hindu,RENT,75K-100K,Salaried,311,XLG,Home Loan, 36 months,0.0662,A,A2,SIRSA,206-DBS,KARNAL,HR,HR,HARYANA,SIRSA,730084,10149-ABHISHEK MAURYA,Medium,41909,35610,41891,15.94,2527.27,N,N,2,On-Time,0,0,1,2018-04-21,0,Nov-2019
ACC000350,746,MUKTSAR,JLG35K,4691,21703,13794,2017-09-19,Paid Off,Monthly EMI,1110166,MUKTSAR-1110166,Kavya Chopra,Female,36-45,36,1979-01-29,Minority,Muslim,RENT,75K-100K,Self-Employed,307,XLG,Trade, 36 months,0.0991,B,B1,MUKTSAR,102-DBS,LUDHIANA,PB,PB,PUNJAB,SRI MUKTSAR SAHIB,1110166,11303-ASHUTOSH KUMAR SUMAN,Medium,6559,23211,4198,42.04,4288.27,Y,N,2,On-Time,0,1,1,2017-08-25,0,Sep-2017
ACC000351,594,KAROND,JLG30K,7901,26421,25304,2017-06-19,Fully Paid,Quarterly EMI,1320004,KAROND-1320004,Meera Chopra,Female,36-45,37,1979-01-29,ST,Sikh,RENT,75K-100K,Salaried,373,XLG,Services, 36 months,0.1065,B,B2,KAROND,200-DBS,BHOPAL,MP,MP,MADHYA PRADESH,BHOPAL,1320004,12758-ROHIT KUMAR JAISWAL,Medium,8557,28015,7777,38.39,1943.25,N,N,2,Very Late,0,0,1,2017-06-19,1,Jun-2017
ACC000352,972,BULANDSHAHR,JLG35K,45798,27055,2669,2017-02-02,Default,Quarterly EMI,10068,BULANDSHAHR-10068,Aarav Malhotra,Female,46-55,47,1979-01-29,Minority,Muslim,RENT,<25K,Salaried,526,XLG,Trade, 36 months,0.0991,B,B1,BULANDSHAHR,176-DBS,BULANDSHAHR,UP,UP,UTTAR PRADESH,BULANDSHAHAR,10068,10057-NANDI SHANKAR,High,47109,26587,45540,13.14,594.15,N,N,1,On-Time,0,0,1,2015-10-07,0,Feb-2017
ACC000353,749,SIRSA,JLG35K,14487,9250,21612,2017-09-23,Fully Paid,Quarterly EMI,730084,SIRSA-730084,Ishaan Mehta,Female,46-55,54,1979-01-29,General,Hindu,MORTGAGE,50K-75K,Business,629,XLG,Trade, 36 months,0.0991,B,B1,SIRSA,206-DBS,KARNAL,HR,HR,HARYANA,SIRSA,730084,10149-ABHISHEK MAURYA,Medium,14527,9108,14404,25.69,2512.32,N,N,2,Late,0,0,1,2017-09-23,1,Sep-2017
ACC000354,483,MUKTSAR,JLG30K,17736,5532,28431,2023-12-30,Fully Paid,Quarterly EMI,1110166,MUKTSAR-1110166,Laksh Gupta,Female,46-55,52,1979-01-29,SC,Hindu,RENT,75K-100K,Salaried,584,XLG,Services, 36 months,0.1065,B,B2,MUKTSAR,102-DBS,LUDHIANA,PB,PB,PUNJAB,SRI MUKTSAR SAHIB,1110166,11303-ASHUTOSH KUMAR SUMAN,Medium,18428,6278,17312,44.01,383.28,N,N,2,On-Time,0,0,1,2021-11-21,0,Dec-2023
ACC000355,553,CHHATA,JLG30K,47075,31535,21791,2019-02-20,Default,Quarterly EMI,910020,CHHATA-910020,Kavya Mehta,Female,46-55,52,1979-01-29,General,Muslim,RENT,<25K,Business,390,XLG,Services, 36 months,0.1065,B,B2,CHHATA,176-DBS,BULANDSHAHR,UP,UP,UTTAR PRADESH,MATHURA,910020,10047-ANIL KUMAR,High,46649,32446,47004,30.33,3228.17,N,N,1,On-Time,0,0,1,2019-02-20,1,Feb-2019
ACC000356,66,Mangaldoi,JLG29K,5673,39614,36443,2023-08-18,Fully Paid,Quarterly EMI,570241,Mangaldoi-570241,Nisha Malhotra,Female,36-45,42,1979-01-29,SC,Hindu,RENT,25K-50K,Self-Employed,717,XLG,Trade, 60 months,0.1727,D,D3,Mangaldoi,208-DBS,GUWAAHATI,AS,AS,ASSAM,Mangaldoi,570241,10961-NAYAN JYOTI SARMAH,Low,7394,39585,5548,0.05,4918.56,N,N,0,On-Time,0,0,1,2023-08-18,1,Aug-2023
ACC000357,983,MUKTSAR,JLG30K,20610,17322,17196,2021-04-03,Fully Paid,Quarterly EMI,1110166,MUKTSAR-1110166,Nisha Verma,Female,18-25,22,1979-01-29,ST,Sikh,MORTGAGE,100K+,Salaried,564,XLG,Services, 36 months,0.1065,B,B2,MUKTSAR,102-DBS,LUDHIANA,PB,PB,PUNJAB,SRI MUKTSAR SAHIB,1110166,11303-ASHUTOSH KUMAR SUMAN,Medium,20620,17709,20162,23.71,2078.1,N,N,2,On-Time,0,0,1,2015-02-28,0,Apr-2021
ACC000358,717,CHHATA,JLG35K,15189,20426,34738,2021-03-31,Fully Paid,Quarterly EMI,910020,CHHATA-910020,Kavya Verma,Female,36-45,37,1979-01-29,General,Hindu,RENT,<25K,Self-Employed,479,XLG,Trade, 36 months,0.0991,B,B1,CHHATA,176-DBS,BULANDSHAHR,UP,UP,UTTAR PRADESH,MATHURA,910020,10047-ANIL KUMAR,High,14935,22353,14970,11.43,1102.94,N,N,0,On-Time,0,0,1,2016-12-23,0,Mar-2021
ACC000359,135,CHHAPRA,JLG50K,3155,35403,43146,2022-07-18,Active,Quarterly EMI,380112,CHHAPRA-380112,Meera Verma,Female,26-35,34,1979-01-29,ST,Sikh,RENT,100K+,Self-Employed,464,XLG,Home Loan, 60 months,0.1991,E,E4,CHHAPRA,209-DBS,PATNA,BR,BR,BIHAR,CHHAPRA,380112,11867-VIKRANT KUMAR VICKY,High,4438,36039,2728,46.31,2042.82,N,N,0,Late,0,0,1,2015-05-28,0,Jul-2022
ACC000360,383,BUXAR,JLG30K,36473,45819,43483,2022-06-15,Default,Quarterly EMI,710002,BUXAR-710002,Ishaan Mehta,Female,36-45,39,1979-01-29,OBC,Hindu,OWN,50K-75K,Self-Employed,812,XLG,Services, 36 months,0.1065,B,B2,BUXAR,209-DBS,PATNA,BR,BR,BIHAR,BUXAR,710002,10055-MAHESH KUMAR PATEL,Medium,37590,46581,36197,31.65,2778.5,N,N,1,Late,0,0,1,2019-10-24,0,Jun-2022
ACC000361,558,Bardhaman,JLG30K,29269,14114,4243,2021-10-13,Active,Quarterly EMI,610198,Bardhaman-610198,Aditya Mehta,Female,46-55,46,1979-01-29,Minority,Muslim,RENT,<25K,Business,708,XLG,Services, 36 months,0.1065,B,B2,Bardhaman,201-DBS,HOWRAH,WB,WB,WEST BENGAL,Barddhaman,610198,10035-ABHAY TOMER,Medium,30553,15371,28904,48.4,4671.68,Y,N,1,On-Time,0,1,1,2016-01-18,0,Oct-2021
ACC000362,897,PALWAL,JLG35K,30166,24828,7628,2015-07-06,Fully Paid,Monthly EMI,20242,PALWAL-20242,Kavya Mehta,Female,36-45,45,1973-03-14,General,Muslim,OWN,50K-75K,Business,490,XLG,Trade, 36 months,0.0991,B,B1,PALWAL,206-DBS,KARNAL,HR,HR,HARYANA,PALWAL,20242,10903-HEMANT SHUKLA,Medium,29994,24496,29800,9.09,1768.11,N,N,1,On-Time,0,0,1,2015-07-06,1,Jul-2015
ACC000363,191,AGRA,JLG39K,11604,27101,31354,2022-02-25,Fully Paid,Monthly EMI,140056,AGRA-140056,Aditya Verma,Female,36-45,40,1979-01-29,Minority,Muslim,RENT,50K-75K,Salaried,714,XLG,Agriculture, 36 months,0.0662,A,A2,AGRA,176-DBS,BULANDSHAHR,UP,UP,UTTAR PRADESH,AGRA,140056,10161-RAM AVTAR,Medium,12417,28372,11415,49.29,419.16,N,N,2,On-Time,0,0,1,2015-07-11,0,Feb-2022
ACC000364,703,DURGAPUR,JLG30K,34863,25481,25133,2020-08-21,Fully Paid,Monthly EMI,700013,DURGAPUR-700013,Meera Patel,Female,26-35,28,1979-01-29,SC,Hindu,RENT,25K-50K,Business,385,XLG,Services, 36 months,0.1065,B,B2,DURGAPUR,201-DBS,HOWRAH,WB,WB,WEST BENGAL,PASCHIM BARDHHAMAN,700013,10037-RAJESH PRATAP,Low,34476,27250,34703,29.94,4948.79,N,N,0,On-Time,0,0,1,2018-07-01,0,Aug-2020
ACC000365,31,FATEHGARH SAHIB,JLG30K,3272,5752,4837,2016-08-06,Paid Off,Quarterly EMI,120676,FATEHGARH SAHIB-120676,Kavya Gupta,Female,36-45,45,1979-01-29,General,Hindu,RENT,75K-100K,Self-Employed,773,XLG,Services, 36 months,0.1065,B,B2,FATEHGARH SAHIB,102-DBS,LUDHIANA,PB,PB,PUNJAB,FATEHGARH SAHIB,120676,10037-RAJESH PRATAP,Medium,3333,5676,3050,26.74,3271.32,N,Y,2,Very Late,1,0,1,2016-08-06,1,Aug-2016
ACC000366,912,DHURI,JLG30K,24020,42071,10366,2015-04-29,Active,Quarterly EMI,1030063,DHURI-1030063,Nisha Patel,Female,26-35,34,1979-01-29,SC,Hindu,RENT,75K-100K,Salaried,734,XLG,Services, 36 months,0.1065,B,B2,DHURI,102-DBS,LUDHIANA,PB,PB,PUNJAB,SANGRUR,1030063,12058-DEEPAK KUMAR,Low,24713,42149,23625,47.87,4553.75,Y,N,1,On-Time,0,1,1,2015-04-29,1,Apr-2015
ACC000367,166,MUKTSAR,JLG30K,21584,40464,12114,2016-08-09,Fully Paid,Quarterly EMI,1110166,MUKTSAR-1110166,Aditya Reddy,Female,26-35,29,1979-01-29,General,Muslim,RENT,50K-75K,Business,647,XLG,Services, 36 months,0.1065,B,B2,MUKTSAR,102-DBS,LUDHIANA,PB,PB,PUNJAB,SRI MUKTSAR SAHIB,1110166,11303-ASHUTOSH KUMAR SUMAN,Medium,21255,40105,21382,30.98,4070.66,N,N,1,Late,0,0,1,2016-08-09,1,Aug-2016
ACC000368,416,DHURI,JLG35K,17031,8044,17040,2019-12-19,Active,Monthly EMI,1030063,DHURI-1030063,Laksh Gupta,Female,46-55,52,1979-01-29,SC,Hindu,RENT,75K-100K,Salaried,584,XLG,Trade, 36 months,0.0991,B,B1,DHURI,102-DBS,LUDHIANA,PB,PB,PUNJAB,SANGRUR,1030063,12058-DEEPAK KUMAR,Low,17017,8645,16562,10.49,869.19,N,N,2,On-Time,0,0,1,2017-01-18,0,Dec-2019
ACC000369,765,DHURI,JLG30K,8322,4757,33167,2017-09-24,Paid Off,Monthly EMI,1030063,DHURI-1030063,Meera Sharma,Female,36-45,45,1979-01-29,OBC,Hindu,OWN,75K-100K,Business,417,XLG,Services, 36 months,0.1065,B,B2,DHURI,102-DBS,LUDHIANA,PB,PB,PUNJAB,SANGRUR,1030063,12058-DEEPAK KUMAR,Low,8884,5239,8300,29.2,1763.0,N,N,1,Very Late,0,0,1,2017-09-24,1,Sep-2017
ACC000370,14,FATEHGARH SAHIB,JLG39K,25001,19470,9497,2023-05-18,Active,Monthly EMI,120676,FATEHGARH SAHIB-120676,Ishaan Gupta,Female,26-35,28,1979-01-29,SC,Hindu,RENT,100K+,Business,536,XLG,Agriculture, 36 months,0.0662,A,A2,FATEHGARH SAHIB,102-DBS,LUDHIANA,PB,PB,PUNJAB,FATEHGARH SAHIB,120676,10037-RAJESH PRATAP,Medium,25021,20780,24506,18.36,4541.85,N,N,1,Late,0,0,1,2023-05-18,1,May-2023
ACC000371,372,BEHROR,JLG30K,27948,33924,20088,2023-07-23,Active,Quarterly EMI,30179,BEHROR-30179,Ananya Mehta,Female,26-35,30,1979-01-29,ST,Sikh,RENT,75K-100K,Business,783,XLG,Services, 36 months,0.1065,B,B2,BEHROR,301-DBS,JAIPUR,RJ,RJ,RAJASTHAN,BEHROD,30179,10055-MAHESH KUMAR PATEL,Low,29471,34587,27897,42.62,4251.5,N,N,0,On-Time,0,0,1,2016-09-28,0,Jul-2023
ACC000372,877,CHHAPRA,JLG30K,41563,17960,10254,2022-08-16,Fully Paid,Monthly EMI,380112,CHHAPRA-380112,Vivaan Joshi,Female,26-35,29,1979-01-29,Minority,Hindu,MORTGAGE,75K-100K,Business,395,XLG,Services, 36 months,0.1065,B,B2,CHHAPRA,209-DBS,PATNA,BR,BR,BIHAR,CHHAPRA,380112,11867-VIKRANT KUMAR VICKY,High,41281,18107,41088,9.32,1420.31,N,N,0,On-Time,0,0,1,2016-03-27,0,Aug-2022
ACC000373,449,AGRA,JLG30K,11430,20238,34609,2017-11-02,Fully Paid,Monthly EMI,140056,AGRA-140056,Vivaan Patel,Female,46-55,51,1979-01-29,SC,Hindu,MORTGAGE,100K+,Business,375,XLG,Services, 36 months,0.1065,B,B2,AGRA,176-DBS,BULANDSHAHR,UP,UP,UTTAR PRADESH,AGRA,140056,10161-RAM AVTAR,Medium,12300,20177,11402,27.18,137.13,N,N,0,On-Time,0,0,1,2017-06-14,0,Nov-2017
ACC000374,195,MAWANA,JLG35K,17296,32285,14152,2021-07-25,Paid Off,Quarterly EMI,800018,MAWANA-800018,Ananya Verma,Female,46-55,51,1979-01-29,OBC,Hindu,MORTGAGE,25K-50K,Self-Employed,770,XLG,Trade, 36 months,0.0991,B,B1,MAWANA,176-DBS,BULANDSHAHR,UP,UP,UTTAR PRADESH,MEERUT,800018,11183-ANIL KUMAR,Medium,17198,32136,16886,49.84,2655.61,N,N,1,Very Late,0,0,1,2015-01-29,0,Jul-2021
ACC000375,687,CHHAPRA,JLG35K,28765,25339,6004,2021-11-15,Fully Paid,Monthly EMI,380112,CHHAPRA-380112,Kavya Sharma,Female,26-35,26,1979-01-29,SC,Hindu,RENT,75K-100K,Business,398,XLG,Trade, 36 months,0.0991,B,B1,CHHAPRA,209-DBS,PATNA,BR,BR,BIHAR,CHHAPRA,380112,11867-VIKRANT KUMAR VICKY,High,29047,25614,28468,46.66,2671.18,N,N,0,On-Time,0,0,1,2021-11-15,1,Nov-2021
ACC000376,731,DURGAPUR,JLG30K,32760,7972,34411,2022-01-12,Paid Off,Quarterly EMI,700013,DURGAPUR-700013,Aarav Joshi,Female,18-25,22,1997-10-27,General,Hindu,RENT,<25K,Salaried,516,XLG,Services, 36 months,0.1065,B,B2,DURGAPUR,201-DBS,HOWRAH,WB,WB,WEST BENGAL,PASCHIM BARDHHAMAN,700013,10037-RAJESH PRATAP,Low,32700,9149,32577,42.24,2816.84,N,N,1,Late,0,0,1,2016-09-22,0,Jan-2022
ACC000377,375,JALANDHAR,JLG46K,15414,18724,8544,2023-08-17,Default,Monthly EMI,160051,JALANDHAR-160051,Diya Chopra,Female,26-35,35,1984-03-20,SC,Hindu,RENT,75K-100K,Self-Employed,567,XLG,Home Loan, 36 months,0.1825,D,D5,JALANDHAR,102-DBS,LUDHIANA,PB,PB,PUNJAB,JALANDHAR,160051,10067-AKSHAY KUMAR,Low,15210,20467,15206,7.29,1644.18,N,N,2,On-Time,0,0,1,2017-06-07,0,Aug-2023
ACC000378,191,FATEHGARH SAHIB,JLG30K,15971,9537,40671,2019-04-09,Active,Monthly EMI,120676,FATEHGARH SAHIB-120676,Aditya Verma,Female,36-45,40,1979-01-29,Minority,Muslim,RENT,50K-75K,Salaried,714,XLG,Services, 36 months,0.1065,B,B2,FATEHGARH SAHIB,102-DBS,LUDHIANA,PB,PB,PUNJAB,FATEHGARH SAHIB,120676,10037-RAJESH PRATAP,Medium,15826,10288,15743,33.79,1064.03,N,N,1,On-Time,0,0,1,2015-07-11,0,Apr-2019
ACC000379,497,AGRA,JLG30K,29306,20111,24874,2016-11-26,Paid Off,Quarterly EMI,140056,AGRA-140056,Vivaan Gupta,Female,46-55,46,1979-01-29,ST,Sikh,OWN,75K-100K,Business,481,XLG,Services, 36 months,0.1065,B,B2,AGRA,176-DBS,BULANDSHAHR,UP,UP,UTTAR PRADESH,AGRA,140056,10161-RAM AVTAR,Medium,30670,20254,29113,14.08,4501.83,N,N,1,Late,0,0,1,2016-11-26,1,Nov-2016
ACC000380,629,JALANDHAR,JLG30K,41588,30252,25596,2021-08-12,Fully Paid,Quarterly EMI,160051,JALANDHAR-160051,Nisha Chopra,Female,46-55,49,1979-01-29,SC,Hindu,RENT,75K-100K,Business,641,XLG,Services, 36 months,0.1065,B,B2,JALANDHAR,102-DBS,LUDHIANA,PB,PB,PUNJAB,JALANDHAR,160051,10067-AKSHAY KUMAR,Low,41576,31917,41422,31.73,1975.7,N,N,2,On-Time,0,0,1,2017-06-19,0,Aug-2021
ACC000381,303,MADHUBANI,JLG44K,33975,21685,43903,2023-07-19,Fully Paid,Quarterly EMI,1140044,MADHUBANI-1140044,Ananya Reddy,Female,18-25,39,1979-01-29,General,Muslim,MORTGAGE,<25K,Self-Employed,660,XLG,Home Loan, 36 months,0.0662,A,A2,MADHUBANI,209-DBS,PATNA,BR,BR,BIHAR,MADHUBANI,1140044,10514-MANISH KUMAR MISHRA,Medium,33993,22005,33902,0.11,3915.63,N,N,2,Late,0,0,1,2017-12-14,0,Jul-2023
ACC000382,691,SEHORE,JLG35K,36154,9632,35058,2020-05-07,Fully Paid,Quarterly EMI,1440051,SEHORE-1440051,Ananya Malhotra,Female,36-45,44,1979-01-29,SC,Hindu,MORTGAGE,<25K,Self-Employed,361,XLG,Trade, 36 months,0.0991,B,B1,SEHORE,200-DBS,BHOPAL,MP,MP,MADHYA PRADESH,SEHORE,1440051,10063-VIR SINGH,High,35677,10142,36015,43.5,4627.11,N,N,0,On-Time,0,0,1,2020-05-07,1,May-2020
ACC000383,615,DHURI,JLG35K,18712,5973,42717,2020-01-29,Active,Monthly EMI,1030063,DHURI-1030063,Vivaan Patel,Female,46-55,55,1979-01-29,General,Muslim,MORTGAGE,25K-50K,Self-Employed,489,XLG,Trade, 36 months,0.0991,B,B1,DHURI,102-DBS,LUDHIANA,PB,PB,PUNJAB,SANGRUR,1030063,12058-DEEPAK KUMAR,Low,18786,5890,18547,31.29,111.46,N,N,0,On-Time,0,0,1,2017-06-15,0,Jan-2020
ACC000384,87,DHURI,JLG30K,32773,10619,10736,2015-02-11,Active,Quarterly EMI,1030063,DHURI-1030063,Aarav Joshi,Female,18-25,22,1997-10-27,General,Hindu,RENT,<25K,Salaried,516,XLG,Services, 36 months,0.1065,B,B2,DHURI,102-DBS,LUDHIANA,PB,PB,PUNJAB,SANGRUR,1030063,12058-DEEPAK KUMAR,Low,32402,12384,32390,0.14,3089.52,N,N,0,On-Time,0,0,1,2015-02-11,1,Feb-2015
ACC000385,612,DHURI,JLG30K,35731,34882,37200,2022-09-11,Fully Paid,Quarterly EMI,1030063,DHURI-1030063,Meera Verma,Female,26-35,34,1979-01-29,ST,Sikh,RENT,100K+,Self-Employed,464,XLG,Services, 36 months,0.1065,B,B2,DHURI,102-DBS,LUDHIANA,PB,PB,PUNJAB,SANGRUR,1030063,12058-DEEPAK KUMAR,Low,36891,34472,35494,44.45,692.15,N,Y,1,Very Late,1,0,1,2015-09-15,0,Sep-2022
ACC000386,456,KURUKSHETRA,JLG30K,38936,13103,26139,2018-07-04,Active,Quarterly EMI,70364,KURUKSHETRA-70364,Kavya Malhotra,Female,36-45,41,1979-01-29,OBC,Hindu,RENT,25K-50K,Salaried,495,XLG,Services, 36 months,0.1065,B,B2,KURUKSHETRA,206-DBS,KARNAL,HR,HR,HARYANA,KURUKSHETRA,70364,10028-AAYUSH PANDEY,Medium,38533,13730,38722,30.73,558.56,N,N,0,On-Time,0,0,1,2015-06-22,0,Jul-2018
ACC000387,20,Mangaldoi,JLG30K,26694,18212,36594,2015-02-11,Fully Paid,Monthly EMI,570241,Mangaldoi-570241,Meera Nair,Female,36-45,43,1979-01-29,SC,Hindu,MORTGAGE,<25K,Salaried,453,XLG,Services, 36 months,0.1065,B,B2,Mangaldoi,208-DBS,GUWAAHATI,AS,AS,ASSAM,Mangaldoi,570241,10961-NAYAN JYOTI SARMAH,Low,28026,18498,26226,32.62,4892.82,N,N,1,On-Time,0,0,1,2015-02-11,1,Feb-2015
ACC000388,851,DHURI,JLG35K,43819,9062,27299,2021-07-12,Fully Paid,Quarterly EMI,1030063,DHURI-1030063,Aditya Joshi,Female,46-55,54,1979-01-29,OBC,Hindu,RENT,50K-75K,Business,357,XLG,Trade, 36 months,0.0991,B,B1,DHURI,102-DBS,LUDHIANA,PB,PB,PUNJAB,SANGRUR,1030063,12058-DEEPAK KUMAR,Low,44509,9292,43574,11.52,4219.54,N,N,0,On-Time,0,0,1,2019-03-08,0,Jul-2021
ACC000389,659,BEHROR,JLG30K,23094,17388,31454,2017-05-06,Default,Quarterly EMI,30179,BEHROR-30179,Kavya Gupta,Female,36-45,39,1979-01-29,OBC,Hindu,RENT,50K-75K,Salaried,692,XLG,Services, 36 months,0.1065,B,B2,BEHROR,301-DBS,JAIPUR,RJ,RJ,RAJASTHAN,BEHROD,30179,10055-MAHESH KUMAR PATEL,Low,24819,17272,22722,42.9,2239.19,N,N,1,On-Time,0,0,1,2017-05-06,1,May-2017
ACC000390,638,BEHROR,JLG30K,10116,13499,38276,2018-06-08,Default,Quarterly EMI,30179,BEHROR-30179,Vivaan Gupta,Female,56-63,57,1979-01-29,General,Muslim,RENT,75K-100K,Business,472,XLG,Services, 36 months,0.1065,B,B2,BEHROR,301-DBS,JAIPUR,RJ,RJ,RAJASTHAN,BEHROD,30179,10055-MAHESH KUMAR PATEL,Low,10857,15441,9916,14.4,3956.02,N,N,0,On-Time,0,0,1,2017-08-13,0,Jun-2018
ACC000391,730,MUKTSAR,JLG30K,47506,30934,22397,2019-06-30,Active,Quarterly EMI,1110166,MUKTSAR-1110166,Aarav Verma,Female,26-35,33,1979-01-29,ST,Sikh,MORTGAGE,25K-50K,Salaried,754,XLG,Services, 36 months,0.1065,B,B2,MUKTSAR,102-DBS,LUDHIANA,PB,PB,PUNJAB,SRI MUKTSAR SAHIB,1110166,11303-ASHUTOSH KUMAR SUMAN,Medium,48251,32788,47243,31.84,599.36,Y,N,2,Very Late,0,1,1,2015-12-21,0,Jun-2019
ACC000392,398,JALANDHAR,JLG35K,27541,47063,17338,2020-09-02,Fully Paid,Quarterly EMI,160051,JALANDHAR-160051,Laksh Sharma,Female,26-35,29,1979-01-29,ST,Sikh,MORTGAGE,<25K,Self-Employed,695,XLG,Trade, 36 months,0.0991,B,B1,JALANDHAR,102-DBS,LUDHIANA,PB,PB,PUNJAB,JALANDHAR,160051,10067-AKSHAY KUMAR,Low,28366,46921,27164,0.66,2055.48,N,N,1,On-Time,0,0,1,2018-07-01,0,Sep-2020
ACC000393,365,BEHROR,JLG35K,15303,11592,18036,2016-09-12,Active,Monthly EMI,30179,BEHROR-30179,Ananya Reddy,Female,26-35,29,1979-01-29,ST,Sikh,RENT,100K+,Salaried,324,XLG,Trade, 36 months,0.0991,B,B1,BEHROR,301-DBS,JAIPUR,RJ,RJ,RAJASTHAN,BEHROD,30179,10055-MAHESH KUMAR PATEL,Low,16443,12671,15235,14.07,189.93,N,N,1,On-Time,0,0,1,2016-09-12,1,Sep-2016
ACC000394,98,MUKTSAR,JLG30K,22304,42172,41992,2017-12-04,Paid Off,Monthly EMI,1110166,MUKTSAR-1110166,Nisha Verma,Female,18-25,22,1979-01-29,ST,Sikh,MORTGAGE,100K+,Salaried,564,XLG,Services, 36 months,0.1065,B,B2,MUKTSAR,102-DBS,LUDHIANA,PB,PB,PUNJAB,SRI MUKTSAR SAHIB,1110166,11303-ASHUTOSH KUMAR SUMAN,Medium,24198,41747,22112,5.86,3773.95,N,N,0,On-Time,0,0,1,2017-12-04,1,Dec-2017
ACC000395,316,KURUKSHETRA,JLG30K,39528,41382,13212,2020-01-11,Active,Monthly EMI,70364,KURUKSHETRA-70364,Ishaan Malhotra,Female,18-25,22,1979-01-29,OBC,Hindu,RENT,75K-100K,Salaried,679,XLG,Services, 36 months,0.1065,B,B2,KURUKSHETRA,206-DBS,KARNAL,HR,HR,HARYANA,KURUKSHETRA,70364,10028-AAYUSH PANDEY,Medium,40644,42810,39303,40.96,263.4,N,N,2,Very Late,0,0,1,2017-07-23,0,Jan-2020
ACC000396,935,DURGAPUR,JLG30K,19042,8797,37947,2022-07-14,Fully Paid,Quarterly EMI,700013,DURGAPUR-700013,Nisha Chopra,Female,46-55,49,1979-01-29,SC,Hindu,RENT,75K-100K,Business,641,XLG,Services, 36 months,0.1065,B,B2,DURGAPUR,201-DBS,HOWRAH,WB,WB,WEST BENGAL,PASCHIM BARDHHAMAN,700013,10037-RAJESH PRATAP,Low,19868,8781,19039,41.86,3081.28,N,N,0,On-Time,0,0,1,2017-11-14,0,Jul-2022
ACC000397,539,DIBRUGARH,JLG30K,34198,10184,32167,2017-06-10,Fully Paid,Quarterly EMI,1050013,DIBRUGARH-1050013,Meera Sharma,Female,36-45,43,1979-01-29,Minority,Muslim,RENT,100K+,Self-Employed,672,XLG,Services, 36 months,0.1065,B,B2,DIBRUGARH,208-DBS,GUWAAHATI,AS,AS,ASSAM,DIBRUGARH,1050013,10961-NAYAN JYOTI SARMAH,Low,34664,10877,33796,41.29,2115.61,Y,N,2,Late,0,1,1,2017-06-10,1,Jun-2017
ACC000398,928,AGRA,JLG30K,44790,40153,11427,2023-03-20,Default,Monthly EMI,140056,AGRA-140056,Nisha Verma,Female,26-35,35,1979-01-29,SC,Hindu,RENT,75K-100K,Salaried,792,XLG,Services, 36 months,0.1065,B,B2,AGRA,176-DBS,BULANDSHAHR,UP,UP,UTTAR PRADESH,AGRA,140056,10161-RAM AVTAR,Medium,46261,41494,44582,24.65,3177.74,N,N,1,Late,0,0,1,2018-10-08,0,Mar-2023
ACC000399,384,BULANDSHAHR,JLG35K,41148,47488,10658,2016-05-03,Fully Paid,Monthly EMI,10068,BULANDSHAHR-10068,Laksh Mehta,Female,36-45,40,1979-01-29,ST,Sikh,RENT,50K-75K,Self-Employed,318,XLG,Trade, 36 months,0.0991,B,B1,BULANDSHAHR,176-DBS,BULANDSHAHR,UP,UP,UTTAR PRADESH,BULANDSHAHAR,10068,10057-NANDI SHANKAR,High,40979,47811,40657,23.79,244.85,N,N,0,On-Time,0,0,1,2015-01-24,0,May-2016
ACC000400,646,SIRSA,JLG35K,44248,15959,39925,2023-08-22,Fully Paid,Quarterly EMI,730084,SIRSA-730084,Kavya Verma,Female,36-45,37,1979-01-29,General,Hindu,RENT,<25K,Self-Employed,479,XLG,Trade, 36 months,0.0991,B,B1,SIRSA,206-DBS,KARNAL,HR,HR,HARYANA,SIRSA,730084,10149-ABHISHEK MAURYA,Medium,45831,17052,43990,16.6,4819.1,Y,N,2,Late,0,1,1,2016-12-20,0,Aug-2023
ACC000401,477,SHAHDOL,JLG30K,21795,5730,8750,2020-01-26,Paid Off,Quarterly EMI,1550006,SHAHDOL-1550006,Nisha Verma,Female,26-35,35,1979-01-29,SC,Hindu,RENT,75K-100K,Salaried,792,XLG,Services, 36 months,0.1065,B,B2,SHAHDOL,200-DBS,BHOPAL,MP,MP,MADHYA PRADESH,SHAHDOL,1550006,10021-MAHENDRA PRATAP SINGH,Medium,21305,6647,21301,27.38,195.37,N,N,0,Late,0,0,1,2017-10-03,0,Jan-2020
ACC000402,83,Mathura,JLG30K,12400,9942,5942,2020-08-24,Active,Monthly EMI,910182,Mathura-910182,Ishaan Reddy,Female,26-35,33,1979-01-29,General,Muslim,RENT,<25K,Self-Employed,336,XLG,Services, 36 months,0.1065,B,B2,Mathura,176-DBS,BULANDSHAHR,UP,UP,UTTAR PRADESH,MATHURA,910182,10469-MANISH  PANDEY,High,12650,11392,12064,41.33,4508.65,N,N,0,On-Time,0,0,1,2015-04-20,0,Aug-2020
ACC000403,543,MUKTSAR,JLG41K,19178,20254,32656,2023-02-08,Active,Monthly EMI,1110166,MUKTSAR-1110166,Laksh Mehta,Female,36-45,44,1979-01-29,General,Muslim,MORTGAGE,<25K,Business,686,XLG,Services, 36 months,0.1465,C,C3,MUKTSAR,102-DBS,LUDHIANA,PB,PB,PUNJAB,SRI MUKTSAR SAHIB,1110166,11303-ASHUTOSH KUMAR SUMAN,Medium,20204,21116,19140,21.55,4244.0,N,N,1,Very Late,0,0,1,2023-02-08,1,Feb-2023
ACC000404,816,NEEM KA THANA,JLG30K,42474,4763,3220,2016-11-15,Paid Off,Quarterly EMI,80001,NEEM KA THANA-80001,Ananya Nair,Female,36-45,44,1979-01-29,ST,Sikh,RENT,50K-75K,Self-Employed,638,XLG,Services, 36 months,0.1065,B,B2,NEEM KA THANA,301-DBS,JAIPUR,RJ,RJ,RAJASTHAN,NEEM KA THANA,80001,10043-RAVI MISHRA,High,43659,5969,42213,23.3,4969.64,N,N,0,Very Late,0,0,1,2016-11-15,1,Nov-2016
ACC000405,416,PAOTA,JLG30K,12286,15871,13910,2021-03-15,Fully Paid,Monthly EMI,90149,PAOTA-90149,Laksh Gupta,Female,46-55,52,1979-01-29,SC,Hindu,RENT,75K-100K,Salaried,584,XLG,Services, 36 months,0.1065,B,B2,PAOTA,301-DBS,JAIPUR,RJ,RJ,RAJASTHAN,jaipur,90149,10043-RAVI MISHRA,Low,13453,16509,11864,32.69,1912.05,N,N,1,Very Late,0,0,1,2017-01-18,0,Mar-2021
ACC000406,911,DURGAPUR,JLG35K,7952,49353,42029,2016-11-03,Fully Paid,Monthly EMI,700013,DURGAPUR-700013,Meera Chopra,Female,46-55,53,1979-01-29,ST,Sikh,RENT,75K-100K,Business,551,XLG,Trade, 36 months,0.0991,B,B1,DURGAPUR,201-DBS,HOWRAH,WB,WB,WEST BENGAL,PASCHIM BARDHHAMAN,700013,10037-RAJESH PRATAP,Low,9211,50591,7601,35.23,1469.02,N,N,0,On-Time,0,0,1,2016-11-03,1,Nov-2016
ACC000407,942,DURGAPUR,JLG30K,32084,40161,9044,2017-12-13,Fully Paid,Monthly EMI,700013,DURGAPUR-700013,Ananya Mehta,Female,26-35,30,1979-01-29,ST,Sikh,RENT,75K-100K,Business,783,XLG,Services, 36 months,0.1065,B,B2,DURGAPUR,201-DBS,HOWRAH,WB,WB,WEST BENGAL,PASCHIM BARDHHAMAN,700013,10037-RAJESH PRATAP,Low,33539,39665,31662,12.76,737.41,N,N,2,On-Time,0,0,1,2017-12-13,1,Dec-2017
ACC000408,368,MUKTSAR,JLG30K,47983,25401,23390,2015-12-25,Default,Monthly EMI,1110166,MUKTSAR-1110166,Nisha Chopra,Female,26-35,28,1979-01-29,General,Hindu,RENT,<25K,Self-Employed,553,XLG,Services, 36 months,0.1065,B,B2,MUKTSAR,102-DBS,LUDHIANA,PB,PB,PUNJAB,SRI MUKTSAR SAHIB,1110166,11303-ASHUTOSH KUMAR SUMAN,Medium,48153,26247,47805,4.72,285.33,N,N,1,Late,0,0,1,2015-01-22,0,Dec-2015
ACC000409,682,MUKTSAR,JLG35K,49391,21339,16358,2016-12-17,Default,Quarterly EMI,1110166,MUKTSAR-1110166,Diya Patel,Female,18-25,39,1979-01-29,ST,Sikh,MORTGAGE,<25K,Salaried,476,XLG,Trade, 36 months,0.0991,B,B1,MUKTSAR,102-DBS,LUDHIANA,PB,PB,PUNJAB,SRI MUKTSAR SAHIB,1110166,11303-ASHUTOSH KUMAR SUMAN,Medium,49322,22008,49074,36.22,555.84,N,N,1,On-Time,0,0,1,2016-12-17,1,Dec-2016
ACC000410,970,Mathura,JLG35K,43321,5098,39128,2015-10-07,Default,Quarterly EMI,910182,Mathura-910182,Diya Sharma,Female,26-35,34,1979-01-29,ST,Sikh,MORTGAGE,100K+,Self-Employed,341,XLG,Trade, 36 months,0.0991,B,B1,Mathura,176-DBS,BULANDSHAHR,UP,UP,UTTAR PRADESH,MATHURA,910182,10469-MANISH  PANDEY,High,43295,5955,43134,32.59,2726.2,N,N,0,On-Time,0,0,1,2015-10-07,1,Oct-2015
ACC000411,524,PATIALA,JLG46K,19274,14425,43618,2015-06-17,Fully Paid,Monthly EMI,100186,PATIALA-100186,Meera Sharma,Female,18-25,22,1995-12-14,General,Hindu,RENT,<25K,Salaried,346,XLG,Home Loan, 36 months,0.1825,D,D5,PATIALA,102-DBS,LUDHIANA,PB,PB,PUNJAB,PATIALA,100186,10420-MUNENDRA  SINGH,Medium,18872,14876,19099,8.54,4286.86,N,N,2,On-Time,0,0,1,2015-06-17,1,Jun-2015
ACC000412,573,DHURI,JLG30K,25964,48974,9373,2018-05-05,Default,Quarterly EMI,1030063,DHURI-1030063,Kavya Gupta,Female,36-45,43,1979-01-29,Minority,Muslim,RENT,<25K,Self-Employed,528,XLG,Services, 36 months,0.1065,B,B2,DHURI,102-DBS,LUDHIANA,PB,PB,PUNJAB,SANGRUR,1030063,12058-DEEPAK KUMAR,Low,26930,49330,25519,21.14,2683.15,N,N,1,On-Time,0,0,1,2018-05-05,1,May-2018
ACC000413,156,MAWANA,JLG30K,2894,26384,38982,2016-11-26,Paid Off,Quarterly EMI,800018,MAWANA-800018,Laksh Mehta,Female,36-45,44,1975-07-28,General,Muslim,RENT,50K-75K,Salaried,425,XLG,Services, 36 months,0.1065,B,B2,MAWANA,176-DBS,BULANDSHAHR,UP,UP,UTTAR PRADESH,MEERUT,800018,11183-ANIL KUMAR,Medium,3169,27142,2444,9.36,2880.01,N,N,2,Late,0,0,1,2016-11-26,1,Nov-2016
ACC000414,948,Mathura,JLG35K,8342,12978,17816,2015-11-04,Fully Paid,Quarterly EMI,910182,Mathura-910182,Meera Sharma,Female,36-45,45,1979-01-29,OBC,Hindu,OWN,75K-100K,Business,417,XLG,Trade, 36 months,0.0991,B,B1,Mathura,176-DBS,BULANDSHAHR,UP,UP,UTTAR PRADESH,MATHURA,910182,10469-MANISH  PANDEY,High,10056,12922,8127,21.55,1263.67,N,N,0,On-Time,0,0,1,2015-11-04,1,Nov-2015
ACC000415,23,FATEHGARH SAHIB,JLG30K,37609,17291,34235,2021-09-11,Default,Quarterly EMI,120676,FATEHGARH SAHIB-120676,Ananya Sharma,Female,26-35,32,1979-01-29,OBC,Hindu,RENT,100K+,Self-Employed,584,XLG,Services, 36 months,0.1065,B,B2,FATEHGARH SAHIB,102-DBS,LUDHIANA,PB,PB,PUNJAB,FATEHGARH SAHIB,120676,10037-RAJESH PRATAP,Medium,39599,17505,37117,34.32,1753.83,N,N,1,On-Time,0,0,1,2018-01-23,0,Sep-2021
ACC000416,821,Mathura,JLG35K,24247,11460,2403,2016-11-04,Active,Quarterly EMI,910182,Mathura-910182,Kavya Patel,Female,36-45,38,1979-01-29,ST,Sikh,MORTGAGE,25K-50K,Business,683,XLG,Trade, 36 months,0.0991,B,B1,Mathura,176-DBS,BULANDSHAHR,UP,UP,UTTAR PRADESH,MATHURA,910182,10469-MANISH  PANDEY,High,25141,12757,23797,47.57,240.4,N,N,1,Very Late,0,0,1,2016-11-04,1,Nov-2016
ACC000417,75,HABRA,JLG30K,24918,31103,40116,2019-01-08,Paid Off,Quarterly EMI,650051,HABRA-650051,Vivaan Patel,Female,36-45,39,1980-03-25,General,Hindu,RENT,25K-50K,Business,576,XLG,Services, 36 months,0.1065,B,B2,HABRA,201-DBS,HOWRAH,WB,WB,WEST BENGAL,HABRA,650051,12361-RITESH KUMAR SINHA,Low,26518,31991,24732,14.2,3961.25,N,N,2,Late,0,0,1,2019-01-08,1,Jan-2019
ACC000418,560,Mathura,JLG30K,41932,10036,37287,2016-09-27,Fully Paid,Quarterly EMI,910182,Mathura-910182,Ananya Gupta,Female,36-45,38,1979-01-29,ST,Sikh,RENT,50K-75K,Salaried,450,XLG,Services, 36 months,0.1065,B,B2,Mathura,176-DBS,BULANDSHAHR,UP,UP,UTTAR PRADESH,MATHURA,910182,10469-MANISH  PANDEY,High,43854,11124,41759,20.52,1192.05,N,N,1,On-Time,0,0,1,2015-03-16,0,Sep-2016
ACC000419,671,Mathura,JLG30K,37338,10464,4249,2022-04-03,Paid Off,Quarterly EMI,910182,Mathura-910182,Ananya Mehta,Female,36-45,38,1979-01-29,ST,Sikh,RENT,25K-50K,Salaried,398,XLG,Services, 36 months,0.1065,B,B2,Mathura,176-DBS,BULANDSHAHR,UP,UP,UTTAR PRADESH,MATHURA,910182,10469-MANISH  PANDEY,High,38975,11236,37041,17.68,1112.31,N,N,1,On-Time,0,0,1,2017-12-24,0,Apr-2022
ACC000420,404,SAMRALA,JLG30K,42545,31228,30112,2022-07-27,Paid Off,Monthly EMI,130067,SAMRALA-130067,Vivaan Joshi,Female,26-35,29,1979-01-29,Minority,Hindu,MORTGAGE,75K-100K,Business,395,XLG,Services, 36 months,0.1065,B,B2,SAMRALA,102-DBS,LUDHIANA,PB,PB,PUNJAB,SAMRALA,130067,10050-GAUTAM SINGH,Low,44041,31099,42429,42.06,524.42,N,N,1,Late,0,0,1,2016-05-16,0,Jul-2022
ACC000421,1000,MAWANA,JLG35K,10929,31016,9251,2018-06-27,Active,Monthly EMI,800018,MAWANA-800018,Meera Gupta,Female,46-55,55,1979-01-29,ST,Christian,RENT,100K+,Business,773,XLG,Trade, 36 months,0.0991,B,B1,MAWANA,176-DBS,BULANDSHAHR,UP,UP,UTTAR PRADESH,MEERUT,800018,11183-ANIL KUMAR,Medium,12298,32367,10834,10.66,4166.41,N,N,0,Late,0,0,1,2018-05-10,0,Jun-2018
ACC000422,293,SANGRUR,JLG30K,15376,7671,42283,2021-11-13,Default,Quarterly EMI,110159,SANGRUR-110159,Laksh Reddy,Female,26-35,31,1979-01-29,SC,Hindu,RENT,25K-50K,Salaried,315,XLG,Services, 36 months,0.1065,B,B2,SANGRUR,102-DBS,LUDHIANA,PB,PB,PUNJAB,SANGRUR,110159,10037-RAJESH PRATAP,Low,16407,7236,15277,39.62,3360.07,N,N,1,On-Time,0,0,1,2017-01-18,0,Nov-2021
ACC000423,518,MUKTSAR,JLG30K,37830,14329,11765,2020-04-21,Paid Off,Monthly EMI,1110166,MUKTSAR-1110166,Vivaan Verma,Female,26-35,34,1985-09-29,ST,Sikh,MORTGAGE,100K+,Self-Employed,469,XLG,Services, 36 months,0.1065,B,B2,MUKTSAR,102-DBS,LUDHIANA,PB,PB,PUNJAB,SRI MUKTSAR SAHIB,1110166,11303-ASHUTOSH KUMAR SUMAN,Medium,37435,16051,37477,46.8,3805.99,Y,N,0,Very Late,0,1,1,2015-09-05,0,Apr-2020
ACC000424,498,Mathura,JLG30K,27580,39661,27019,2016-04-02,Paid Off,Quarterly EMI,910182,Mathura-910182,Meera Patel,Female,26-35,28,1979-01-29,SC,Hindu,RENT,25K-50K,Business,385,XLG,Services, 36 months,0.1065,B,B2,Mathura,176-DBS,BULANDSHAHR,UP,UP,UTTAR PRADESH,MATHURA,910182,10469-MANISH  PANDEY,High,29565,41606,27483,13.83,716.33,N,N,0,On-Time,0,0,1,2015-06-13,0,Apr-2016
ACC000425,42,ASANSOL,JLG29K,45999,41441,13271,2023-03-04,Fully Paid,Monthly EMI,690076,ASANSOL-690076,Ananya Malhotra,Female,46-55,47,1979-01-29,OBC,Hindu,RENT,75K-100K,Salaried,741,XLG,Trade, 60 months,0.1727,D,D3,ASANSOL,201-DBS,HOWRAH,WB,WB,WEST BENGAL,PASCHIM BARDHHAMAN,690076,10035-ABHAY TOMER,Medium,47485,43234,45986,14.42,3062.0,N,N,1,On-Time,0,0,1,2015-12-16,0,Mar-2023
ACC000426,339,JALANDHAR,JLG30K,44429,45656,21035,2023-08-12,Active,Quarterly EMI,160051,JALANDHAR-160051,Ananya Patel,Female,36-45,43,1979-01-29,Minority,Muslim,RENT,75K-100K,Salaried,558,XLG,Services, 36 months,0.1065,B,B2,JALANDHAR,102-DBS,LUDHIANA,PB,PB,PUNJAB,JALANDHAR,160051,10067-AKSHAY KUMAR,Low,44809,47439,44068,8.53,4270.38,N,N,2,On-Time,0,0,1,2016-07-13,0,Aug-2023
ACC000427,935,CHHATA,JLG30K,30815,38241,26929,2020-02-27,Fully Paid,Monthly EMI,910020,CHHATA-910020,Nisha Chopra,Female,46-55,49,1979-01-29,SC,Hindu,RENT,75K-100K,Business,641,XLG,Services, 36 months,0.1065,B,B2,CHHATA,176-DBS,BULANDSHAHR,UP,UP,UTTAR PRADESH,MATHURA,910020,10047-ANIL KUMAR,High,32354,38824,30371,10.63,1455.85,N,N,2,Late,0,0,1,2017-11-14,0,Feb-2020
ACC000428,169,SANGRUR,JLG30K,10860,31361,44406,2015-08-27,Paid Off,Quarterly EMI,110159,SANGRUR-110159,Kavya Mehta,Female,36-45,45,1973-03-14,General,Muslim,OWN,50K-75K,Business,490,XLG,Services, 36 months,0.1065,B,B2,SANGRUR,102-DBS,LUDHIANA,PB,PB,PUNJAB,SANGRUR,110159,10037-RAJESH PRATAP,Low,11066,32110,10703,20.99,2183.29,N,N,0,On-Time,0,0,1,2015-08-27,1,Aug-2015
ACC000429,578,BEHROR,JLG30K,16659,36750,36081,2021-12-06,Default,Monthly EMI,30179,BEHROR-30179,Ishaan Patel,Female,36-45,39,1979-01-29,Minority,Muslim,RENT,75K-100K,Self-Employed,472,XLG,Services, 36 months,0.1065,B,B2,BEHROR,301-DBS,JAIPUR,RJ,RJ,RAJASTHAN,BEHROD,30179,10055-MAHESH KUMAR PATEL,Low,17726,36454,16585,45.93,2253.55,N,Y,2,On-Time,1,0,1,2021-12-06,1,Dec-2021
ACC000430,757,FATEHGARH SAHIB,JLG30K,36152,24444,27684,2018-07-05,Fully Paid,Monthly EMI,120676,FATEHGARH SAHIB-120676,Diya Joshi,Female,36-45,43,1979-01-29,SC,Christian,RENT,50K-75K,Self-Employed,645,XLG,Services, 36 months,0.1065,B,B2,FATEHGARH SAHIB,102-DBS,LUDHIANA,PB,PB,PUNJAB,FATEHGARH SAHIB,120676,10037-RAJESH PRATAP,Medium,36967,25133,35860,4.12,1284.77,N,N,0,On-Time,0,0,1,2018-07-05,1,Jul-2018
ACC000431,225,Mathura,JLG50K,48719,32682,2201,2022-12-05,Fully Paid,Quarterly EMI,910182,Mathura-910182,Meera Verma,Female,26-35,34,1979-01-29,ST,Sikh,RENT,100K+,Self-Employed,464,XLG,Home Loan, 60 months,0.1991,E,E4,Mathura,176-DBS,BULANDSHAHR,UP,UP,UTTAR PRADESH,MATHURA,910182,10469-MANISH  PANDEY,High,50432,34196,48338,40.12,3856.5,N,N,1,Late,0,0,1,2015-01-15,0,Dec-2022
ACC000432,473,Mangaldoi,JLG30K,23402,36779,8465,2016-12-30,Active,Quarterly EMI,570241,Mangaldoi-570241,Nisha Chopra,Female,26-35,28,1979-01-29,General,Hindu,RENT,<25K,Self-Employed,553,XLG,Services, 36 months,0.1065,B,B2,Mangaldoi,208-DBS,GUWAAHATI,AS,AS,ASSAM,Mangaldoi,570241,10961-NAYAN JYOTI SARMAH,Low,24880,37764,23326,39.8,4789.22,N,N,0,On-Time,0,0,1,2016-12-30,1,Dec-2016
ACC000433,712,Mathura,JLG30K,7424,19693,15476,2020-07-14,Fully Paid,Monthly EMI,910182,Mathura-910182,Meera Nair,Female,46-55,50,1979-01-29,ST,Sikh,RENT,25K-50K,Business,664,XLG,Services, 36 months,0.1065,B,B2,Mathura,176-DBS,BULANDSHAHR,UP,UP,UTTAR PRADESH,MATHURA,910182,10469-MANISH  PANDEY,High,9130,20248,7286,37.22,4126.18,N,N,2,On-Time,0,0,1,2020-07-14,1,Jul-2020
ACC000434,528,MUKTSAR,JLG30K,21329,28059,21273,2020-06-05,Fully Paid,Quarterly EMI,1110166,MUKTSAR-1110166,Vivaan Patel,Female,26-35,29,1979-01-29,OBC,Hindu,RENT,100K+,Salaried,395,XLG,Services, 36 months,0.1065,B,B2,MUKTSAR,102-DBS,LUDHIANA,PB,PB,PUNJAB,SRI MUKTSAR SAHIB,1110166,11303-ASHUTOSH KUMAR SUMAN,Medium,21792,27991,20889,41.84,3731.57,N,N,1,On-Time,0,0,1,2020-06-05,1,Jun-2020
ACC000435,293,BULANDSHAHR,JLG35K,24397,33948,21843,2021-10-05,Fully Paid,Monthly EMI,10068,BULANDSHAHR-10068,Laksh Reddy,Female,26-35,31,1979-01-29,SC,Hindu,RENT,25K-50K,Salaried,315,XLG,Trade, 36 months,0.0991,B,B1,BULANDSHAHR,176-DBS,BULANDSHAHR,UP,UP,UTTAR PRADESH,BULANDSHAHAR,10068,10057-NANDI SHANKAR,High,25457,34281,24106,33.8,4577.2,N,N,1,Late,0,0,1,2017-01-18,0,Oct-2021
ACC000436,220,JAMMU,JLG30K,28254,4330,35543,2019-04-16,Paid Off,Quarterly EMI,720081,JAMMU-720081,Diya Nair,Female,18-25,25,1979-01-29,General,Hindu,RENT,50K-75K,Self-Employed,752,XLG,Services, 36 months,0.1065,B,B2,JAMMU,201-DBS,LUDHIANA,JK,JK,JAMMU & KASHMIR,JAMMU,720081,10588-POONAM DEVI,High,29924,3882,27937,38.79,583.83,N,N,1,On-Time,0,0,1,2015-01-03,0,Apr-2019
ACC000437,593,Mangaldoi,JLG35K,21263,13944,13186,2022-05-06,Active,Monthly EMI,570241,Mangaldoi-570241,Vivaan Gupta,Female,56-63,57,1979-01-29,General,Muslim,RENT,75K-100K,Business,472,XLG,Trade, 36 months,0.0991,B,B1,Mangaldoi,208-DBS,GUWAAHATI,AS,AS,ASSAM,Mangaldoi,570241,10961-NAYAN JYOTI SARMAH,Low,23101,14949,21204,6.95,2174.68,N,N,0,On-Time,0,0,1,2016-02-14,0,May-2022
ACC000438,798,MUKTSAR,JLG30K,47018,11299,12877,2017-01-22,Fully Paid,Monthly EMI,1110166,MUKTSAR-1110166,Ananya Reddy,Female,26-35,29,1979-01-29,ST,Sikh,RENT,100K+,Salaried,324,XLG,Services, 36 months,0.1065,B,B2,MUKTSAR,102-DBS,LUDHIANA,PB,PB,PUNJAB,SRI MUKTSAR SAHIB,1110166,11303-ASHUTOSH KUMAR SUMAN,Medium,48795,11190,46670,7.97,1526.14,N,N,2,On-Time,0,0,1,2016-07-24,0,Jan-2017
ACC000439,878,Mathura,JLG46K,25598,12990,41334,2016-01-27,Fully Paid,Monthly EMI,910182,Mathura-910182,Ishaan Sharma,Female,46-55,46,1979-01-29,ST,Sikh,MORTGAGE,100K+,Business,522,XLG,Home Loan, 36 months,0.1825,D,D5,Mathura,176-DBS,BULANDSHAHR,UP,UP,UTTAR PRADESH,MATHURA,910182,10469-MANISH  PANDEY,High,25875,14231,25235,9.23,4768.28,N,N,0,On-Time,0,0,1,2016-01-27,1,Jan-2016
ACC000440,386,Mangaldoi,JLG35K,46646,37932,16778,2019-05-28,Fully Paid,Quarterly EMI,570241,Mangaldoi-570241,Nisha Verma,Female,18-25,22,1979-01-29,ST,Sikh,MORTGAGE,100K+,Salaried,564,XLG,Trade, 36 months,0.0991,B,B1,Mangaldoi,208-DBS,GUWAAHATI,AS,AS,ASSAM,Mangaldoi,570241,10961-NAYAN JYOTI SARMAH,Low,47991,38794,46528,13.93,167.4,N,N,2,Very Late,0,0,1,2015-02-23,0,May-2019
ACC000441,577,Mathura,JLG30K,22142,36185,14611,2020-08-15,Fully Paid,Quarterly EMI,910182,Mathura-910182,Nisha Reddy,Female,36-45,44,1979-01-29,OBC,Hindu,MORTGAGE,75K-100K,Business,815,XLG,Services, 36 months,0.1065,B,B2,Mathura,176-DBS,BULANDSHAHR,UP,UP,UTTAR PRADESH,MATHURA,910182,10469-MANISH  PANDEY,High,24021,37943,21784,37.19,4372.06,N,N,0,On-Time,0,0,1,2019-01-10,0,Aug-2020
ACC000442,657,MUKTSAR,JLG35K,26005,13748,37107,2023-02-09,Fully Paid,Quarterly EMI,1110166,MUKTSAR-1110166,Meera Verma,Female,46-55,47,1979-01-29,SC,Hindu,RENT,75K-100K,Business,546,XLG,Trade, 36 months,0.0991,B,B1,MUKTSAR,102-DBS,LUDHIANA,PB,PB,PUNJAB,SRI MUKTSAR SAHIB,1110166,11303-ASHUTOSH KUMAR SUMAN,Medium,26000,15081,25934,35.72,2006.11,N,N,0,On-Time,0,0,1,2015-01-13,0,Feb-2023
ACC000443,82,BILASPUR,JLG30K,47582,11912,7947,2018-09-10,Paid Off,Monthly EMI,240005,BILASPUR-240005,Nisha Malhotra,Female,36-45,36,1979-01-29,SC,Hindu,MORTGAGE,100K+,Self-Employed,489,XLG,Services, 36 months,0.1065,B,B2,BILASPUR,207-DBS,RAIPUR,CG,CG,CHATTISGARH,BILASPUR,240005,10886-MANISH KUMAR DWIVEDI,Low,47102,12881,47358,9.76,1620.95,N,N,0,On-Time,0,0,1,2017-01-09,0,Sep-2018
ACC000444,698,DHURI,JLG46K,18583,16214,38080,2016-12-15,Fully Paid,Monthly EMI,1030063,DHURI-1030063,Aarav Joshi,Female,18-25,22,1997-10-27,General,Hindu,RENT,<25K,Salaried,516,XLG,Home Loan, 36 months,0.1825,D,D5,DHURI,102-DBS,LUDHIANA,PB,PB,PUNJAB,SANGRUR,1030063,12058-DEEPAK KUMAR,Low,20307,16268,18512,36.99,3948.93,N,N,0,On-Time,0,0,1,2016-12-15,1,Dec-2016
ACC000445,506,MAWANA,JLG30K,8042,13941,38360,2023-09-27,Paid Off,Monthly EMI,800018,MAWANA-800018,Aarav Malhotra,Female,46-55,53,1979-01-29,Minority,Muslim,RENT,25K-50K,Business,812,XLG,Services, 36 months,0.1065,B,B2,MAWANA,176-DBS,BULANDSHAHR,UP,UP,UTTAR PRADESH,MEERUT,800018,11183-ANIL KUMAR,Medium,8323,15198,7749,9.3,3477.45,N,N,0,On-Time,0,0,1,2016-10-10,0,Sep-2023
ACC000446,559,MAHASAMUND,JLG44K,15565,44896,37509,2020-08-22,Active,Quarterly EMI,250029,MAHASAMUND-250029,Ishaan Joshi,Female,36-45,43,1979-01-29,General,Hindu,RENT,100K+,Salaried,675,XLG,Home Loan, 36 months,0.0662,A,A2,MAHASAMUND,207-DBS,RAIPUR,CG,CG,CHATTISGARH,MAHASAMUND,250029,11640-NITISH KUMAR,High,17085,46034,15080,14.14,3420.82,N,N,0,Late,0,0,1,2016-05-31,0,Aug-2020
ACC000447,395,HAPUR,JLG30K,48648,33186,37869,2023-02-19,Fully Paid,Quarterly EMI,210563,HAPUR-210563,Meera Chopra,Female,46-55,53,1979-01-29,ST,Sikh,RENT,75K-100K,Business,551,XLG,Services, 36 months,0.1065,B,B2,HAPUR,176-DBS,BULANDSHAHR,UP,UP,UTTAR PRADESH,HAPUR,210563,10183-RISHABH PANT,Low,49226,34252,48375,16.36,3085.28,N,N,0,On-Time,0,0,1,2020-01-26,0,Feb-2023
ACC000448,546,BEHROR,JLG30K,7958,15813,7142,2016-08-11,Active,Monthly EMI,30179,BEHROR-30179,Kavya Gupta,Female,36-45,39,1979-01-29,OBC,Hindu,RENT,50K-75K,Salaried,692,XLG,Services, 36 months,0.1065,B,B2,BEHROR,301-DBS,JAIPUR,RJ,RJ,RAJASTHAN,BEHROD,30179,10055-MAHESH KUMAR PATEL,Low,7555,16833,7865,13.03,1479.08,Y,N,1,Very Late,0,1,1,2016-08-11,1,Aug-2016
ACC000449,936,DURGAPUR,JLG30K,17455,48914,30795,2023-12-28,Fully Paid,Monthly EMI,700013,DURGAPUR-700013,Ananya Patel,Female,36-45,43,1979-01-29,Minority,Muslim,RENT,75K-100K,Salaried,558,XLG,Services, 36 months,0.1065,B,B2,DURGAPUR,201-DBS,HOWRAH,WB,WB,WEST BENGAL,PASCHIM BARDHHAMAN,700013,10037-RAJESH PRATAP,Low,18518,50097,17275,25.81,384.99,N,N,0,Late,0,0,1,2018-03-28,0,Dec-2023
ACC000450,284,ASANSOL,JLG30K,9155,4603,8796,2016-03-14,Paid Off,Monthly EMI,690076,ASANSOL-690076,Meera Verma,Female,26-35,34,1979-01-29,ST,Sikh,RENT,100K+,Self-Employed,464,XLG,Services, 36 months,0.1065,B,B2,ASANSOL,201-DBS,HOWRAH,WB,WB,WEST BENGAL,PASCHIM BARDHHAMAN,690076,10035-ABHAY TOMER,Medium,9933,5158,9029,32.44,4447.12,N,N,2,Late,0,0,1,2016-03-14,1,Mar-2016
ACC000451,151,HAPUR,JLG35K,47525,44521,12149,2021-02-08,Paid Off,Quarterly EMI,210563,HAPUR-210563,Vivaan Gupta,Female,46-55,46,1979-01-29,ST,Sikh,OWN,75K-100K,Business,481,XLG,Trade, 36 months,0.0991,B,B1,HAPUR,176-DBS,BULANDSHAHR,UP,UP,UTTAR PRADESH,HAPUR,210563,10183-RISHABH PANT,Low,49490,44817,47179,0.08,1371.96,Y,N,0,Very Late,0,1,1,2021-02-08,1,Feb-2021
ACC000452,773,BEHROR,JLG35K,30562,5924,31221,2023-12-02,Paid Off,Quarterly EMI,30179,BEHROR-30179,Nisha Chopra,Female,46-55,52,1979-01-29,General,Hindu,RENT,100K+,Salaried,322,XLG,Trade, 36 months,0.0991,B,B1,BEHROR,301-DBS,JAIPUR,RJ,RJ,RAJASTHAN,BEHROD,30179,10055-MAHESH KUMAR PATEL,Low,31307,6115,30187,21.38,3197.4,Y,N,0,On-Time,0,1,1,2021-03-06,0,Dec-2023
ACC000453,522,MAWANA,JLG30K,23216,47835,13100,2022-04-23,Fully Paid,Quarterly EMI,800018,MAWANA-800018,Kavya Verma,Female,36-45,37,1979-01-29,General,Hindu,RENT,<25K,Self-Employed,479,XLG,Services, 36 months,0.1065,B,B2,MAWANA,176-DBS,BULANDSHAHR,UP,UP,UTTAR PRADESH,MEERUT,800018,11183-ANIL KUMAR,Medium,24100,49770,22865,12.3,2910.28,N,N,0,On-Time,0,0,1,2016-10-04,0,Apr-2022
ACC000454,196,GUWAHATI,JLG30K,7435,38584,44433,2018-05-21,Paid Off,Quarterly EMI,560090,GUWAHATI-560090,Laksh Reddy,Female,26-35,29,1979-01-29,OBC,Hindu,RENT,75K-100K,Business,311,XLG,Services, 36 months,0.1065,B,B2,GUWAHATI,208-DBS,GUWAAHATI,AS,AS,ASSAM,Guwahati,560090,11955-LEKHAN KONWAR,Medium,8932,39296,7318,29.69,3101.74,N,N,0,Very Late,0,0,1,2018-05-21,1,May-2018
ACC000455,84,BEHROR,JLG50K,2755,3382,13369,2018-02-24,Paid Off,Monthly EMI,30179,BEHROR-30179,Nisha Reddy,Female,36-45,42,1979-01-29,SC,Hindu,RENT,100K+,Self-Employed,668,XLG,Home Loan, 60 months,0.1991,E,E4,BEHROR,301-DBS,JAIPUR,RJ,RJ,RAJASTHAN,BEHROD,30179,10055-MAHESH KUMAR PATEL,Low,2911,5301,2695,45.31,2529.98,N,N,1,Very Late,0,0,1,2018-02-24,1,Feb-2018
ACC000456,839,NIMAPADA,JLG45K,38165,45635,8432,2017-11-17,Paid Off,Monthly EMI,440052,NIMAPADA-440052,Aditya Malhotra,Female,46-55,51,1979-01-29,OBC,Hindu,RENT,25K-50K,Self-Employed,389,XLG,Agriculture, 36 months,0.0751,A,A3,NIMAPADA,107-DBS,BHUBANESWAR,OR,OR,ODISHA,NIMAPADA,440052,12004-SAMIR RANJAN SUTRADHAR,High,38933,46475,38031,23.65,3035.08,N,N,1,On-Time,0,0,1,2017-11-17,1,Nov-2017
ACC000457,956,KARNAL,JLG30K,19141,42780,3447,2015-11-26,Fully Paid,Quarterly EMI,50678,KARNAL-50678,Kavya Mehta,Female,26-35,31,1979-01-29,ST,Muslim,RENT,<25K,Self-Employed,466,XLG,Services, 36 months,0.1065,B,B2,KARNAL,206-DBS,KARNAL,HR,HR,HARYANA,KARNAL,50678,10282-NAIM ALI,Medium,20893,43937,19068,8.95,3880.61,N,N,2,Late,0,0,1,2015-09-11,0,Nov-2015
ACC000458,481,FATEHGARH SAHIB,JLG30K,22620,40095,36709,2020-09-11,Paid Off,Monthly EMI,120676,FATEHGARH SAHIB-120676,Vivaan Joshi,Female,26-35,29,1979-01-29,Minority,Hindu,MORTGAGE,75K-100K,Business,395,XLG,Services, 36 months,0.1065,B,B2,FATEHGARH SAHIB,102-DBS,LUDHIANA,PB,PB,PUNJAB,FATEHGARH SAHIB,120676,10037-RAJESH PRATAP,Medium,22187,40227,22232,6.37,3651.02,N,N,1,Very Late,0,0,1,2015-06-17,0,Sep-2020
ACC000459,582,Mangaldoi,JLG30K,9130,41455,39015,2016-04-08,Paid Off,Quarterly EMI,570241,Mangaldoi-570241,Kavya Gupta,Female,36-45,39,1979-01-29,OBC,Hindu,RENT,50K-75K,Salaried,692,XLG,Services, 36 months,0.1065,B,B2,Mangaldoi,208-DBS,GUWAAHATI,AS,AS,ASSAM,Mangaldoi,570241,10961-NAYAN JYOTI SARMAH,Low,9005,42158,8653,12.53,4459.84,N,N,2,On-Time,0,0,1,2016-04-08,1,Apr-2016
ACC000460,794,TEZPUR,JLG30K,32920,13561,4550,2022-09-13,Active,Quarterly EMI,680026,TEZPUR-680026,Kavya Gupta,Female,36-45,43,1979-01-29,Minority,Muslim,RENT,<25K,Self-Employed,528,XLG,Services, 36 months,0.1065,B,B2,TEZPUR,208-DBS,GUWAAHATI,AS,AS,ASSAM,SONITPUR,680026,11055-MANAS PROTIM HAZARIKA,Medium,33319,13570,32747,27.06,3939.36,N,N,2,On-Time,0,0,1,2020-07-07,0,Sep-2022
ACC000461,278,KURUKSHETRA,JLG50K,24249,24238,34346,2020-12-18,Paid Off,Monthly EMI,70364,KURUKSHETRA-70364,Laksh Sharma,Female,26-35,31,1979-01-29,SC,Hindu,RENT,100K+,Self-Employed,672,XLG,Home Loan, 60 months,0.1991,E,E4,KURUKSHETRA,206-DBS,KARNAL,HR,HR,HARYANA,KURUKSHETRA,70364,10028-AAYUSH PANDEY,Medium,26200,25974,24206,21.71,651.3,N,N,1,Late,0,0,1,2019-03-24,0,Dec-2020
ACC000462,12,CUTTACK,JLG41K,8327,26766,7523,2017-04-22,Fully Paid,Monthly EMI,630081,CUTTACK-630081,Meera Sharma,Female,36-45,45,1979-01-29,OBC,Hindu,OWN,75K-100K,Business,417,XLG,Services, 36 months,0.1465,C,C3,CUTTACK,107-DBS,BHUBANESWAR,OR,OR,ODISHA,CUTTACK,630081,12061-PINAKAPANI KANUNGO,High,10043,26738,7915,29.19,2996.71,N,N,2,On-Time,0,0,1,2017-04-22,1,Apr-2017
ACC000463,663,AGRA,JLG35K,12956,6023,19433,2021-12-16,Fully Paid,Monthly EMI,140056,AGRA-140056,Ananya Reddy,Female,18-25,39,1979-01-29,General,Muslim,MORTGAGE,<25K,Self-Employed,660,XLG,Trade, 36 months,0.0991,B,B1,AGRA,176-DBS,BULANDSHAHR,UP,UP,UTTAR PRADESH,AGRA,140056,10161-RAM AVTAR,Medium,14236,6117,12658,1.58,4402.67,N,N,1,On-Time,0,0,1,2015-08-16,0,Dec-2021
ACC000464,218,PATIALA,JLG30K,24675,32500,18841,2015-11-02,Paid Off,Monthly EMI,100186,PATIALA-100186,Meera Reddy,Female,46-55,49,1979-01-29,ST,Hindu,OWN,75K-100K,Salaried,374,XLG,Services, 36 months,0.1065,B,B2,PATIALA,102-DBS,LUDHIANA,PB,PB,PUNJAB,PATIALA,100186,10420-MUNENDRA  SINGH,Medium,25437,32134,24385,42.34,240.81,N,N,1,On-Time,0,0,1,2015-11-02,1,Nov-2015
ACC000465,221,DHURI,JLG35K,25142,43445,32432,2020-10-29,Fully Paid,Monthly EMI,1030063,DHURI-1030063,Aarav Verma,Female,26-35,33,1979-01-29,ST,Sikh,MORTGAGE,25K-50K,Salaried,754,XLG,Trade, 36 months,0.0991,B,B1,DHURI,102-DBS,LUDHIANA,PB,PB,PUNJAB,SANGRUR,1030063,12058-DEEPAK KUMAR,Low,24802,45134,24716,46.07,1748.87,N,N,0,On-Time,0,0,1,2015-03-04,0,Oct-2020
ACC000466,177,BUXAR,JLG35K,6122,23307,41404,2016-01-29,Active,Quarterly EMI,710002,BUXAR-710002,Meera Malhotra,Female,36-45,44,1979-01-29,Minority,Muslim,RENT,25K-50K,Salaried,448,XLG,Trade, 36 months,0.0991,B,B1,BUXAR,209-DBS,PATNA,BR,BR,BIHAR,BUXAR,710002,10055-MAHESH KUMAR PATEL,Medium,6546,24575,6108,42.35,4065.86,N,N,1,On-Time,0,0,1,2015-09-05,0,Jan-2016
ACC000467,798,MUKTSAR,JLG30K,32807,28656,43019,2016-07-24,Paid Off,Monthly EMI,1110166,MUKTSAR-1110166,Ananya Reddy,Female,26-35,29,1979-01-29,ST,Sikh,RENT,100K+,Salaried,324,XLG,Services, 36 months,0.1065,B,B2,MUKTSAR,102-DBS,LUDHIANA,PB,PB,PUNJAB,SRI MUKTSAR SAHIB,1110166,11303-ASHUTOSH KUMAR SUMAN,Medium,34159,28924,32536,2.44,2484.24,N,N,2,On-Time,0,0,1,2016-07-24,1,Jul-2016
ACC000468,486,SIWAN,JLG30K,28099,24496,17057,2019-11-07,Fully Paid,Quarterly EMI,790102,SIWAN-790102,Aditya Malhotra,Female,46-55,51,1979-01-29,OBC,Hindu,RENT,25K-50K,Self-Employed,389,XLG,Services, 36 months,0.1065,B,B2,SIWAN,209-DBS,PATNA,BR,BR,BIHAR,SIWAN,790102,10827-AJEET KUMAR PANDEY,Medium,28431,26338,27997,32.86,1917.23,N,N,0,On-Time,0,0,1,2019-11-07,1,Nov-2019
ACC000469,533,MAWANA,JLG35K,12800,10985,29199,2021-11-23,Fully Paid,Quarterly EMI,800018,MAWANA-800018,Vivaan Verma,Female,46-55,52,1979-01-29,ST,Sikh,RENT,100K+,Salaried,626,XLG,Trade, 36 months,0.0991,B,B1,MAWANA,176-DBS,BULANDSHAHR,UP,UP,UTTAR PRADESH,MEERUT,800018,11183-ANIL KUMAR,Medium,12853,11399,12336,20.25,3867.74,N,N,2,On-Time,0,0,1,2019-01-04,0,Nov-2021
ACC000470,125,DIBRUGARH,JLG30K,45082,19856,5936,2017-01-14,Fully Paid,Quarterly EMI,1050013,DIBRUGARH-1050013,Nisha Reddy,Female,36-45,38,1979-01-29,ST,Sikh,RENT,50K-75K,Self-Employed,552,XLG,Services, 36 months,0.1065,B,B2,DIBRUGARH,208-DBS,GUWAAHATI,AS,AS,ASSAM,DIBRUGARH,1050013,10961-NAYAN JYOTI SARMAH,Low,46386,20293,44860,19.69,599.4,N,N,0,On-Time,0,0,1,2017-01-03,0,Jan-2017
ACC000471,791,SEHORE,JLG35K,3521,45484,3933,2023-04-14,Paid Off,Monthly EMI,1440051,SEHORE-1440051,Ishaan Nair,Female,36-45,36,1983-03-26,OBC,Hindu,MORTGAGE,25K-50K,Self-Employed,552,XLG,Trade, 36 months,0.0991,B,B1,SEHORE,200-DBS,BHOPAL,MP,MP,MADHYA PRADESH,SEHORE,1440051,10063-VIR SINGH,High,3307,45493,3308,3.08,4767.68,N,N,2,On-Time,0,0,1,2022-07-30,0,Apr-2023
ACC000472,291,PATIALA,JLG35K,32240,19746,37052,2022-06-10,Active,Monthly EMI,100186,PATIALA-100186,Nisha Joshi,Female,46-55,48,1979-01-29,General,Hindu,MORTGAGE,50K-75K,Business,657,XLG,Trade, 36 months,0.0991,B,B1,PATIALA,102-DBS,LUDHIANA,PB,PB,PUNJAB,PATIALA,100186,10420-MUNENDRA  SINGH,Medium,33179,21176,32032,1.36,3341.32,N,N,0,On-Time,0,0,1,2018-04-02,0,Jun-2022
ACC000473,926,ASANSOL,JLG29K,22497,25306,7878,2018-04-02,Fully Paid,Quarterly EMI,690076,ASANSOL-690076,Aditya Patel,Female,26-35,27,1979-01-29,ST,Sikh,MORTGAGE,75K-100K,Salaried,600,XLG,Trade, 60 months,0.1727,D,D3,ASANSOL,201-DBS,HOWRAH,WB,WB,WEST BENGAL,PASCHIM BARDHHAMAN,690076,10035-ABHAY TOMER,Medium,23424,27044,22411,8.62,1498.39,N,N,0,Late,0,0,1,2018-04-02,1,Apr-2018
ACC000474,358,ASANSOL,JLG46K,23237,44519,8007,2018-12-24,Active,Quarterly EMI,690076,ASANSOL-690076,Meera Sharma,Female,18-25,22,1995-12-14,General,Hindu,RENT,<25K,Salaried,346,XLG,Home Loan, 36 months,0.1825,D,D5,ASANSOL,201-DBS,HOWRAH,WB,WB,WEST BENGAL,PASCHIM BARDHHAMAN,690076,10035-ABHAY TOMER,Medium,24339,44891,23108,43.15,4248.38,N,Y,2,On-Time,1,0,1,2018-12-24,1,Dec-2018
ACC000475,121,Mathura,JLG35K,48867,47772,6069,2023-10-29,Active,Quarterly EMI,910182,Mathura-910182,Meera Joshi,Female,36-45,42,1979-01-29,ST,Sikh,RENT,25K-50K,Salaried,534,XLG,Trade, 36 months,0.0991,B,B1,Mathura,176-DBS,BULANDSHAHR,UP,UP,UTTAR PRADESH,MATHURA,910182,10469-MANISH  PANDEY,High,50293,47305,48692,32.23,1039.3,N,N,2,On-Time,0,0,1,2018-12-14,0,Oct-2023
ACC000476,86,MUKTSAR,JLG30K,29859,12079,39936,2017-04-14,Fully Paid,Quarterly EMI,1110166,MUKTSAR-1110166,Laksh Nair,Female,36-45,38,1979-01-29,Minority,Muslim,RENT,<25K,Self-Employed,578,XLG,Services, 36 months,0.1065,B,B2,MUKTSAR,102-DBS,LUDHIANA,PB,PB,PUNJAB,SRI MUKTSAR SAHIB,1110166,11303-ASHUTOSH KUMAR SUMAN,Medium,30247,11787,29684,15.18,141.57,N,N,2,On-Time,0,0,1,2017-04-14,1,Apr-2017
ACC000477,434,BEHROR,JLG30K,37370,37616,30145,2020-07-31,Fully Paid,Quarterly EMI,30179,BEHROR-30179,Ananya Verma,Female,46-55,51,1979-01-29,OBC,Hindu,MORTGAGE,25K-50K,Self-Employed,770,XLG,Services, 36 months,0.1065,B,B2,BEHROR,301-DBS,JAIPUR,RJ,RJ,RAJASTHAN,BEHROD,30179,10055-MAHESH KUMAR PATEL,Low,38081,38942,37260,6.11,1563.83,N,N,1,On-Time,0,0,1,2015-04-24,0,Jul-2020
ACC000478,790,SIRSA,JLG30K,4306,40648,14800,2023-05-20,Fully Paid,Monthly EMI,730084,SIRSA-730084,Diya Verma,Female,26-35,35,1979-01-29,ST,Sikh,MORTGAGE,25K-50K,Self-Employed,744,XLG,Services, 36 months,0.1065,B,B2,SIRSA,206-DBS,KARNAL,HR,HR,HARYANA,SIRSA,730084,10149-ABHISHEK MAURYA,Medium,5211,40214,3971,32.61,2241.58,N,N,0,On-Time,0,0,1,2019-10-14,0,May-2023
ACC000479,79,DURGAPUR,JLG30K,19982,7949,8564,2022-11-24,Active,Monthly EMI,700013,DURGAPUR-700013,Kavya Sharma,Female,26-35,26,1979-01-29,SC,Hindu,RENT,75K-100K,Business,398,XLG,Services, 36 months,0.1065,B,B2,DURGAPUR,201-DBS,HOWRAH,WB,WB,WEST BENGAL,PASCHIM BARDHHAMAN,700013,10037-RAJESH PRATAP,Low,19528,9069,19833,26.45,2550.49,N,N,2,Late,0,0,1,2016-10-18,0,Nov-2022
ACC000480,595,DURGAPUR,JLG35K,19095,31689,17028,2015-05-29,Fully Paid,Monthly EMI,700013,DURGAPUR-700013,Kavya Malhotra,Female,36-45,41,1979-01-29,OBC,Hindu,RENT,25K-50K,Salaried,495,XLG,Trade, 36 months,0.0991,B,B1,DURGAPUR,201-DBS,HOWRAH,WB,WB,WEST BENGAL,PASCHIM BARDHHAMAN,700013,10037-RAJESH PRATAP,Low,19028,33548,18925,47.61,247.84,N,N,0,On-Time,0,0,1,2015-05-29,1,May-2015
ACC000481,277,BEHROR,JLG35K,46449,20868,10476,2023-12-02,Fully Paid,Quarterly EMI,30179,BEHROR-30179,Meera Joshi,Female,36-45,42,1979-01-29,ST,Sikh,RENT,25K-50K,Salaried,534,XLG,Trade, 36 months,0.0991,B,B1,BEHROR,301-DBS,JAIPUR,RJ,RJ,RAJASTHAN,BEHROD,30179,10055-MAHESH KUMAR PATEL,Low,47210,21097,46207,48.95,1324.43,N,N,0,On-Time,0,0,1,2018-11-04,0,Dec-2023
ACC000482,109,ASANSOL,JLG30K,36423,43492,19819,2019-09-14,Paid Off,Monthly EMI,690076,ASANSOL-690076,Ananya Mehta,Female,26-35,30,1979-01-29,ST,Sikh,RENT,75K-100K,Business,783,XLG,Services, 36 months,0.1065,B,B2,ASANSOL,201-DBS,HOWRAH,WB,WB,WEST BENGAL,PASCHIM BARDHHAMAN,690076,10035-ABHAY TOMER,Medium,37572,45172,35946,17.24,3238.53,N,N,2,On-Time,0,0,1,2019-09-14,1,Sep-2019
ACC000483,643,BULANDSHAHR,JLG30K,33152,44599,17909,2015-02-02,Paid Off,Quarterly EMI,10068,BULANDSHAHR-10068,Ananya Sharma,Female,46-55,52,1979-01-29,Minority,Muslim,RENT,<25K,Business,557,XLG,Services, 36 months,0.1065,B,B2,BULANDSHAHR,176-DBS,BULANDSHAHR,UP,UP,UTTAR PRADESH,BULANDSHAHAR,10068,10057-NANDI SHANKAR,High,33661,45799,33060,38.49,2621.26,N,N,2,Very Late,0,0,1,2015-02-02,1,Feb-2015
ACC000484,50,SIWAN,JLG44K,13321,12316,40433,2015-03-30,Active,Monthly EMI,790102,SIWAN-790102,Nisha Mehta,Female,36-45,38,1979-01-29,SC,Muslim,RENT,25K-50K,Self-Employed,774,XLG,Home Loan, 36 months,0.0662,A,A2,SIWAN,209-DBS,PATNA,BR,BR,BIHAR,SIWAN,790102,10827-AJEET KUMAR PANDEY,Medium,14425,13819,13194,44.94,637.67,N,N,1,On-Time,0,0,1,2015-03-30,1,Mar-2015
ACC000485,179,VARANASI,JLG35K,30188,11828,42353,2016-02-06,Default,Monthly EMI,1280108,VARANASI-1280108,Laksh Sharma,Female,46-55,46,1979-01-29,Minority,Muslim,RENT,<25K,Self-Employed,512,XLG,Trade, 36 months,0.0991,B,B1,VARANASI,176-DBS,VARANASI,UP,UP,UTTAR PRADESH,VARANASI,1280108,10568-RAJU RANJAN RAY,Medium,30325,11935,29852,9.55,4354.68,N,N,0,Very Late,0,0,1,2016-02-06,1,Feb-2016
ACC000486,53,SANGRUR,JLG35K,47651,34210,40053,2019-04-09,Default,Quarterly EMI,110159,SANGRUR-110159,Meera Chopra,Female,46-55,50,1979-01-29,SC,Hindu,RENT,75K-100K,Salaried,726,XLG,Trade, 36 months,0.0991,B,B1,SANGRUR,102-DBS,LUDHIANA,PB,PB,PUNJAB,SANGRUR,110159,10037-RAJESH PRATAP,Low,47535,35179,47539,36.56,4346.4,N,N,2,On-Time,0,0,1,2016-05-17,0,Apr-2019
ACC000487,695,DURGAPUR,JLG30K,22531,43714,27663,2022-08-28,Active,Quarterly EMI,700013,DURGAPUR-700013,Meera Mehta,Female,36-45,45,1979-01-29,Minority,Muslim,RENT,75K-100K,Business,357,XLG,Services, 36 months,0.1065,B,B2,DURGAPUR,201-DBS,HOWRAH,WB,WB,WEST BENGAL,PASCHIM BARDHHAMAN,700013,10037-RAJESH PRATAP,Low,24377,45426,22106,38.11,4253.57,N,N,1,On-Time,0,0,1,2020-05-28,0,Aug-2022
ACC000488,516,BEHROR,JLG35K,3607,5217,34265,2018-12-25,Paid Off,Quarterly EMI,30179,BEHROR-30179,Kavya Sharma,Female,26-35,26,1979-01-29,SC,Hindu,RENT,75K-100K,Business,398,XLG,Trade, 36 months,0.0991,B,B1,BEHROR,301-DBS,JAIPUR,RJ,RJ,RAJASTHAN,BEHROD,30179,10055-MAHESH KUMAR PATEL,Low,4160,7112,3187,41.03,237.63,N,N,1,Late,0,0,1,2016-01-29,0,Dec-2018
ACC000489,423,CHHATA,JLG35K,15759,14036,15553,2022-01-04,Active,Quarterly EMI,910020,CHHATA-910020,Meera Patel,Female,26-35,28,1991-03-29,ST,Sikh,RENT,25K-50K,Salaried,432,XLG,Trade, 36 months,0.0991,B,B1,CHHATA,176-DBS,BULANDSHAHR,UP,UP,UTTAR PRADESH,MATHURA,910020,10047-ANIL KUMAR,High,17230,15775,15361,17.84,1446.31,N,N,0,On-Time,0,0,1,2022-01-04,1,Jan-2022
ACC000490,358,MUKTSAR,JLG30K,16267,7246,30221,2023-10-22,Active,Monthly EMI,1110166,MUKTSAR-1110166,Meera Sharma,Female,18-25,22,1995-12-14,General,Hindu,RENT,<25K,Salaried,346,XLG,Services, 36 months,0.1065,B,B2,MUKTSAR,102-DBS,LUDHIANA,PB,PB,PUNJAB,SRI MUKTSAR SAHIB,1110166,11303-ASHUTOSH KUMAR SUMAN,Medium,17809,6779,16133,24.99,3548.03,N,N,1,On-Time,0,0,1,2018-12-24,0,Oct-2023
ACC000491,708,CHHATA,JLG30K,24266,16722,10914,2023-09-27,Paid Off,Monthly EMI,910020,CHHATA-910020,Nisha Reddy,Female,36-45,38,1979-01-29,General,Muslim,RENT,50K-75K,Self-Employed,755,XLG,Services, 36 months,0.1065,B,B2,CHHATA,176-DBS,BULANDSHAHR,UP,UP,UTTAR PRADESH,MATHURA,910020,10047-ANIL KUMAR,High,25601,17571,24067,24.59,2304.38,N,N,2,On-Time,0,0,1,2015-02-02,0,Sep-2023
ACC000492,53,DHURI,JLG30K,4535,27153,41842,2020-12-08,Fully Paid,Quarterly EMI,1030063,DHURI-1030063,Meera Chopra,Female,46-55,50,1979-01-29,SC,Hindu,RENT,75K-100K,Salaried,726,XLG,Services, 36 months,0.1065,B,B2,DHURI,102-DBS,LUDHIANA,PB,PB,PUNJAB,SANGRUR,1030063,12058-DEEPAK KUMAR,Low,5494,27120,4154,19.45,2669.53,N,N,0,On-Time,0,0,1,2016-05-17,0,Dec-2020
ACC000493,959,MUKTSAR,JLG30K,19113,35348,30568,2018-05-13,Fully Paid,Monthly EMI,1110166,MUKTSAR-1110166,Nisha Reddy,Female,36-45,42,1979-01-29,SC,Hindu,RENT,100K+,Self-Employed,668,XLG,Services, 36 months,0.1065,B,B2,MUKTSAR,102-DBS,LUDHIANA,PB,PB,PUNJAB,SRI MUKTSAR SAHIB,1110166,11303-ASHUTOSH KUMAR SUMAN,Medium,19728,37120,19030,48.85,143.88,N,N,1,On-Time,0,0,1,2015-01-20,0,May-2018
ACC000494,386,DURGAPUR,JLG46K,41445,5426,21252,2015-02-23,Paid Off,Monthly EMI,700013,DURGAPUR-700013,Nisha Verma,Female,18-25,22,1979-01-29,ST,Sikh,MORTGAGE,100K+,Salaried,564,XLG,Home Loan, 36 months,0.1825,D,D5,DURGAPUR,201-DBS,HOWRAH,WB,WB,WEST BENGAL,PASCHIM BARDHHAMAN,700013,10037-RAJESH PRATAP,Low,43298,6523,40947,36.15,427.58,N,N,2,On-Time,0,0,1,2015-02-23,1,Feb-2015
ACC000495,814,SANGRUR,JLG35K,29731,38168,22936,2021-10-05,Paid Off,Monthly EMI,110159,SANGRUR-110159,Ananya Malhotra,Female,46-55,54,1979-01-29,Minority,Muslim,RENT,25K-50K,Self-Employed,433,XLG,Trade, 36 months,0.0991,B,B1,SANGRUR,102-DBS,LUDHIANA,PB,PB,PUNJAB,SANGRUR,110159,10037-RAJESH PRATAP,Low,30312,38706,29372,37.97,774.08,N,N,0,On-Time,0,0,1,2021-10-05,1,Oct-2021
ACC000496,747,DURGAPUR,JLG35K,39345,12063,37946,2023-10-10,Fully Paid,Monthly EMI,700013,DURGAPUR-700013,Ishaan Sharma,Female,46-55,46,1979-01-29,ST,Sikh,MORTGAGE,100K+,Business,522,XLG,Trade, 36 months,0.0991,B,B1,DURGAPUR,201-DBS,HOWRAH,WB,WB,WEST BENGAL,PASCHIM BARDHHAMAN,700013,10037-RAJESH PRATAP,Low,39559,13537,38850,12.07,4959.75,Y,N,1,On-Time,0,1,1,2016-11-29,0,Oct-2023
ACC000497,532,Mathura,JLG30K,38879,4870,7397,2020-05-09,Active,Monthly EMI,910182,Mathura-910182,Diya Verma,Female,26-35,35,1979-01-29,ST,Sikh,MORTGAGE,25K-50K,Self-Employed,744,XLG,Services, 36 months,0.1065,B,B2,Mathura,176-DBS,BULANDSHAHR,UP,UP,UTTAR PRADESH,MATHURA,910182,10469-MANISH  PANDEY,High,38685,6176,38845,18.3,4730.58,Y,Y,0,On-Time,1,1,1,2018-09-12,0,May-2020
ACC000498,716,BUXAR,JLG30K,25838,32727,10761,2021-10-28,Active,Monthly EMI,710002,BUXAR-710002,Nisha Nair,Female,26-35,28,1979-01-29,ST,Sikh,MORTGAGE,25K-50K,Self-Employed,641,XLG,Services, 36 months,0.1065,B,B2,BUXAR,209-DBS,PATNA,BR,BR,BIHAR,BUXAR,710002,10055-MAHESH KUMAR PATEL,Medium,27418,34557,25366,28.2,1745.45,N,N,1,On-Time,0,0,1,2016-11-23,0,Oct-2021
ACC000499,809,SANGRUR,JLG39K,40036,47240,10851,2020-09-08,Fully Paid,Quarterly EMI,110159,SANGRUR-110159,Aditya Mehta,Female,26-35,32,1979-01-29,ST,Sikh,RENT,75K-100K,Salaried,666,XLG,Agriculture, 36 months,0.0662,A,A2,SANGRUR,102-DBS,LUDHIANA,PB,PB,PUNJAB,SANGRUR,110159,10037-RAJESH PRATAP,Low,40507,47659,39799,41.76,2141.74,N,N,0,On-Time,0,0,1,2016-12-26,0,Sep-2020
ACC000500,91,DIBRUGARH,JLG35K,40513,37472,26451,2020-01-25,Paid Off,Monthly EMI,1050013,DIBRUGARH-1050013,Ishaan Mehta,Female,26-35,31,1979-01-29,ST,Sikh,RENT,50K-75K,Business,696,XLG,Trade, 36 months,0.0991,B,B1,DIBRUGARH,208-DBS,GUWAAHATI,AS,AS,ASSAM,DIBRUGARH,1050013,10961-NAYAN JYOTI SARMAH,Low,41921,37777,40428,9.04,3946.83,N,N,1,On-Time,0,0,1,2020-01-25,1,Jan-2020
ACC000501,761,DHURI,JLG35K,16021,5271,33287,2020-05-05,Default,Monthly EMI,1030063,DHURI-1030063,Kavya Chopra,Female,36-45,43,1979-01-29,General,Muslim,OWN,100K+,Business,300,XLG,Trade, 36 months,0.0991,B,B1,DHURI,102-DBS,LUDHIANA,PB,PB,PUNJAB,SANGRUR,1030063,12058-DEEPAK KUMAR,Low,16260,4841,15551,35.44,2975.31,N,N,1,Very Late,0,0,1,2017-09-26,0,May-2020
ACC000502,373,DURGAPUR,JLG30K,6779,36626,21332,2021-01-28,Fully Paid,Monthly EMI,700013,DURGAPUR-700013,Meera Gupta,Female,26-35,29,1979-01-29,ST,Sikh,RENT,75K-100K,Self-Employed,369,XLG,Services, 36 months,0.1065,B,B2,DURGAPUR,201-DBS,HOWRAH,WB,WB,WEST BENGAL,PASCHIM BARDHHAMAN,700013,10037-RAJESH PRATAP,Low,6281,38015,6490,10.48,596.79,N,N,0,Late,0,0,1,2016-03-16,0,Jan-2021
ACC000503,137,SHAHDOL,JLG29K,42713,46225,38838,2021-02-18,Fully Paid,Monthly EMI,1550006,SHAHDOL-1550006,Ananya Nair,Female,36-45,44,1979-01-29,ST,Sikh,RENT,50K-75K,Self-Employed,638,XLG,Trade, 60 months,0.1727,D,D3,SHAHDOL,200-DBS,BHOPAL,MP,MP,MADHYA PRADESH,SHAHDOL,1550006,10021-MAHENDRA PRATAP SINGH,Medium,42554,46339,42307,35.82,2463.8,N,N,2,Late,0,0,1,2017-10-03,0,Feb-2021
ACC000504,384,JALANDHAR,JLG40K,36018,19756,2864,2023-05-17,Fully Paid,Quarterly EMI,160051,JALANDHAR-160051,Laksh Mehta,Female,36-45,40,1979-01-29,ST,Sikh,RENT,50K-75K,Self-Employed,318,XLG,Services, 36 months,0.1727,D,D3,JALANDHAR,102-DBS,LUDHIANA,PB,PB,PUNJAB,JALANDHAR,160051,10067-AKSHAY KUMAR,Low,37735,19933,35850,0.47,1021.29,N,N,1,On-Time,0,0,1,2015-01-24,0,May-2023
ACC000505,988,TEZPUR,JLG30K,41106,5458,29518,2016-05-01,Fully Paid,Monthly EMI,680026,TEZPUR-680026,Meera Mehta,Female,36-45,45,1979-01-29,Minority,Muslim,RENT,75K-100K,Business,357,XLG,Services, 36 months,0.1065,B,B2,TEZPUR,208-DBS,GUWAAHATI,AS,AS,ASSAM,SONITPUR,680026,11055-MANAS PROTIM HAZARIKA,Medium,41687,6670,40990,31.51,863.64,N,Y,1,On-Time,1,0,1,2016-05-01,1,May-2016
ACC000506,137,SIRSA,JLG30K,25938,8411,4063,2017-11-10,Default,Monthly EMI,730084,SIRSA-730084,Ananya Nair,Female,36-45,44,1979-01-29,ST,Sikh,RENT,50K-75K,Self-Employed,638,XLG,Services, 36 months,0.1065,B,B2,SIRSA,206-DBS,KARNAL,HR,HR,HARYANA,SIRSA,730084,10149-ABHISHEK MAURYA,Medium,25583,10324,25542,31.9,3851.09,N,N,0,Late,0,0,1,2017-10-03,0,Nov-2017
ACC000507,521,BULANDSHAHR,JLG35K,49005,38638,13882,2016-06-15,Active,Quarterly EMI,10068,BULANDSHAHR-10068,Aarav Malhotra,Female,46-55,47,1979-01-29,Minority,Muslim,RENT,<25K,Salaried,526,XLG,Trade, 36 months,0.0991,B,B1,BULANDSHAHR,176-DBS,BULANDSHAHR,UP,UP,UTTAR PRADESH,BULANDSHAHAR,10068,10057-NANDI SHANKAR,High,48845,39206,48767,3.51,4282.77,N,N,1,On-Time,0,0,1,2016-06-15,1,Jun-2016
ACC000508,946,BUXAR,JLG35K,30697,15465,44818,2023-11-14,Paid Off,Monthly EMI,710002,BUXAR-710002,Meera Joshi,Female,36-45,42,1979-01-29,ST,Sikh,RENT,25K-50K,Salaried,534,XLG,Trade, 36 months,0.0991,B,B1,BUXAR,209-DBS,PATNA,BR,BR,BIHAR,BUXAR,710002,10055-MAHESH KUMAR PATEL,Medium,32016,16286,30293,20.33,4602.77,N,N,2,On-Time,0,0,1,2017-07-21,0,Nov-2023
ACC000509,441,BULANDSHAHR,JLG46K,22077,44458,19309,2019-02-28,Fully Paid,Monthly EMI,10068,BULANDSHAHR-10068,Diya Sharma,Female,26-35,34,1979-01-29,ST,Sikh,MORTGAGE,100K+,Self-Employed,341,XLG,Home Loan, 36 months,0.1825,D,D5,BULANDSHAHR,176-DBS,BULANDSHAHR,UP,UP,UTTAR PRADESH,BULANDSHAHAR,10068,10057-NANDI SHANKAR,High,23890,46333,21889,10.15,3157.49,N,N,1,Late,0,0,1,2016-11-24,0,Feb-2019
ACC000510,501,TEZPUR,JLG35K,39468,39672,37986,2021-12-19,Fully Paid,Monthly EMI,680026,TEZPUR-680026,Vivaan Gupta,Female,46-55,46,1979-01-29,ST,Sikh,OWN,75K-100K,Business,481,XLG,Trade, 36 months,0.0991,B,B1,TEZPUR,208-DBS,GUWAAHATI,AS,AS,ASSAM,SONITPUR,680026,11055-MANAS PROTIM HAZARIKA,Medium,40706,39881,39062,27.94,1130.07,N,N,2,On-Time,0,0,1,2016-09-27,0,Dec-2021
ACC000511,551,KURUKSHETRA,JLG30K,36467,48160,10547,2020-12-28,Paid Off,Quarterly EMI,70364,KURUKSHETRA-70364,Nisha Chopra,Female,46-55,49,1979-01-29,SC,Hindu,RENT,75K-100K,Business,641,XLG,Services, 36 months,0.1065,B,B2,KURUKSHETRA,206-DBS,KARNAL,HR,HR,HARYANA,KURUKSHETRA,70364,10028-AAYUSH PANDEY,Medium,38385,49585,36199,29.73,4252.8,N,N,1,On-Time,0,0,1,2015-05-17,0,Dec-2020
ACC000512,315,ASANSOL,JLG30K,17052,4785,16532,2015-12-23,Paid Off,Quarterly EMI,690076,ASANSOL-690076,Aarav Reddy,Female,46-55,55,1979-01-29,General,Muslim,MORTGAGE,<25K,Self-Employed,750,XLG,Services, 36 months,0.1065,B,B2,ASANSOL,201-DBS,HOWRAH,WB,WB,WEST BENGAL,PASCHIM BARDHHAMAN,690076,10035-ABHAY TOMER,Medium,18937,6553,17005,2.86,1002.74,N,N,0,On-Time,0,0,1,2015-06-27,0,Dec-2015
ACC000513,709,BULANDSHAHR,JLG50K,29847,48273,34443,2021-05-23,Active,Monthly EMI,10068,BULANDSHAHR-10068,Nisha Reddy,Female,36-45,42,1979-01-29,SC,Hindu,RENT,100K+,Self-Employed,668,XLG,Home Loan, 60 months,0.1991,E,E4,BULANDSHAHR,176-DBS,BULANDSHAHR,UP,UP,UTTAR PRADESH,BULANDSHAHAR,10068,10057-NANDI SHANKAR,High,30129,48898,29637,21.73,533.92,N,N,1,On-Time,0,0,1,2015-10-21,0,May-2021
ACC000514,877,Mangaldoi,JLG30K,42491,48974,20548,2023-10-02,Fully Paid,Monthly EMI,570241,Mangaldoi-570241,Vivaan Joshi,Female,26-35,29,1979-01-29,Minority,Hindu,MORTGAGE,75K-100K,Business,395,XLG,Services, 36 months,0.1065,B,B2,Mangaldoi,208-DBS,GUWAAHATI,AS,AS,ASSAM,Mangaldoi,570241,10961-NAYAN JYOTI SARMAH,Low,43348,49008,42124,33.74,2752.18,N,N,1,On-Time,0,0,1,2016-03-27,0,Oct-2023
ACC000515,889,DURGAPUR,JLG30K,37115,35388,5311,2018-09-04,Active,Monthly EMI,700013,DURGAPUR-700013,Ishaan Gupta,Female,26-35,28,1979-01-29,SC,Hindu,RENT,100K+,Business,536,XLG,Services, 36 months,0.1065,B,B2,DURGAPUR,201-DBS,HOWRAH,WB,WB,WEST BENGAL,PASCHIM BARDHHAMAN,700013,10037-RAJESH PRATAP,Low,38842,37278,36687,31.31,2744.89,N,N,1,On-Time,0,0,1,2015-05-11,0,Sep-2018
ACC000516,256,FATEHGARH SAHIB,JLG30K,41486,13025,26853,2016-10-09,Paid Off,Monthly EMI,120676,FATEHGARH SAHIB-120676,Meera Gupta,Female,46-55,52,1979-01-29,ST,Sikh,RENT,<25K,Business,805,XLG,Services, 36 months,0.1065,B,B2,FATEHGARH SAHIB,102-DBS,LUDHIANA,PB,PB,PUNJAB,FATEHGARH SAHIB,120676,10037-RAJESH PRATAP,Medium,42202,13474,41215,42.59,336.52,N,N,0,On-Time,0,0,1,2016-10-09,1,Oct-2016
ACC000517,163,DURGAPUR,JLG46K,3321,38519,28995,2016-06-04,Fully Paid,Monthly EMI,700013,DURGAPUR-700013,Ananya Reddy,Female,18-25,39,1979-01-29,General,Muslim,MORTGAGE,<25K,Self-Employed,660,XLG,Home Loan, 36 months,0.1825,D,D5,DURGAPUR,201-DBS,HOWRAH,WB,WB,WEST BENGAL,PASCHIM BARDHHAMAN,700013,10037-RAJESH PRATAP,Low,3975,38728,3060,1.89,1503.9,Y,N,0,On-Time,0,1,1,2016-06-04,1,Jun-2016
ACC000518,91,SANGRUR,JLG46K,2616,32941,33775,2023-11-19,Fully Paid,Monthly EMI,110159,SANGRUR-110159,Ishaan Mehta,Female,26-35,31,1979-01-29,ST,Sikh,RENT,50K-75K,Business,696,XLG,Home Loan, 36 months,0.1825,D,D5,SANGRUR,102-DBS,LUDHIANA,PB,PB,PUNJAB,SANGRUR,110159,10037-RAJESH PRATAP,Low,2348,34112,2212,22.24,2517.33,N,N,2,On-Time,0,0,1,2020-01-25,0,Nov-2023
ACC000519,325,SANGRUR,JLG30K,3609,47192,6341,2018-11-26,Active,Quarterly EMI,110159,SANGRUR-110159,Meera Reddy,Female,36-45,45,1979-01-29,General,Muslim,MORTGAGE,<25K,Self-Employed,830,XLG,Services, 36 months,0.1065,B,B2,SANGRUR,102-DBS,LUDHIANA,PB,PB,PUNJAB,SANGRUR,110159,10037-RAJESH PRATAP,Low,4059,47605,3438,25.63,3430.01,N,N,1,On-Time,0,0,1,2018-11-26,1,Nov-2018
ACC000520,678,DHURI,JLG35K,14438,13264,37067,2020-10-12,Paid Off,Monthly EMI,1030063,DHURI-1030063,Vivaan Chopra,Female,46-55,49,1979-01-29,General,Muslim,RENT,<25K,Salaried,357,XLG,Trade, 36 months,0.0991,B,B1,DHURI,102-DBS,LUDHIANA,PB,PB,PUNJAB,SANGRUR,1030063,12058-DEEPAK KUMAR,Low,15063,14207,13957,15.06,3567.59,N,Y,1,On-Time,1,0,1,2020-10-12,1,Oct-2020
ACC000521,42,CUTTACK,JLG30K,25011,46400,41863,2016-04-12,Fully Paid,Quarterly EMI,630081,CUTTACK-630081,Ananya Malhotra,Female,46-55,47,1979-01-29,OBC,Hindu,RENT,75K-100K,Salaried,741,XLG,Services, 36 months,0.1065,B,B2,CUTTACK,107-DBS,BHUBANESWAR,OR,OR,ODISHA,CUTTACK,630081,12061-PINAKAPANI KANUNGO,High,25817,47491,24858,3.93,2378.6,Y,N,1,On-Time,0,1,1,2015-12-16,0,Apr-2016
ACC000522,122,DHURI,JLG30K,26832,22401,34913,2018-03-29,Paid Off,Quarterly EMI,1030063,DHURI-1030063,Diya Mehta,Female,36-45,38,1979-01-29,ST,Sikh,MORTGAGE,25K-50K,Business,308,XLG,Services, 36 months,0.1065,B,B2,DHURI,102-DBS,LUDHIANA,PB,PB,PUNJAB,SANGRUR,1030063,12058-DEEPAK KUMAR,Low,27934,22811,26576,41.64,2879.81,N,N,2,Very Late,0,0,1,2018-03-29,1,Mar-2018
ACC000523,752,TEZPUR,JLG35K,15701,49906,17787,2020-11-04,Paid Off,Monthly EMI,680026,TEZPUR-680026,Kavya Reddy,Female,18-25,23,1979-01-29,General,Hindu,RENT,25K-50K,Business,503,XLG,Trade, 36 months,0.0991,B,B1,TEZPUR,208-DBS,GUWAAHATI,AS,AS,ASSAM,SONITPUR,680026,11055-MANAS PROTIM HAZARIKA,Medium,16897,49897,15666,40.55,1013.62,Y,Y,1,On-Time,1,1,1,2020-11-04,1,Nov-2020
ACC000524,786,BEHROR,JLG44K,33314,25973,31382,2021-07-05,Paid Off,Monthly EMI,30179,BEHROR-30179,Diya Patel,Female,36-45,44,1979-01-29,General,Hindu,MORTGAGE,25K-50K,Salaried,601,XLG,Home Loan, 36 months,0.0662,A,A2,BEHROR,301-DBS,JAIPUR,RJ,RJ,RAJASTHAN,BEHROD,30179,10055-MAHESH KUMAR PATEL,Low,34252,26702,32833,35.18,3371.73,N,Y,2,On-Time,1,0,1,2019-10-01,0,Jul-2021
ACC000525,752,SANGRUR,JLG44K,47285,45006,20289,2023-09-15,Fully Paid,Quarterly EMI,110159,SANGRUR-110159,Kavya Reddy,Female,18-25,23,1979-01-29,General,Hindu,RENT,25K-50K,Business,503,XLG,Home Loan, 36 months,0.0662,A,A2,SANGRUR,102-DBS,LUDHIANA,PB,PB,PUNJAB,SANGRUR,110159,10037-RAJESH PRATAP,Low,47692,45649,46940,42.78,4306.44,N,N,2,On-Time,0,0,1,2020-11-04,0,Sep-2023
ACC000526,505,FATEHGARH SAHIB,JLG41K,3632,19313,17569,2019-11-25,Fully Paid,Monthly EMI,120676,FATEHGARH SAHIB-120676,Kavya Reddy,Female,46-55,49,1979-01-29,Minority,Muslim,RENT,<25K,Salaried,442,XLG,Services, 36 months,0.1465,C,C3,FATEHGARH SAHIB,102-DBS,LUDHIANA,PB,PB,PUNJAB,FATEHGARH SAHIB,120676,10037-RAJESH PRATAP,Medium,4862,20369,3146,30.53,219.88,N,N,0,On-Time,0,0,1,2017-01-05,0,Nov-2019
ACC000527,82,BISWANATH CHARIALI,JLG35K,17560,22502,24193,2017-01-09,Paid Off,Quarterly EMI,740048,BISWANATH CHARIALI-740048,Nisha Malhotra,Female,36-45,36,1979-01-29,SC,Hindu,MORTGAGE,100K+,Self-Employed,489,XLG,Trade, 36 months,0.0991,B,B1,BISWANATH CHARIALI,208-DBS,GUWAAHATI,AS,AS,ASSAM,BISWANATH,740048,13111-SHANTUMONI BORAH,Medium,18889,22553,17142,28.52,4561.65,N,N,2,Late,0,0,1,2017-01-09,1,Jan-2017
ACC000528,16,SEHORE,JLG35K,12689,17980,34358,2018-01-02,Paid Off,Monthly EMI,1440051,SEHORE-1440051,Vivaan Malhotra,Female,46-55,53,1979-01-29,SC,Hindu,RENT,75K-100K,Business,488,XLG,Trade, 36 months,0.0991,B,B1,SEHORE,200-DBS,BHOPAL,MP,MP,MADHYA PRADESH,SEHORE,1440051,10063-VIR SINGH,High,12217,19908,12293,33.68,3795.65,N,N,2,Late,0,0,1,2015-09-15,0,Jan-2018
ACC000529,398,AGRA,JLG30K,28518,4394,19578,2020-10-29,Paid Off,Quarterly EMI,140056,AGRA-140056,Laksh Sharma,Female,26-35,29,1979-01-29,ST,Sikh,MORTGAGE,<25K,Self-Employed,695,XLG,Services, 36 months,0.1065,B,B2,AGRA,176-DBS,BULANDSHAHR,UP,UP,UTTAR PRADESH,AGRA,140056,10161-RAM AVTAR,Medium,28423,5166,28120,17.1,3945.69,N,N,2,On-Time,0,0,1,2018-07-01,0,Oct-2020
ACC000530,467,RAIPUR,JLG30K,25349,7173,18214,2020-10-26,Paid Off,Quarterly EMI,230415,RAIPUR-230415,Nisha Verma,Female,18-25,24,1979-01-29,ST,Sikh,RENT,<25K,Salaried,443,XLG,Services, 36 months,0.1065,B,B2,RAIPUR,207-DBS,RAIPUR,CG,CG,CHATTISGARH,RAIPUR,230415,10924-DILIP KUMAR,High,26303,6674,25172,45.41,4853.61,N,N,2,Late,0,0,1,2015-12-31,0,Oct-2020
ACC000531,105,SIWAN,JLG30K,23724,6578,6509,2017-05-03,Paid Off,Quarterly EMI,790102,SIWAN-790102,Ananya Mehta,Female,36-45,38,1979-01-29,ST,Sikh,RENT,25K-50K,Salaried,398,XLG,Services, 36 months,0.1065,B,B2,SIWAN,209-DBS,PATNA,BR,BR,BIHAR,SIWAN,790102,10827-AJEET KUMAR PANDEY,Medium,25082,8137,23683,49.75,1097.18,N,N,1,On-Time,0,0,1,2017-05-03,1,May-2017
ACC000532,487,DHURI,JLG35K,14329,41471,30549,2022-12-04,Paid Off,Quarterly EMI,1030063,DHURI-1030063,Kavya Gupta,Female,26-35,35,1979-01-29,ST,Sikh,RENT,50K-75K,Business,721,XLG,Trade, 36 months,0.0991,B,B1,DHURI,102-DBS,LUDHIANA,PB,PB,PUNJAB,SANGRUR,1030063,12058-DEEPAK KUMAR,Low,14769,43363,13848,39.55,4354.7,N,N,0,Late,0,0,1,2021-03-06,0,Dec-2022
ACC000533,881,DHURI,JLG35K,8872,41243,38909,2015-08-27,Active,Monthly EMI,1030063,DHURI-1030063,Nisha Chopra,Female,46-55,52,1979-01-29,General,Hindu,RENT,100K+,Salaried,322,XLG,Trade, 36 months,0.0991,B,B1,DHURI,102-DBS,LUDHIANA,PB,PB,PUNJAB,SANGRUR,1030063,12058-DEEPAK KUMAR,Low,9457,41573,8446,3.16,916.35,N,N,1,On-Time,0,0,1,2015-08-27,1,Aug-2015
ACC000534,63,Mathura,JLG30K,45641,21554,25903,2015-04-28,Active,Monthly EMI,910182,Mathura-910182,Nisha Patel,Female,36-45,43,1979-01-29,OBC,Hindu,RENT,75K-100K,Self-Employed,798,XLG,Services, 36 months,0.1065,B,B2,Mathura,176-DBS,BULANDSHAHR,UP,UP,UTTAR PRADESH,MATHURA,910182,10469-MANISH  PANDEY,High,46015,21699,45591,1.08,1269.38,N,N,0,On-Time,0,0,1,2015-04-28,1,Apr-2015
ACC000535,404,Bardhaman,JLG30K,46680,16946,3796,2021-05-03,Fully Paid,Quarterly EMI,610198,Bardhaman-610198,Vivaan Joshi,Female,26-35,29,1979-01-29,Minority,Hindu,MORTGAGE,75K-100K,Business,395,XLG,Services, 36 months,0.1065,B,B2,Bardhaman,201-DBS,HOWRAH,WB,WB,WEST BENGAL,Barddhaman,610198,10035-ABHAY TOMER,Medium,47388,18919,46473,4.57,2580.37,N,N,0,Very Late,0,0,1,2016-05-16,0,May-2021
ACC000536,830,MAWANA,JLG30K,35264,29630,39587,2017-11-18,Fully Paid,Monthly EMI,800018,MAWANA-800018,Ananya Sharma,Female,46-55,52,1979-01-29,Minority,Muslim,RENT,<25K,Business,557,XLG,Services, 36 months,0.1065,B,B2,MAWANA,176-DBS,BULANDSHAHR,UP,UP,UTTAR PRADESH,MEERUT,800018,11183-ANIL KUMAR,Medium,34951,30259,34841,10.47,2359.38,N,N,0,On-Time,0,0,1,2017-11-18,1,Nov-2017
ACC000537,576,BEHROR,JLG30K,20367,16765,17500,2022-04-02,Fully Paid,Monthly EMI,30179,BEHROR-30179,Kavya Chopra,Female,18-25,23,1979-01-29,General,Hindu,RENT,75K-100K,Business,588,XLG,Services, 36 months,0.1065,B,B2,BEHROR,301-DBS,JAIPUR,RJ,RJ,RAJASTHAN,BEHROD,30179,10055-MAHESH KUMAR PATEL,Low,20672,17811,20052,41.07,2257.94,N,N,0,Late,0,0,1,2015-03-01,0,Apr-2022
ACC000538,988,DHARMANAGAR,JLG30K,32095,24812,20682,2020-06-19,Default,Quarterly EMI,1230018,DHARMANAGAR-1230018,Meera Mehta,Female,36-45,45,1979-01-29,Minority,Muslim,RENT,75K-100K,Business,357,XLG,Services, 36 months,0.1065,B,B2,DHARMANAGAR,303-DBS,GUWAAHATI,TR,TR,TRIPURA,NORTH TRIPURA,1230018,12526-OKRAM AMOLENDU SINGHA,High,33532,26126,31796,18.68,2573.71,N,N,1,Very Late,0,0,1,2016-05-01,0,Jun-2020
ACC000539,172,Mangaldoi,JLG30K,17791,47326,31777,2020-08-26,Active,Quarterly EMI,570241,Mangaldoi-570241,Aditya Mehta,Female,46-55,46,1979-01-29,Minority,Muslim,RENT,<25K,Business,708,XLG,Services, 36 months,0.1065,B,B2,Mangaldoi,208-DBS,GUWAAHATI,AS,AS,ASSAM,Mangaldoi,570241,10961-NAYAN JYOTI SARMAH,Low,19626,47396,17528,12.88,4252.8,N,N,1,On-Time,0,0,1,2020-08-26,1,Aug-2020
ACC000540,54,Mathura,JLG30K,45785,9336,23538,2016-07-19,Fully Paid,Monthly EMI,910182,Mathura-910182,Diya Chopra,Female,26-35,35,1984-03-20,SC,Hindu,RENT,75K-100K,Self-Employed,567,XLG,Services, 36 months,0.1065,B,B2,Mathura,176-DBS,BULANDSHAHR,UP,UP,UTTAR PRADESH,MATHURA,910182,10469-MANISH  PANDEY,High,46133,9836,45467,24.49,685.19,Y,N,2,On-Time,0,1,1,2016-07-19,1,Jul-2016
ACC000541,69,PATIALA,JLG35K,38575,12049,6457,2022-10-09,Active,Quarterly EMI,100186,PATIALA-100186,Nisha Patel,Female,18-25,21,1979-01-29,General,Hindu,RENT,25K-50K,Salaried,800,XLG,Trade, 36 months,0.0991,B,B1,PATIALA,102-DBS,LUDHIANA,PB,PB,PUNJAB,PATIALA,100186,10420-MUNENDRA  SINGH,Medium,38602,11693,38113,42.74,3977.58,Y,N,2,On-Time,0,1,1,2016-03-27,0,Oct-2022
ACC000542,434,FATEHGARH SAHIB,JLG30K,24758,2047,42416,2023-10-05,Fully Paid,Quarterly EMI,120676,FATEHGARH SAHIB-120676,Ananya Verma,Female,46-55,51,1979-01-29,OBC,Hindu,MORTGAGE,25K-50K,Self-Employed,770,XLG,Services, 36 months,0.1065,B,B2,FATEHGARH SAHIB,102-DBS,LUDHIANA,PB,PB,PUNJAB,FATEHGARH SAHIB,120676,10037-RAJESH PRATAP,Medium,26502,3685,24730,42.61,4068.96,N,N,2,On-Time,0,0,1,2015-04-24,0,Oct-2023
ACC000543,947,ASANSOL,JLG30K,26034,43720,33557,2018-09-20,Fully Paid,Monthly EMI,690076,ASANSOL-690076,Kavya Mehta,Female,26-35,31,1979-01-29,ST,Muslim,RENT,<25K,Self-Employed,466,XLG,Services, 36 months,0.1065,B,B2,ASANSOL,201-DBS,HOWRAH,WB,WB,WEST BENGAL,PASCHIM BARDHHAMAN,690076,10035-ABHAY TOMER,Medium,27723,45529,25688,15.47,2487.35,N,N,0,Very Late,0,0,1,2017-10-09,0,Sep-2018
ACC000544,579,BULANDSHAHR,JLG30K,3226,14101,23592,2016-03-08,Active,Monthly EMI,10068,BULANDSHAHR-10068,Nisha Joshi,Female,26-35,33,1979-01-29,General,Hindu,MORTGAGE,50K-75K,Self-Employed,731,XLG,Services, 36 months,0.1065,B,B2,BULANDSHAHR,176-DBS,BULANDSHAHR,UP,UP,UTTAR PRADESH,BULANDSHAHAR,10068,10057-NANDI SHANKAR,High,3426,14735,2816,25.2,4166.68,N,N,1,Very Late,0,0,1,2015-02-07,0,Mar-2016
ACC000545,544,Mangaldoi,JLG29K,28590,32619,16420,2020-05-25,Default,Quarterly EMI,570241,Mangaldoi-570241,Ananya Sharma,Female,46-55,52,1979-01-29,Minority,Muslim,RENT,<25K,Business,557,XLG,Trade, 60 months,0.1727,D,D3,Mangaldoi,208-DBS,GUWAAHATI,AS,AS,ASSAM,Mangaldoi,570241,10961-NAYAN JYOTI SARMAH,Low,28892,33542,28341,22.28,4243.64,N,Y,2,Late,1,0,1,2020-05-25,1,May-2020
ACC000546,881,JAMMU,JLG35K,20819,29389,20922,2017-01-22,Paid Off,Quarterly EMI,720081,JAMMU-720081,Nisha Chopra,Female,46-55,52,1979-01-29,General,Hindu,RENT,100K+,Salaried,322,XLG,Trade, 36 months,0.0991,B,B1,JAMMU,201-DBS,LUDHIANA,JK,JK,JAMMU & KASHMIR,JAMMU,720081,10588-POONAM DEVI,High,21646,29502,20323,1.57,2208.44,N,N,2,Late,0,0,1,2015-08-27,0,Jan-2017
ACC000547,809,BEHROR,JLG30K,23369,47930,30109,2016-12-26,Fully Paid,Monthly EMI,30179,BEHROR-30179,Aditya Mehta,Female,26-35,32,1979-01-29,ST,Sikh,RENT,75K-100K,Salaried,666,XLG,Services, 36 months,0.1065,B,B2,BEHROR,301-DBS,JAIPUR,RJ,RJ,RAJASTHAN,BEHROD,30179,10055-MAHESH KUMAR PATEL,Low,23935,49632,23102,7.25,2786.39,N,N,2,On-Time,0,0,1,2016-12-26,1,Dec-2016
ACC000548,168,ASANSOL,JLG30K,27404,28070,27525,2015-09-30,Active,Monthly EMI,690076,ASANSOL-690076,Laksh Malhotra,Female,46-55,51,1979-01-29,General,Muslim,MORTGAGE,75K-100K,Self-Employed,804,XLG,Services, 36 months,0.1065,B,B2,ASANSOL,201-DBS,HOWRAH,WB,WB,WEST BENGAL,PASCHIM BARDHHAMAN,690076,10035-ABHAY TOMER,Medium,28779,29248,27281,49.09,4909.69,N,N,2,Very Late,0,0,1,2015-09-30,1,Sep-2015
ACC000549,189,AGRA,JLG30K,21549,28426,5165,2016-12-18,Fully Paid,Monthly EMI,140056,AGRA-140056,Meera Mehta,Female,46-55,49,1979-01-29,Minority,Muslim,MORTGAGE,<25K,Salaried,825,XLG,Services, 36 months,0.1065,B,B2,AGRA,176-DBS,BULANDSHAHR,UP,UP,UTTAR PRADESH,AGRA,140056,10161-RAM AVTAR,Medium,23134,30305,21374,46.82,4760.36,N,N,2,On-Time,0,0,1,2016-12-18,1,Dec-2016
ACC000550,61,NEEM KA THANA,JLG30K,9072,28727,34166,2019-01-31,Fully Paid,Quarterly EMI,80001,NEEM KA THANA-80001,Diya Patel,Female,36-45,44,1979-01-29,General,Hindu,MORTGAGE,25K-50K,Salaried,601,XLG,Services, 36 months,0.1065,B,B2,NEEM KA THANA,301-DBS,JAIPUR,RJ,RJ,RAJASTHAN,NEEM KA THANA,80001,10043-RAVI MISHRA,High,8905,28566,8596,41.42,1347.97,Y,N,1,On-Time,0,1,1,2019-01-31,1,Jan-2019
ACC000551,673,SIVASAGAR,JLG35K,40963,47528,5954,2022-11-26,Fully Paid,Quarterly EMI,880038,SIVASAGAR-880038,Kavya Malhotra,Female,36-45,36,1979-01-29,ST,Sikh,RENT,<25K,Salaried,514,XLG,Trade, 36 months,0.0991,B,B1,SIVASAGAR,208-DBS,GUWAAHATI,AS,AS,ASSAM,SIVASAGAR,880038,12359-SAMIUR RAHMAN,High,42049,48512,40719,45.53,2299.71,N,N,1,On-Time,0,0,1,2017-09-06,0,Nov-2022
ACC000552,976,MAWANA,JLG35K,29790,33364,22973,2022-01-31,Fully Paid,Quarterly EMI,800018,MAWANA-800018,Meera Patel,Female,26-35,28,1991-03-29,ST,Sikh,RENT,25K-50K,Salaried,432,XLG,Trade, 36 months,0.0991,B,B1,MAWANA,176-DBS,BULANDSHAHR,UP,UP,UTTAR PRADESH,MEERUT,800018,11183-ANIL KUMAR,Medium,31300,33924,29711,8.31,2590.47,N,N,1,On-Time,0,0,1,2018-06-03,0,Jan-2022
ACC000553,879,BEHROR,JLG30K,41077,45195,29498,2019-06-18,Paid Off,Monthly EMI,30179,BEHROR-30179,Meera Nair,Female,36-45,38,1979-01-29,ST,Sikh,OWN,75K-100K,Self-Employed,368,XLG,Services, 36 months,0.1065,B,B2,BEHROR,301-DBS,JAIPUR,RJ,RJ,RAJASTHAN,BEHROD,30179,10055-MAHESH KUMAR PATEL,Low,42332,45484,41014,18.01,4237.35,N,N,1,On-Time,0,0,1,2018-08-12,0,Jun-2019
ACC000554,321,BEHROR,JLG46K,26025,27366,38700,2016-10-03,Active,Monthly EMI,30179,BEHROR-30179,Kavya Chopra,Female,18-25,23,1979-01-29,General,Hindu,RENT,75K-100K,Business,588,XLG,Home Loan, 36 months,0.1825,D,D5,BEHROR,301-DBS,JAIPUR,RJ,RJ,RAJASTHAN,BEHROD,30179,10055-MAHESH KUMAR PATEL,Low,26501,29296,25725,14.92,4251.82,N,N,1,On-Time,0,0,1,2015-11-19,0,Oct-2016
ACC000555,365,DHURI,JLG35K,23351,39424,38381,2020-03-01,Active,Quarterly EMI,1030063,DHURI-1030063,Ananya Reddy,Female,26-35,29,1979-01-29,ST,Sikh,RENT,100K+,Salaried,324,XLG,Trade, 36 months,0.0991,B,B1,DHURI,102-DBS,LUDHIANA,PB,PB,PUNJAB,SANGRUR,1030063,12058-DEEPAK KUMAR,Low,24981,41250,22947,24.92,3911.37,N,N,0,On-Time,0,0,1,2016-09-12,0,Mar-2020
ACC000556,867,DURGAPUR,JLG30K,41957,3975,38691,2019-08-08,Fully Paid,Quarterly EMI,700013,DURGAPUR-700013,Vivaan Gupta,Female,46-55,50,1979-01-29,ST,Sikh,RENT,50K-75K,Self-Employed,768,XLG,Services, 36 months,0.1065,B,B2,DURGAPUR,201-DBS,HOWRAH,WB,WB,WEST BENGAL,PASCHIM BARDHHAMAN,700013,10037-RAJESH PRATAP,Low,41725,4467,41815,0.89,4802.31,Y,N,1,Very Late,0,1,1,2015-01-22,0,Aug-2019
ACC000557,613,MUKTSAR,JLG35K,28847,44117,8217,2017-02-01,Paid Off,Quarterly EMI,1110166,MUKTSAR-1110166,Nisha Patel,Female,36-45,41,1979-01-29,General,Hindu,RENT,100K+,Salaried,399,XLG,Trade, 36 months,0.0991,B,B1,MUKTSAR,102-DBS,LUDHIANA,PB,PB,PUNJAB,SRI MUKTSAR SAHIB,1110166,11303-ASHUTOSH KUMAR SUMAN,Medium,30309,45593,28595,42.12,2856.05,N,N,0,On-Time,0,0,1,2015-10-21,0,Feb-2017
ACC000558,977,SIRSA,JLG30K,42958,6590,3816,2021-05-14,Paid Off,Monthly EMI,730084,SIRSA-730084,Kavya Mehta,Female,36-45,37,1979-01-29,ST,Hindu,MORTGAGE,75K-100K,Business,414,XLG,Services, 36 months,0.1065,B,B2,SIRSA,206-DBS,KARNAL,HR,HR,HARYANA,SIRSA,730084,10149-ABHISHEK MAURYA,Medium,43197,7379,42742,36.94,2624.06,N,N,1,Late,0,0,1,2018-09-29,0,May-2021
ACC000559,305,FATEHGARH SAHIB,JLG35K,40269,10985,31255,2015-05-25,Active,Monthly EMI,120676,FATEHGARH SAHIB-120676,Aditya Mehta,Female,26-35,32,1979-01-29,ST,Sikh,RENT,75K-100K,Salaried,666,XLG,Trade, 36 months,0.0991,B,B1,FATEHGARH SAHIB,102-DBS,LUDHIANA,PB,PB,PUNJAB,FATEHGARH SAHIB,120676,10037-RAJESH PRATAP,Medium,42026,12772,40034,41.27,1749.21,N,N,0,On-Time,0,0,1,2015-05-25,1,May-2015
ACC000560,699,CHHAPRA,JLG30K,2945,44554,43696,2019-12-11,Default,Monthly EMI,380112,CHHAPRA-380112,Nisha Chopra,Female,26-35,28,1979-01-29,General,Hindu,RENT,<25K,Self-Employed,553,XLG,Services, 36 months,0.1065,B,B2,CHHAPRA,209-DBS,PATNA,BR,BR,BIHAR,CHHAPRA,380112,11867-VIKRANT KUMAR VICKY,High,3019,44104,2758,20.36,4069.22,N,N,0,Late,0,0,1,2015-01-24,0,Dec-2019
ACC000561,135,Mathura,JLG35K,45692,5172,3659,2015-05-28,Default,Quarterly EMI,910182,Mathura-910182,Meera Verma,Female,26-35,34,1979-01-29,ST,Sikh,RENT,100K+,Self-Employed,464,XLG,Trade, 36 months,0.0991,B,B1,Mathura,176-DBS,BULANDSHAHR,UP,UP,UTTAR PRADESH,MATHURA,910182,10469-MANISH  PANDEY,High,45577,6556,45314,42.79,1209.18,Y,N,2,On-Time,0,1,1,2015-05-28,1,May-2015
ACC000562,616,TEZPUR,JLG30K,40489,40301,14468,2015-08-30,Fully Paid,Monthly EMI,680026,TEZPUR-680026,Nisha Joshi,Female,26-35,33,1979-01-29,General,Hindu,MORTGAGE,50K-75K,Self-Employed,731,XLG,Services, 36 months,0.1065,B,B2,TEZPUR,208-DBS,GUWAAHATI,AS,AS,ASSAM,SONITPUR,680026,11055-MANAS PROTIM HAZARIKA,Medium,41933,40849,40071,9.73,161.89,N,N,2,On-Time,0,0,1,2015-08-30,1,Aug-2015
ACC000563,454,DHURI,JLG30K,35526,5928,38982,2018-07-12,Fully Paid,Monthly EMI,1030063,DHURI-1030063,Diya Joshi,Female,36-45,43,1979-01-29,SC,Christian,RENT,50K-75K,Self-Employed,645,XLG,Services, 36 months,0.1065,B,B2,DHURI,102-DBS,LUDHIANA,PB,PB,PUNJAB,SANGRUR,1030063,12058-DEEPAK KUMAR,Low,35620,7602,35285,15.03,3153.91,N,N,1,Late,0,0,1,2018-07-12,1,Jul-2018
ACC000564,792,MUKTSAR,JLG30K,16601,39242,43080,2018-01-17,Active,Quarterly EMI,1110166,MUKTSAR-1110166,Nisha Reddy,Female,36-45,42,1979-01-29,SC,Hindu,RENT,100K+,Self-Employed,668,XLG,Services, 36 months,0.1065,B,B2,MUKTSAR,102-DBS,LUDHIANA,PB,PB,PUNJAB,SRI MUKTSAR SAHIB,1110166,11303-ASHUTOSH KUMAR SUMAN,Medium,18042,39841,16532,42.51,1516.81,N,N,2,On-Time,0,0,1,2018-01-17,1,Jan-2018
ACC000565,922,DURGAPUR,JLG35K,2680,22441,9816,2015-02-10,Fully Paid,Monthly EMI,700013,DURGAPUR-700013,Nisha Joshi,Female,46-55,48,1979-01-29,General,Hindu,MORTGAGE,50K-75K,Business,657,XLG,Trade, 36 months,0.0991,B,B1,DURGAPUR,201-DBS,HOWRAH,WB,WB,WEST BENGAL,PASCHIM BARDHHAMAN,700013,10037-RAJESH PRATAP,Low,3498,23016,2236,39.55,2120.49,N,N,1,On-Time,0,0,1,2015-02-10,1,Feb-2015
ACC000566,270,JALANDHAR,JLG46K,28167,10149,5329,2022-02-19,Fully Paid,Quarterly EMI,160051,JALANDHAR-160051,Laksh Mehta,Female,36-45,44,1975-07-28,General,Muslim,RENT,50K-75K,Salaried,425,XLG,Home Loan, 36 months,0.1825,D,D5,JALANDHAR,102-DBS,LUDHIANA,PB,PB,PUNJAB,JALANDHAR,160051,10067-AKSHAY KUMAR,Low,27862,10451,28162,22.73,188.31,N,N,2,On-Time,0,0,1,2022-02-19,1,Feb-2022
ACC000567,510,DHURI,JLG35K,31672,29621,21445,2019-03-30,Active,Quarterly EMI,1030063,DHURI-1030063,Diya Sharma,Female,26-35,34,1979-01-29,ST,Sikh,MORTGAGE,100K+,Self-Employed,341,XLG,Trade, 36 months,0.0991,B,B1,DHURI,102-DBS,LUDHIANA,PB,PB,PUNJAB,SANGRUR,1030063,12058-DEEPAK KUMAR,Low,32426,30760,31570,31.44,2909.16,N,N,0,On-Time,0,0,1,2016-04-25,0,Mar-2019
ACC000568,709,DURGAPUR,JLG35K,39593,38945,3023,2016-10-07,Fully Paid,Quarterly EMI,700013,DURGAPUR-700013,Nisha Reddy,Female,36-45,42,1979-01-29,SC,Hindu,RENT,100K+,Self-Employed,668,XLG,Trade, 36 months,0.0991,B,B1,DURGAPUR,201-DBS,HOWRAH,WB,WB,WEST BENGAL,PASCHIM BARDHHAMAN,700013,10037-RAJESH PRATAP,Low,41028,40690,39336,21.02,1879.29,Y,N,0,On-Time,0,1,1,2015-10-21,0,Oct-2016
ACC000569,407,MOTIHARI,JLG30K,42437,8820,15069,2017-01-13,Default,Quarterly EMI,520376,MOTIHARI-520376,Ishaan Mehta,Female,18-25,23,1979-01-29,OBC,Hindu,RENT,100K+,Business,416,XLG,Services, 36 months,0.1065,B,B2,MOTIHARI,209-DBS,PATNA,BR,BR,BIHAR,Motihari,520376,10537-RAGHUVANSH SINGH,Medium,42054,8968,42114,40.32,3901.61,N,N,0,On-Time,0,0,1,2015-09-23,0,Jan-2017
ACC000570,724,SANGRUR,JLG35K,35700,16351,2808,2019-08-20,Paid Off,Quarterly EMI,110159,SANGRUR-110159,Laksh Reddy,Female,26-35,29,1979-01-29,OBC,Hindu,RENT,75K-100K,Business,311,XLG,Trade, 36 months,0.0991,B,B1,SANGRUR,102-DBS,LUDHIANA,PB,PB,PUNJAB,SANGRUR,110159,10037-RAJESH PRATAP,Low,35999,16052,35325,37.48,3430.07,N,N,0,On-Time,0,0,1,2017-08-09,0,Aug-2019
ACC000571,903,BEHROR,JLG50K,29432,30661,35023,2016-02-27,Paid Off,Monthly EMI,30179,BEHROR-30179,Kavya Reddy,Female,46-55,49,1979-01-29,Minority,Muslim,RENT,<25K,Salaried,442,XLG,Home Loan, 60 months,0.1991,E,E4,BEHROR,301-DBS,JAIPUR,RJ,RJ,RAJASTHAN,BEHROD,30179,10055-MAHESH KUMAR PATEL,Low,31114,32315,29306,0.82,3961.43,N,N,0,On-Time,0,0,1,2016-02-27,1,Feb-2016
ACC000572,268,MUKTSAR,JLG35K,39290,37493,21099,2018-05-12,Paid Off,Monthly EMI,1110166,MUKTSAR-1110166,Aditya Patel,Female,26-35,27,1979-01-29,ST,Sikh,MORTGAGE,75K-100K,Salaried,600,XLG,Trade, 36 months,0.0991,B,B1,MUKTSAR,102-DBS,LUDHIANA,PB,PB,PUNJAB,SRI MUKTSAR SAHIB,1110166,11303-ASHUTOSH KUMAR SUMAN,Medium,39692,39119,38841,44.64,1096.2,N,N,1,Late,0,0,1,2018-05-12,1,May-2018
ACC000573,954,FATEHGARH SAHIB,JLG35K,36813,10095,25285,2017-10-23,Paid Off,Quarterly EMI,120676,FATEHGARH SAHIB-120676,Laksh Malhotra,Female,46-55,51,1979-01-29,General,Muslim,MORTGAGE,75K-100K,Self-Employed,804,XLG,Trade, 36 months,0.0991,B,B1,FATEHGARH SAHIB,102-DBS,LUDHIANA,PB,PB,PUNJAB,FATEHGARH SAHIB,120676,10037-RAJESH PRATAP,Medium,37178,10140,36766,28.12,4451.79,N,N,0,On-Time,0,0,1,2017-10-23,1,Oct-2017
ACC000574,514,BUXAR,JLG30K,7146,36577,32004,2015-02-05,Default,Quarterly EMI,710002,BUXAR-710002,Ananya Reddy,Female,26-35,29,1979-01-29,ST,Sikh,RENT,100K+,Salaried,324,XLG,Services, 36 months,0.1065,B,B2,BUXAR,209-DBS,PATNA,BR,BR,BIHAR,BUXAR,710002,10055-MAHESH KUMAR PATEL,Medium,8487,37377,6959,26.34,3642.52,N,N,2,Very Late,0,0,1,2015-02-05,1,Feb-2015
ACC000575,839,SIVASAGAR,JLG30K,7278,45188,29227,2023-06-03,Paid Off,Quarterly EMI,880038,SIVASAGAR-880038,Aditya Malhotra,Female,46-55,51,1979-01-29,OBC,Hindu,RENT,25K-50K,Self-Employed,389,XLG,Services, 36 months,0.1065,B,B2,SIVASAGAR,208-DBS,GUWAAHATI,AS,AS,ASSAM,SIVASAGAR,880038,12359-SAMIUR RAHMAN,High,6935,44766,6996,2.74,4799.56,N,N,2,On-Time,0,0,1,2017-11-17,0,Jun-2023
ACC000576,677,FATEHABAD,JLG30K,10184,42103,13022,2015-05-16,Paid Off,Quarterly EMI,670106,FATEHABAD-670106,Laksh Patel,Female,26-35,28,1979-01-29,SC,Hindu,MORTGAGE,75K-100K,Business,844,XLG,Services, 36 months,0.1065,B,B2,FATEHABAD,206-DBS,KARNAL,HR,HR,HARYANA,FATEHABAD,670106,10316-DEEPAK KUMAR,Medium,11339,41617,10001,23.74,1605.62,N,N,1,On-Time,0,0,1,2015-05-16,1,May-2015
ACC000577,905,DHURI,JLG30K,42359,16411,19563,2015-10-17,Fully Paid,Quarterly EMI,1030063,DHURI-1030063,Ishaan Mehta,Female,36-45,39,1979-01-29,OBC,Hindu,OWN,50K-75K,Self-Employed,812,XLG,Services, 36 months,0.1065,B,B2,DHURI,102-DBS,LUDHIANA,PB,PB,PUNJAB,SANGRUR,1030063,12058-DEEPAK KUMAR,Low,42823,15992,42201,27.66,4628.7,N,N,0,Very Late,0,0,1,2015-10-17,1,Oct-2015
ACC000578,898,JALANDHAR,JLG30K,30214,23299,35521,2019-01-05,Fully Paid,Monthly EMI,160051,JALANDHAR-160051,Nisha Malhotra,Female,36-45,36,1979-01-29,SC,Hindu,MORTGAGE,100K+,Self-Employed,489,XLG,Services, 36 months,0.1065,B,B2,JALANDHAR,102-DBS,LUDHIANA,PB,PB,PUNJAB,JALANDHAR,160051,10067-AKSHAY KUMAR,Low,31477,24156,29895,19.6,1323.94,N,N,2,Late,0,0,1,2015-03-31,0,Jan-2019
ACC000579,123,DHURI,JLG35K,21906,27824,33779,2015-12-04,Default,Quarterly EMI,1030063,DHURI-1030063,Meera Chopra,Female,36-45,37,1979-01-29,ST,Sikh,RENT,75K-100K,Salaried,373,XLG,Trade, 36 months,0.0991,B,B1,DHURI,102-DBS,LUDHIANA,PB,PB,PUNJAB,SANGRUR,1030063,12058-DEEPAK KUMAR,Low,21707,29301,21756,1.43,1565.53,N,N,1,On-Time,0,0,1,2015-06-23,0,Dec-2015
ACC000580,944,CHHATA,JLG30K,6518,32999,23534,2022-04-22,Paid Off,Quarterly EMI,910020,CHHATA-910020,Aarav Malhotra,Female,46-55,46,1979-01-29,Minority,Muslim,MORTGAGE,100K+,Salaried,604,XLG,Services, 36 months,0.1065,B,B2,CHHATA,176-DBS,BULANDSHAHR,UP,UP,UTTAR PRADESH,MATHURA,910020,10047-ANIL KUMAR,High,6163,33225,6249,11.73,543.26,Y,N,2,On-Time,0,1,1,2016-05-30,0,Apr-2022
ACC000581,273,SHAHDOL,JLG35K,20448,20661,21412,2023-06-29,Paid Off,Quarterly EMI,1550006,SHAHDOL-1550006,Aditya Mehta,Female,26-35,32,1979-01-29,ST,Sikh,RENT,75K-100K,Salaried,666,XLG,Trade, 36 months,0.0991,B,B1,SHAHDOL,200-DBS,BHOPAL,MP,MP,MADHYA PRADESH,SHAHDOL,1550006,10021-MAHENDRA PRATAP SINGH,Medium,21833,22159,20037,0.94,2291.58,N,N,0,Very Late,0,0,1,2020-06-03,0,Jun-2023
ACC000582,864,NEEM KA THANA,JLG30K,16610,38294,21248,2021-11-08,Paid Off,Monthly EMI,80001,NEEM KA THANA-80001,Aditya Patel,Female,26-35,27,1979-01-29,ST,Sikh,MORTGAGE,75K-100K,Salaried,600,XLG,Services, 36 months,0.1065,B,B2,NEEM KA THANA,301-DBS,JAIPUR,RJ,RJ,RAJASTHAN,NEEM KA THANA,80001,10043-RAVI MISHRA,High,17201,38883,16490,46.74,2765.85,Y,N,2,On-Time,0,1,1,2016-01-15,0,Nov-2021
ACC000583,748,MAWANA,JLG35K,41322,8958,16016,2022-01-10,Active,Quarterly EMI,800018,MAWANA-800018,Ishaan Mehta,Female,46-55,54,1979-01-29,General,Hindu,MORTGAGE,50K-75K,Business,629,XLG,Trade, 36 months,0.0991,B,B1,MAWANA,176-DBS,BULANDSHAHR,UP,UP,UTTAR PRADESH,MEERUT,800018,11183-ANIL KUMAR,Medium,42441,10296,41014,33.38,1590.52,Y,N,0,On-Time,0,1,1,2019-10-20,0,Jan-2022
ACC000584,339,FATEHGARH SAHIB,JLG30K,40326,22976,5926,2018-08-01,Paid Off,Monthly EMI,120676,FATEHGARH SAHIB-120676,Ananya Patel,Female,36-45,43,1979-01-29,Minority,Muslim,RENT,75K-100K,Salaried,558,XLG,Services, 36 months,0.1065,B,B2,FATEHGARH SAHIB,102-DBS,LUDHIANA,PB,PB,PUNJAB,FATEHGARH SAHIB,120676,10037-RAJESH PRATAP,Medium,42132,23622,40092,30.09,984.53,N,N,1,Late,0,0,1,2016-07-13,0,Aug-2018
ACC000585,508,DHURI,JLG30K,13103,21838,37826,2022-08-20,Active,Quarterly EMI,1030063,DHURI-1030063,Aditya Verma,Female,46-55,49,1979-01-29,ST,Sikh,RENT,50K-75K,Self-Employed,695,XLG,Services, 36 months,0.1065,B,B2,DHURI,102-DBS,LUDHIANA,PB,PB,PUNJAB,SANGRUR,1030063,12058-DEEPAK KUMAR,Low,14628,21769,12940,35.34,2892.27,N,N,2,On-Time,0,0,1,2015-11-07,0,Aug-2022
ACC000586,980,BUXAR,JLG46K,39337,19657,4389,2019-01-03,Fully Paid,Monthly EMI,710002,BUXAR-710002,Ishaan Mehta,Female,26-35,31,1979-01-29,ST,Sikh,RENT,50K-75K,Business,696,XLG,Home Loan, 36 months,0.1825,D,D5,BUXAR,209-DBS,PATNA,BR,BR,BIHAR,BUXAR,710002,10055-MAHESH KUMAR PATEL,Medium,38850,20572,38930,4.65,2841.88,N,N,1,On-Time,0,0,1,2019-01-03,1,Jan-2019
ACC000587,663,DHURI,JLG35K,41172,38186,15437,2016-02-07,Default,Monthly EMI,1030063,DHURI-1030063,Ananya Reddy,Female,18-25,39,1979-01-29,General,Muslim,MORTGAGE,<25K,Self-Employed,660,XLG,Trade, 36 months,0.0991,B,B1,DHURI,102-DBS,LUDHIANA,PB,PB,PUNJAB,SANGRUR,1030063,12058-DEEPAK KUMAR,Low,41636,39743,41158,44.09,4762.19,Y,N,2,On-Time,0,1,1,2015-08-16,0,Feb-2016
ACC000588,676,SANGRUR,JLG30K,24954,28690,43344,2015-09-25,Fully Paid,Quarterly EMI,110159,SANGRUR-110159,Meera Gupta,Female,46-55,47,1979-01-29,Minority,Muslim,MORTGAGE,25K-50K,Self-Employed,346,XLG,Services, 36 months,0.1065,B,B2,SANGRUR,102-DBS,LUDHIANA,PB,PB,PUNJAB,SANGRUR,110159,10037-RAJESH PRATAP,Low,25052,28856,24881,48.83,181.31,Y,N,2,On-Time,0,1,1,2015-09-25,1,Sep-2015
ACC000589,183,MAWANA,JLG35K,13408,46067,32066,2016-11-10,Fully Paid,Monthly EMI,800018,MAWANA-800018,Vivaan Chopra,Female,36-45,39,1979-01-29,Minority,Muslim,RENT,50K-75K,Self-Employed,831,XLG,Trade, 36 months,0.0991,B,B1,MAWANA,176-DBS,BULANDSHAHR,UP,UP,UTTAR PRADESH,MEERUT,800018,11183-ANIL KUMAR,Medium,14142,46705,13167,36.48,1896.48,N,N,2,On-Time,0,0,1,2016-08-23,0,Nov-2016
ACC000590,120,DURGAPUR,JLG30K,10239,42053,8344,2022-04-17,Default,Monthly EMI,700013,DURGAPUR-700013,Kavya Malhotra,Female,36-45,36,1979-01-29,ST,Sikh,RENT,<25K,Salaried,514,XLG,Services, 36 months,0.1065,B,B2,DURGAPUR,201-DBS,HOWRAH,WB,WB,WEST BENGAL,PASCHIM BARDHHAMAN,700013,10037-RAJESH PRATAP,Low,10306,41698,9844,18.64,3138.26,N,N,2,Late,0,0,1,2022-04-17,1,Apr-2022
ACC000591,684,DURGAPUR,JLG30K,23034,24077,6281,2018-12-21,Active,Quarterly EMI,700013,DURGAPUR-700013,Meera Nair,Female,36-45,38,1979-01-29,ST,Sikh,OWN,75K-100K,Self-Employed,368,XLG,Services, 36 months,0.1065,B,B2,DURGAPUR,201-DBS,HOWRAH,WB,WB,WEST BENGAL,PASCHIM BARDHHAMAN,700013,10037-RAJESH PRATAP,Low,23341,23773,22956,12.79,2835.35,N,N,1,On-Time,0,0,1,2018-12-21,1,Dec-2018
ACC000592,141,DHURI,JLG30K,25728,34919,12441,2018-10-14,Default,Quarterly EMI,1030063,DHURI-1030063,Nisha Malhotra,Female,26-35,29,1979-01-29,ST,Sikh,MORTGAGE,100K+,Self-Employed,799,XLG,Services, 36 months,0.1065,B,B2,DHURI,102-DBS,LUDHIANA,PB,PB,PUNJAB,SANGRUR,1030063,12058-DEEPAK KUMAR,Low,27467,36393,25493,19.91,373.36,N,N,1,On-Time,0,0,1,2018-05-09,0,Oct-2018
ACC000593,835,FATEHGARH SAHIB,JLG35K,2450,27519,20352,2017-01-14,Paid Off,Monthly EMI,120676,FATEHGARH SAHIB-120676,Vivaan Gupta,Female,46-55,46,1979-01-29,ST,Sikh,OWN,75K-100K,Business,481,XLG,Trade, 36 months,0.0991,B,B1,FATEHGARH SAHIB,102-DBS,LUDHIANA,PB,PB,PUNJAB,FATEHGARH SAHIB,120676,10037-RAJESH PRATAP,Medium,2840,29249,2276,34.43,3770.77,Y,N,2,On-Time,0,1,1,2017-01-14,1,Jan-2017
ACC000594,808,HABRA,JLG30K,3068,23311,10582,2019-04-29,Fully Paid,Monthly EMI,650051,HABRA-650051,Kavya Chopra,Female,36-45,43,1979-01-29,General,Muslim,OWN,100K+,Business,300,XLG,Services, 36 months,0.1065,B,B2,HABRA,201-DBS,HOWRAH,WB,WB,WEST BENGAL,HABRA,650051,12361-RITESH KUMAR SINHA,Low,4632,23360,3008,10.28,883.39,N,N,0,Late,0,0,1,2019-04-29,1,Apr-2019
ACC000595,913,HAPUR,JLG30K,37711,9162,20812,2019-06-04,Fully Paid,Quarterly EMI,210563,HAPUR-210563,Laksh Nair,Female,46-55,51,1979-01-29,General,Muslim,RENT,<25K,Salaried,338,XLG,Services, 36 months,0.1065,B,B2,HAPUR,176-DBS,BULANDSHAHR,UP,UP,UTTAR PRADESH,HAPUR,210563,10183-RISHABH PANT,Low,39619,9533,37431,46.11,2417.09,N,Y,2,Late,1,0,1,2015-02-05,0,Jun-2019
ACC000596,184,DURGAPUR,JLG30K,39286,41648,1655,2019-03-26,Default,Quarterly EMI,700013,DURGAPUR-700013,Laksh Sharma,Female,36-45,37,1979-01-29,Minority,Muslim,RENT,<25K,Self-Employed,740,XLG,Services, 36 months,0.1065,B,B2,DURGAPUR,201-DBS,HOWRAH,WB,WB,WEST BENGAL,PASCHIM BARDHHAMAN,700013,10037-RAJESH PRATAP,Low,39778,42095,38908,48.11,2959.73,N,Y,1,On-Time,1,0,1,2017-04-18,0,Mar-2019
ACC000597,177,CHHATA,JLG30K,2327,24853,26157,2019-10-13,Active,Quarterly EMI,910020,CHHATA-910020,Meera Malhotra,Female,36-45,44,1979-01-29,Minority,Muslim,RENT,25K-50K,Salaried,448,XLG,Services, 36 months,0.1065,B,B2,CHHATA,176-DBS,BULANDSHAHR,UP,UP,UTTAR PRADESH,MATHURA,910020,10047-ANIL KUMAR,High,4218,26612,1952,47.72,2555.12,Y,N,1,On-Time,0,1,1,2015-09-05,0,Oct-2019
ACC000598,214,DURGAPUR,JLG35K,3760,11839,17992,2017-02-15,Active,Quarterly EMI,700013,DURGAPUR-700013,Aarav Patel,Female,26-35,31,1979-01-29,ST,Sikh,MORTGAGE,50K-75K,Business,462,XLG,Trade, 36 months,0.0991,B,B1,DURGAPUR,201-DBS,HOWRAH,WB,WB,WEST BENGAL,PASCHIM BARDHHAMAN,700013,10037-RAJESH PRATAP,Low,5201,13334,3555,23.67,927.69,N,N,1,On-Time,0,0,1,2017-02-15,1,Feb-2017
ACC000599,184,ASANSOL,JLG30K,37757,21655,42368,2023-08-13,Fully Paid,Monthly EMI,690076,ASANSOL-690076,Laksh Sharma,Female,36-45,37,1979-01-29,Minority,Muslim,RENT,<25K,Self-Employed,740,XLG,Services, 36 months,0.1065,B,B2,ASANSOL,201-DBS,HOWRAH,WB,WB,WEST BENGAL,PASCHIM BARDHHAMAN,690076,10035-ABHAY TOMER,Medium,39430,22058,37613,36.08,3301.39,N,N,1,On-Time,0,0,1,2017-04-18,0,Aug-2023
ACC000600,113,Mathura,JLG30K,35622,46501,40136,2022-09-19,Paid Off,Quarterly EMI,910182,Mathura-910182,Meera Nair,Female,46-55,49,1979-01-29,ST,Sikh,OWN,50K-75K,Salaried,408,XLG,Services, 36 months,0.1065,B,B2,Mathura,176-DBS,BULANDSHAHR,UP,UP,UTTAR PRADESH,MATHURA,910182,10469-MANISH  PANDEY,High,35757,47201,35284,39.19,1946.31,N,N,0,Late,0,0,1,2022-09-19,1,Sep-2022
ACC000601,885,CHHAPRA,JLG30K,20488,33430,42242,2017-01-02,Paid Off,Monthly EMI,380112,CHHAPRA-380112,Diya Reddy,Female,36-45,36,1979-01-29,SC,Hindu,MORTGAGE,25K-50K,Business,796,XLG,Services, 36 months,0.1065,B,B2,CHHAPRA,209-DBS,PATNA,BR,BR,BIHAR,CHHAPRA,380112,11867-VIKRANT KUMAR VICKY,High,21920,34287,20318,40.5,2181.34,N,N,0,On-Time,0,0,1,2015-07-10,0,Jan-2017
ACC000602,581,MUKTSAR,JLG50K,26578,21152,24844,2023-06-07,Active,Quarterly EMI,1110166,MUKTSAR-1110166,Vivaan Gupta,Female,56-63,57,1979-01-29,General,Muslim,RENT,75K-100K,Business,472,XLG,Home Loan, 60 months,0.1991,E,E4,MUKTSAR,102-DBS,LUDHIANA,PB,PB,PUNJAB,SRI MUKTSAR SAHIB,1110166,11303-ASHUTOSH KUMAR SUMAN,Medium,27824,21489,26214,0.64,4964.91,N,N,0,On-Time,0,0,1,2018-09-14,0,Jun-2023
ACC000603,601,BEHROR,JLG41K,29886,17706,43999,2022-04-14,Fully Paid,Monthly EMI,30179,BEHROR-30179,Ishaan Mehta,Female,18-25,23,1979-01-29,OBC,Hindu,RENT,100K+,Business,416,XLG,Services, 36 months,0.1465,C,C3,BEHROR,301-DBS,JAIPUR,RJ,RJ,RAJASTHAN,BEHROD,30179,10055-MAHESH KUMAR PATEL,Low,30446,19308,29702,27.22,4109.83,N,N,0,On-Time,0,0,1,2018-04-17,0,Apr-2022
ACC000604,985,ASANSOL,JLG30K,4038,5301,37558,2023-10-24,Fully Paid,Monthly EMI,690076,ASANSOL-690076,Meera Reddy,Female,26-35,32,1979-01-29,Minority,Muslim,RENT,100K+,Business,719,XLG,Services, 36 months,0.1065,B,B2,ASANSOL,201-DBS,HOWRAH,WB,WB,WEST BENGAL,PASCHIM BARDHHAMAN,690076,10035-ABHAY TOMER,Medium,4401,6437,3786,8.45,3455.31,N,N,1,Late,0,0,1,2023-10-24,1,Oct-2023
ACC000605,159,DHURI,JLG46K,21007,28264,8844,2016-06-09,Active,Monthly EMI,1030063,DHURI-1030063,Vivaan Nair,Female,46-55,49,1979-01-29,General,Muslim,RENT,100K+,Salaried,519,XLG,Home Loan, 36 months,0.1825,D,D5,DHURI,102-DBS,LUDHIANA,PB,PB,PUNJAB,SANGRUR,1030063,12058-DEEPAK KUMAR,Low,21313,29911,20730,30.54,2487.75,N,N,1,On-Time,0,0,1,2016-06-09,1,Jun-2016
ACC000606,820,BEHROR,JLG30K,31437,24644,26084,2022-12-08,Paid Off,Monthly EMI,30179,BEHROR-30179,Aditya Patel,Female,26-35,27,1979-01-29,ST,Sikh,MORTGAGE,75K-100K,Salaried,600,XLG,Services, 36 months,0.1065,B,B2,BEHROR,301-DBS,JAIPUR,RJ,RJ,RAJASTHAN,BEHROD,30179,10055-MAHESH KUMAR PATEL,Low,33250,24202,31125,39.99,304.47,N,N,2,On-Time,0,0,1,2022-12-08,1,Dec-2022
ACC000607,15,Mathura,JLG30K,30712,45180,42615,2016-08-29,Fully Paid,Monthly EMI,910182,Mathura-910182,Ananya Reddy,Female,36-45,39,1978-05-18,SC,Hindu,RENT,25K-50K,Self-Employed,571,XLG,Services, 36 months,0.1065,B,B2,Mathura,176-DBS,BULANDSHAHR,UP,UP,UTTAR PRADESH,MATHURA,910182,10469-MANISH  PANDEY,High,31800,47044,30295,27.57,3988.62,N,N,0,Late,0,0,1,2016-08-29,1,Aug-2016
ACC000608,240,SANGRUR,JLG35K,41982,37982,10555,2021-09-08,Paid Off,Quarterly EMI,110159,SANGRUR-110159,Meera Mehta,Female,46-55,49,1979-01-29,Minority,Muslim,MORTGAGE,<25K,Salaried,825,XLG,Trade, 36 months,0.0991,B,B1,SANGRUR,102-DBS,LUDHIANA,PB,PB,PUNJAB,SANGRUR,110159,10037-RAJESH PRATAP,Low,42507,38070,41611,38.74,186.12,N,N,0,On-Time,0,0,1,2016-10-05,0,Sep-2021
ACC000609,484,MAWANA,JLG35K,18204,8345,28490,2016-05-23,Active,Monthly EMI,800018,MAWANA-800018,Laksh Mehta,Female,36-45,44,1979-01-29,General,Muslim,MORTGAGE,<25K,Business,686,XLG,Trade, 36 months,0.0991,B,B1,MAWANA,176-DBS,BULANDSHAHR,UP,UP,UTTAR PRADESH,MEERUT,800018,11183-ANIL KUMAR,Medium,18290,9260,17940,26.15,4176.2,N,N,1,On-Time,0,0,1,2016-05-23,1,May-2016
ACC000610,333,JALANDHAR,JLG30K,23294,48211,39790,2021-01-19,Active,Quarterly EMI,160051,JALANDHAR-160051,Diya Reddy,Female,36-45,36,1979-01-29,SC,Hindu,MORTGAGE,25K-50K,Business,796,XLG,Services, 36 months,0.1065,B,B2,JALANDHAR,102-DBS,LUDHIANA,PB,PB,PUNJAB,JALANDHAR,160051,10067-AKSHAY KUMAR,Low,24737,47929,23104,45.49,4657.93,N,N,0,On-Time,0,0,1,2020-03-20,0,Jan-2021
ACC000611,457,BULANDSHAHR,JLG46K,13462,29520,10662,2016-11-12,Fully Paid,Quarterly EMI,10068,BULANDSHAHR-10068,Laksh Patel,Female,36-45,44,1974-05-25,ST,Hindu,RENT,<25K,Self-Employed,342,XLG,Home Loan, 36 months,0.1825,D,D5,BULANDSHAHR,176-DBS,BULANDSHAHR,UP,UP,UTTAR PRADESH,BULANDSHAHAR,10068,10057-NANDI SHANKAR,High,14537,31251,12984,6.38,4200.02,N,N,2,Late,0,0,1,2016-11-12,1,Nov-2016
ACC000612,1000,MUKTSAR,JLG35K,17002,42364,27155,2018-10-13,Paid Off,Quarterly EMI,1110166,MUKTSAR-1110166,Meera Gupta,Female,46-55,55,1979-01-29,ST,Christian,RENT,100K+,Business,773,XLG,Trade, 36 months,0.0991,B,B1,MUKTSAR,102-DBS,LUDHIANA,PB,PB,PUNJAB,SRI MUKTSAR SAHIB,1110166,11303-ASHUTOSH KUMAR SUMAN,Medium,16831,43375,16747,25.46,2012.42,N,N,0,Very Late,0,0,1,2018-05-10,0,Oct-2018
ACC000613,976,MUKTSAR,JLG30K,32894,11685,25908,2021-07-19,Paid Off,Monthly EMI,1110166,MUKTSAR-1110166,Meera Patel,Female,26-35,28,1991-03-29,ST,Sikh,RENT,25K-50K,Salaried,432,XLG,Services, 36 months,0.1065,B,B2,MUKTSAR,102-DBS,LUDHIANA,PB,PB,PUNJAB,SRI MUKTSAR SAHIB,1110166,11303-ASHUTOSH KUMAR SUMAN,Medium,32735,13079,32654,40.75,1966.17,Y,N,0,Very Late,0,1,1,2018-06-03,0,Jul-2021
ACC000614,769,BEHROR,JLG35K,43344,40177,15026,2019-08-16,Fully Paid,Monthly EMI,30179,BEHROR-30179,Meera Chopra,Female,46-55,53,1979-01-29,ST,Sikh,RENT,75K-100K,Business,551,XLG,Trade, 36 months,0.0991,B,B1,BEHROR,301-DBS,JAIPUR,RJ,RJ,RAJASTHAN,BEHROD,30179,10055-MAHESH KUMAR PATEL,Low,44438,41053,43335,5.13,2926.7,N,N,0,On-Time,0,0,1,2015-07-05,0,Aug-2019
ACC000615,552,SIVASAGAR,JLG35K,36688,32954,1831,2017-08-07,Default,Monthly EMI,880038,SIVASAGAR-880038,Aarav Joshi,Female,18-25,22,1997-10-27,General,Hindu,RENT,<25K,Salaried,516,XLG,Trade, 36 months,0.0991,B,B1,SIVASAGAR,208-DBS,GUWAAHATI,AS,AS,ASSAM,SIVASAGAR,880038,12359-SAMIUR RAHMAN,High,37250,34214,36500,8.32,3320.16,N,N,1,On-Time,0,0,1,2015-05-05,0,Aug-2017
ACC000616,832,MAWANA,JLG35K,17705,35531,29864,2016-09-04,Fully Paid,Quarterly EMI,800018,MAWANA-800018,Laksh Nair,Female,46-55,51,1979-01-29,General,Muslim,RENT,<25K,Salaried,338,XLG,Trade, 36 months,0.0991,B,B1,MAWANA,176-DBS,BULANDSHAHR,UP,UP,UTTAR PRADESH,MEERUT,800018,11183-ANIL KUMAR,Medium,18850,35867,17688,3.68,4589.27,N,N,0,Late,0,0,1,2016-09-04,1,Sep-2016
ACC000617,889,Mathura,JLG30K,4743,12323,6487,2019-07-02,Paid Off,Monthly EMI,910182,Mathura-910182,Ishaan Gupta,Female,26-35,28,1979-01-29,SC,Hindu,RENT,100K+,Business,536,XLG,Services, 36 months,0.1065,B,B2,Mathura,176-DBS,BULANDSHAHR,UP,UP,UTTAR PRADESH,MATHURA,910182,10469-MANISH  PANDEY,High,5153,13372,4446,5.94,3171.55,N,N,1,Late,0,0,1,2015-05-11,0,Jul-2019
ACC000618,861,Mangaldoi,JLG30K,18314,11116,8769,2023-10-10,Active,Monthly EMI,570241,Mangaldoi-570241,Diya Joshi,Female,36-45,43,1979-01-29,SC,Christian,RENT,50K-75K,Self-Employed,645,XLG,Services, 36 months,0.1065,B,B2,Mangaldoi,208-DBS,GUWAAHATI,AS,AS,ASSAM,Mangaldoi,570241,10961-NAYAN JYOTI SARMAH,Low,18109,11050,18032,7.22,1820.64,N,N,2,On-Time,0,0,1,2021-01-25,0,Oct-2023
ACC000619,906,DHURI,JLG35K,18540,32134,5811,2021-02-08,Active,Quarterly EMI,1030063,DHURI-1030063,Vivaan Verma,Female,46-55,52,1979-01-29,ST,Sikh,RENT,100K+,Salaried,626,XLG,Trade, 36 months,0.0991,B,B1,DHURI,102-DBS,LUDHIANA,PB,PB,PUNJAB,SANGRUR,1030063,12058-DEEPAK KUMAR,Low,18553,32787,18101,37.44,1168.32,Y,N,1,On-Time,0,1,1,2015-09-18,0,Feb-2021
ACC000620,167,Mathura,JLG30K,7607,23467,21351,2018-07-04,Fully Paid,Monthly EMI,910182,Mathura-910182,Vivaan Patel,Female,46-55,55,1979-01-29,General,Muslim,MORTGAGE,25K-50K,Self-Employed,489,XLG,Services, 36 months,0.1065,B,B2,Mathura,176-DBS,BULANDSHAHR,UP,UP,UTTAR PRADESH,MATHURA,910182,10469-MANISH  PANDEY,High,7508,23209,7266,25.87,2955.31,N,N,0,Very Late,0,0,1,2018-07-04,1,Jul-2018
ACC000621,16,MUKTSAR,JLG35K,12220,13098,4073,2017-10-23,Active,Quarterly EMI,1110166,MUKTSAR-1110166,Vivaan Malhotra,Female,46-55,53,1979-01-29,SC,Hindu,RENT,75K-100K,Business,488,XLG,Trade, 36 months,0.0991,B,B1,MUKTSAR,102-DBS,LUDHIANA,PB,PB,PUNJAB,SRI MUKTSAR SAHIB,1110166,11303-ASHUTOSH KUMAR SUMAN,Medium,13921,15061,12172,11.1,250.62,N,N,1,On-Time,0,0,1,2015-09-15,0,Oct-2017
ACC000622,215,MUKTSAR,JLG35K,34832,45691,42588,2022-05-16,Fully Paid,Monthly EMI,1110166,MUKTSAR-1110166,Kavya Gupta,Female,36-45,43,1979-01-29,Minority,Muslim,RENT,<25K,Self-Employed,528,XLG,Trade, 36 months,0.0991,B,B1,MUKTSAR,102-DBS,LUDHIANA,PB,PB,PUNJAB,SRI MUKTSAR SAHIB,1110166,11303-ASHUTOSH KUMAR SUMAN,Medium,36591,45656,34371,38.77,4875.73,N,N,2,On-Time,0,0,1,2019-12-11,0,May-2022
ACC000623,239,PAOTA,JLG30K,12114,28614,14427,2020-08-02,Paid Off,Monthly EMI,90149,PAOTA-90149,Kavya Malhotra,Female,26-35,33,1985-05-30,General,Hindu,RENT,100K+,Self-Employed,716,XLG,Services, 36 months,0.1065,B,B2,PAOTA,301-DBS,JAIPUR,RJ,RJ,RAJASTHAN,jaipur,90149,10043-RAVI MISHRA,Low,11839,29081,11645,22.53,1218.87,N,N,1,Very Late,0,0,1,2018-10-03,0,Aug-2020
ACC000624,935,DHURI,JLG35K,28945,46367,28136,2017-11-14,Fully Paid,Quarterly EMI,1030063,DHURI-1030063,Nisha Chopra,Female,46-55,49,1979-01-29,SC,Hindu,RENT,75K-100K,Business,641,XLG,Trade, 36 months,0.0991,B,B1,DHURI,102-DBS,LUDHIANA,PB,PB,PUNJAB,SANGRUR,1030063,12058-DEEPAK KUMAR,Low,29185,47955,28761,34.03,3866.32,N,N,2,On-Time,0,0,1,2017-11-14,1,Nov-2017
ACC000625,997,AGRA,JLG30K,44781,47034,13431,2017-06-09,Paid Off,Monthly EMI,140056,AGRA-140056,Diya Malhotra,Female,18-25,21,1979-01-29,ST,Sikh,RENT,50K-75K,Self-Employed,493,XLG,Services, 36 months,0.1065,B,B2,AGRA,176-DBS,BULANDSHAHR,UP,UP,UTTAR PRADESH,AGRA,140056,10161-RAM AVTAR,Medium,45602,48766,44460,41.98,2814.81,N,N,1,On-Time,0,0,1,2016-09-01,0,Jun-2017
ACC000626,644,DURGAPUR,JLG30K,12326,5964,23224,2016-09-05,Paid Off,Monthly EMI,700013,DURGAPUR-700013,Meera Chopra,Female,36-45,36,1979-01-29,OBC,Christian,RENT,75K-100K,Self-Employed,419,XLG,Services, 36 months,0.1065,B,B2,DURGAPUR,201-DBS,HOWRAH,WB,WB,WEST BENGAL,PASCHIM BARDHHAMAN,700013,10037-RAJESH PRATAP,Low,13168,7055,11997,1.25,192.0,Y,N,0,On-Time,0,1,1,2016-09-05,1,Sep-2016
ACC000627,717,MAWANA,JLG35K,47839,19338,13794,2016-12-23,Fully Paid,Quarterly EMI,800018,MAWANA-800018,Kavya Verma,Female,36-45,37,1979-01-29,General,Hindu,RENT,<25K,Self-Employed,479,XLG,Trade, 36 months,0.0991,B,B1,MAWANA,176-DBS,BULANDSHAHR,UP,UP,UTTAR PRADESH,MEERUT,800018,11183-ANIL KUMAR,Medium,48437,19858,47384,32.44,4909.62,N,N,2,On-Time,0,0,1,2016-12-23,1,Dec-2016
ACC000628,974,PATIALA,JLG30K,41137,12643,7243,2020-07-01,Fully Paid,Quarterly EMI,100186,PATIALA-100186,Meera Chopra,Female,46-55,53,1979-01-29,ST,Sikh,RENT,75K-100K,Business,551,XLG,Services, 36 months,0.1065,B,B2,PATIALA,102-DBS,LUDHIANA,PB,PB,PUNJAB,PATIALA,100186,10420-MUNENDRA  SINGH,Medium,41918,12220,40682,16.67,2630.24,Y,N,0,On-Time,0,1,1,2016-02-14,0,Jul-2020
ACC000629,467,DHURI,JLG30K,20506,47866,33448,2017-12-08,Paid Off,Monthly EMI,1030063,DHURI-1030063,Nisha Verma,Female,18-25,24,1979-01-29,ST,Sikh,RENT,<25K,Salaried,443,XLG,Services, 36 months,0.1065,B,B2,DHURI,102-DBS,LUDHIANA,PB,PB,PUNJAB,SANGRUR,1030063,12058-DEEPAK KUMAR,Low,21106,47868,20176,31.27,3073.84,Y,N,1,On-Time,0,1,1,2015-12-31,0,Dec-2017
ACC000630,169,PALWAL,JLG35K,46690,5170,8149,2017-09-30,Fully Paid,Monthly EMI,20242,PALWAL-20242,Kavya Mehta,Female,36-45,45,1973-03-14,General,Muslim,OWN,50K-75K,Business,490,XLG,Trade, 36 months,0.0991,B,B1,PALWAL,206-DBS,KARNAL,HR,HR,HARYANA,PALWAL,20242,10903-HEMANT SHUKLA,Medium,48227,6981,46357,1.99,2044.74,N,N,1,On-Time,0,0,1,2015-08-27,0,Sep-2017
ACC000631,354,SIRSA,JLG30K,28650,34816,14575,2021-06-24,Paid Off,Quarterly EMI,730084,SIRSA-730084,Nisha Malhotra,Female,36-45,36,1979-01-29,SC,Hindu,MORTGAGE,100K+,Self-Employed,489,XLG,Services, 36 months,0.1065,B,B2,SIRSA,206-DBS,KARNAL,HR,HR,HARYANA,SIRSA,730084,10149-ABHISHEK MAURYA,Medium,29517,35066,28331,28.23,4703.98,N,N,1,On-Time,0,0,1,2018-12-26,0,Jun-2021
ACC000632,131,BULANDSHAHR,JLG30K,20455,21412,14351,2023-04-04,Default,Monthly EMI,10068,BULANDSHAHR-10068,Kavya Patel,Female,36-45,36,1979-01-29,ST,Sikh,RENT,100K+,Business,692,XLG,Services, 36 months,0.1065,B,B2,BULANDSHAHR,176-DBS,BULANDSHAHR,UP,UP,UTTAR PRADESH,BULANDSHAHAR,10068,10057-NANDI SHANKAR,High,21239,22935,20277,41.3,1798.74,N,N,1,On-Time,0,0,1,2019-10-13,0,Apr-2023
ACC000633,576,DHURI,JLG30K,15340,18492,13939,2020-12-16,Default,Quarterly EMI,1030063,DHURI-1030063,Kavya Chopra,Female,18-25,23,1979-01-29,General,Hindu,RENT,75K-100K,Business,588,XLG,Services, 36 months,0.1065,B,B2,DHURI,102-DBS,LUDHIANA,PB,PB,PUNJAB,SANGRUR,1030063,12058-DEEPAK KUMAR,Low,16625,20243,14971,2.56,4081.72,N,N,1,On-Time,0,0,1,2015-03-01,0,Dec-2020
ACC000634,262,RAIPUR,JLG30K,12506,14833,2969,2020-11-30,Paid Off,Monthly EMI,230415,RAIPUR-230415,Nisha Patel,Female,18-25,21,1979-01-29,General,Hindu,RENT,25K-50K,Salaried,800,XLG,Services, 36 months,0.1065,B,B2,RAIPUR,207-DBS,RAIPUR,CG,CG,CHATTISGARH,RAIPUR,230415,10924-DILIP KUMAR,High,13414,14548,12115,49.48,4166.29,N,N,2,On-Time,0,0,1,2018-02-24,0,Nov-2020
ACC000635,791,Mathura,JLG30K,33082,19024,39909,2022-07-30,Paid Off,Quarterly EMI,910182,Mathura-910182,Ishaan Nair,Female,36-45,36,1983-03-26,OBC,Hindu,MORTGAGE,25K-50K,Self-Employed,552,XLG,Services, 36 months,0.1065,B,B2,Mathura,176-DBS,BULANDSHAHR,UP,UP,UTTAR PRADESH,MATHURA,910182,10469-MANISH  PANDEY,High,34744,19248,32846,31.42,3190.93,N,N,1,Very Late,0,0,1,2022-07-30,1,Jul-2022
ACC000636,972,MUKTSAR,JLG50K,19743,4503,9567,2015-10-07,Fully Paid,Monthly EMI,1110166,MUKTSAR-1110166,Aarav Malhotra,Female,46-55,47,1979-01-29,Minority,Muslim,RENT,<25K,Salaried,526,XLG,Home Loan, 60 months,0.1991,E,E4,MUKTSAR,102-DBS,LUDHIANA,PB,PB,PUNJAB,SRI MUKTSAR SAHIB,1110166,11303-ASHUTOSH KUMAR SUMAN,Medium,19268,5257,19734,12.12,4785.07,N,N,1,Late,0,0,1,2015-10-07,1,Oct-2015
ACC000637,646,PATIALA,JLG30K,16551,12932,7915,2023-03-20,Active,Quarterly EMI,100186,PATIALA-100186,Kavya Verma,Female,36-45,37,1979-01-29,General,Hindu,RENT,<25K,Self-Employed,479,XLG,Services, 36 months,0.1065,B,B2,PATIALA,102-DBS,LUDHIANA,PB,PB,PUNJAB,PATIALA,100186,10420-MUNENDRA  SINGH,Medium,16772,12775,16351,15.17,3627.59,N,N,2,On-Time,0,0,1,2016-12-20,0,Mar-2023
ACC000638,867,Mathura,JLG35K,49659,43579,26387,2015-01-22,Fully Paid,Monthly EMI,910182,Mathura-910182,Vivaan Gupta,Female,46-55,50,1979-01-29,ST,Sikh,RENT,50K-75K,Self-Employed,768,XLG,Trade, 36 months,0.0991,B,B1,Mathura,176-DBS,BULANDSHAHR,UP,UP,UTTAR PRADESH,MATHURA,910182,10469-MANISH  PANDEY,High,50928,43390,49177,40.32,658.02,N,N,2,Late,0,0,1,2015-01-22,1,Jan-2015
ACC000639,730,MUKTSAR,JLG30K,19853,14111,26843,2023-04-23,Default,Monthly EMI,1110166,MUKTSAR-1110166,Aarav Verma,Female,26-35,33,1979-01-29,ST,Sikh,MORTGAGE,25K-50K,Salaried,754,XLG,Services, 36 months,0.1065,B,B2,MUKTSAR,102-DBS,LUDHIANA,PB,PB,PUNJAB,SRI MUKTSAR SAHIB,1110166,11303-ASHUTOSH KUMAR SUMAN,Medium,19393,15548,19763,49.11,232.51,N,N,1,Late,0,0,1,2015-12-21,0,Apr-2023
ACC000640,361,DURGAPUR,JLG44K,48354,25235,2645,2023-05-31,Fully Paid,Quarterly EMI,700013,DURGAPUR-700013,Ananya Nair,Female,36-45,39,1979-01-29,ST,Sikh,RENT,75K-100K,Business,795,XLG,Home Loan, 36 months,0.0662,A,A2,DURGAPUR,201-DBS,HOWRAH,WB,WB,WEST BENGAL,PASCHIM BARDHHAMAN,700013,10037-RAJESH PRATAP,Low,50039,26925,48276,25.94,543.23,N,N,2,On-Time,0,0,1,2023-05-31,1,May-2023
ACC000641,872,TEZPUR,JLG30K,10895,27110,22356,2023-09-01,Fully Paid,Monthly EMI,680026,TEZPUR-680026,Aarav Sharma,Female,26-35,30,1987-02-18,SC,Hindu,RENT,<25K,Business,368,XLG,Services, 36 months,0.1065,B,B2,TEZPUR,208-DBS,GUWAAHATI,AS,AS,ASSAM,SONITPUR,680026,11055-MANAS PROTIM HAZARIKA,Medium,12305,27869,10859,2.52,1077.34,N,N,2,On-Time,0,0,1,2016-04-13,0,Sep-2023
ACC000642,160,BULANDSHAHR,JLG30K,32002,24052,44457,2018-04-12,Paid Off,Quarterly EMI,10068,BULANDSHAHR-10068,Vivaan Chopra,Female,46-55,49,1979-01-29,General,Muslim,RENT,<25K,Salaried,357,XLG,Services, 36 months,0.1065,B,B2,BULANDSHAHR,176-DBS,BULANDSHAHR,UP,UP,UTTAR PRADESH,BULANDSHAHAR,10068,10057-NANDI SHANKAR,High,33018,25616,31944,29.49,3935.6,N,N,1,On-Time,0,0,1,2016-09-26,0,Apr-2018
ACC000643,382,DURGAPUR,JLG30K,12043,47131,12400,2019-10-04,Fully Paid,Quarterly EMI,700013,DURGAPUR-700013,Aarav Malhotra,Female,46-55,47,1979-01-29,Minority,Muslim,RENT,<25K,Salaried,526,XLG,Services, 36 months,0.1065,B,B2,DURGAPUR,201-DBS,HOWRAH,WB,WB,WEST BENGAL,PASCHIM BARDHHAMAN,700013,10037-RAJESH PRATAP,Low,12262,48928,11690,25.46,3014.05,Y,N,1,On-Time,0,1,1,2019-09-20,0,Oct-2019
ACC000644,142,JALANDHAR,JLG46K,45360,19109,1874,2019-12-29,Paid Off,Quarterly EMI,160051,JALANDHAR-160051,Diya Reddy,Female,36-45,40,1979-12-28,ST,Sikh,RENT,<25K,Self-Employed,810,XLG,Home Loan, 36 months,0.1825,D,D5,JALANDHAR,102-DBS,LUDHIANA,PB,PB,PUNJAB,JALANDHAR,160051,10067-AKSHAY KUMAR,Low,45741,20434,45032,9.31,4585.94,N,N,2,Late,0,0,1,2019-12-29,1,Dec-2019
ACC000645,420,NEEM KA THANA,JLG35K,43540,23834,3051,2016-09-28,Paid Off,Quarterly EMI,80001,NEEM KA THANA-80001,Vivaan Reddy,Female,36-45,37,1979-01-29,OBC,Hindu,RENT,25K-50K,Salaried,426,XLG,Trade, 36 months,0.0991,B,B1,NEEM KA THANA,301-DBS,JAIPUR,RJ,RJ,RAJASTHAN,NEEM KA THANA,80001,10043-RAVI MISHRA,High,43969,24893,43191,0.33,3554.63,N,N,1,Very Late,0,0,1,2016-09-28,1,Sep-2016
ACC000646,55,MAWANA,JLG30K,29220,30806,17379,2023-03-17,Fully Paid,Monthly EMI,800018,MAWANA-800018,Kavya Malhotra,Female,26-35,33,1985-05-30,General,Hindu,RENT,100K+,Self-Employed,716,XLG,Services, 36 months,0.1065,B,B2,MAWANA,176-DBS,BULANDSHAHR,UP,UP,UTTAR PRADESH,MEERUT,800018,11183-ANIL KUMAR,Medium,29748,32657,28870,20.65,4995.81,N,N,2,On-Time,0,0,1,2016-07-27,0,Mar-2023
ACC000647,269,KARNAL,JLG41K,9430,34848,24132,2021-01-25,Fully Paid,Quarterly EMI,50678,KARNAL-50678,Vivaan Patel,Female,46-55,51,1979-01-29,SC,Hindu,MORTGAGE,100K+,Business,375,XLG,Services, 36 months,0.1465,C,C3,KARNAL,206-DBS,KARNAL,HR,HR,HARYANA,KARNAL,50678,10282-NAIM ALI,Medium,11095,36803,8969,17.21,2519.19,N,N,1,On-Time,0,0,1,2016-03-18,0,Jan-2021
ACC000648,336,BUXAR,JLG35K,9858,47715,17385,2019-12-16,Fully Paid,Quarterly EMI,710002,BUXAR-710002,Laksh Mehta,Female,36-45,44,1979-01-29,General,Muslim,MORTGAGE,<25K,Business,686,XLG,Trade, 36 months,0.0991,B,B1,BUXAR,209-DBS,PATNA,BR,BR,BIHAR,BUXAR,710002,10055-MAHESH KUMAR PATEL,Medium,10147,48399,9670,8.35,388.73,N,N,2,On-Time,0,0,1,2016-05-18,0,Dec-2019
ACC000649,944,MAWANA,JLG30K,24437,45266,27021,2023-11-20,Fully Paid,Quarterly EMI,800018,MAWANA-800018,Aarav Malhotra,Female,46-55,46,1979-01-29,Minority,Muslim,MORTGAGE,100K+,Salaried,604,XLG,Services, 36 months,0.1065,B,B2,MAWANA,176-DBS,BULANDSHAHR,UP,UP,UTTAR PRADESH,MEERUT,800018,11183-ANIL KUMAR,Medium,24832,46927,24421,45.89,625.65,N,N,0,Late,0,0,1,2016-05-30,0,Nov-2023
ACC000650,23,Mangaldoi,JLG30K,22535,44448,30745,2018-01-23,Fully Paid,Quarterly EMI,570241,Mangaldoi-570241,Ananya Sharma,Female,26-35,32,1979-01-29,OBC,Hindu,RENT,100K+,Self-Employed,584,XLG,Services, 36 months,0.1065,B,B2,Mangaldoi,208-DBS,GUWAAHATI,AS,AS,ASSAM,Mangaldoi,570241,10961-NAYAN JYOTI SARMAH,Low,23445,46097,22293,30.75,4431.33,N,N,0,On-Time,0,0,1,2018-01-23,1,Jan-2018
ACC000651,55,SANGRUR,JLG35K,4017,4377,32253,2019-01-17,Fully Paid,Quarterly EMI,110159,SANGRUR-110159,Kavya Malhotra,Female,26-35,33,1985-05-30,General,Hindu,RENT,100K+,Self-Employed,716,XLG,Trade, 36 months,0.0991,B,B1,SANGRUR,102-DBS,LUDHIANA,PB,PB,PUNJAB,SANGRUR,110159,10037-RAJESH PRATAP,Low,4128,3956,3730,22.48,1279.12,N,N,1,On-Time,0,0,1,2016-07-27,0,Jan-2019
ACC000652,737,SANGRUR,JLG35K,40870,26102,32074,2023-01-23,Paid Off,Quarterly EMI,110159,SANGRUR-110159,Ananya Sharma,Female,46-55,52,1979-01-29,Minority,Muslim,RENT,<25K,Business,557,XLG,Trade, 36 months,0.0991,B,B1,SANGRUR,102-DBS,LUDHIANA,PB,PB,PUNJAB,SANGRUR,110159,10037-RAJESH PRATAP,Low,42757,26602,40747,27.32,4976.73,Y,N,2,On-Time,0,1,1,2015-02-28,0,Jan-2023
ACC000653,529,SANGRUR,JLG30K,3228,5793,8275,2023-03-29,Paid Off,Monthly EMI,110159,SANGRUR-110159,Ananya Sharma,Female,46-55,52,1979-01-29,Minority,Muslim,RENT,<25K,Business,557,XLG,Services, 36 months,0.1065,B,B2,SANGRUR,102-DBS,LUDHIANA,PB,PB,PUNJAB,SANGRUR,110159,10037-RAJESH PRATAP,Low,3013,7304,3125,33.61,4116.68,N,N,2,On-Time,0,0,1,2015-09-18,0,Mar-2023
ACC000654,837,MAWANA,JLG30K,40684,31783,35788,2023-05-20,Fully Paid,Quarterly EMI,800018,MAWANA-800018,Laksh Malhotra,Female,46-55,51,1979-01-29,General,Muslim,MORTGAGE,75K-100K,Self-Employed,804,XLG,Services, 36 months,0.1065,B,B2,MAWANA,176-DBS,BULANDSHAHR,UP,UP,UTTAR PRADESH,MEERUT,800018,11183-ANIL KUMAR,Medium,42249,32500,40626,30.37,3973.94,N,N,0,On-Time,0,0,1,2019-05-13,0,May-2023
ACC000655,509,PAOTA,JLG30K,29752,16215,16482,2015-07-08,Paid Off,Quarterly EMI,90149,PAOTA-90149,Vivaan Gupta,Female,56-63,57,1979-01-29,General,Muslim,RENT,75K-100K,Business,472,XLG,Services, 36 months,0.1065,B,B2,PAOTA,301-DBS,JAIPUR,RJ,RJ,RAJASTHAN,jaipur,90149,10043-RAVI MISHRA,Low,29766,17355,29712,24.23,833.77,N,N,2,On-Time,0,0,1,2015-07-08,1,Jul-2015
ACC000656,856,BEHROR,JLG46K,6649,30883,8834,2015-09-04,Fully Paid,Quarterly EMI,30179,BEHROR-30179,Aarav Sharma,Female,46-55,46,1979-01-29,SC,Hindu,RENT,100K+,Business,459,XLG,Home Loan, 36 months,0.1825,D,D5,BEHROR,301-DBS,JAIPUR,RJ,RJ,RAJASTHAN,BEHROD,30179,10055-MAHESH KUMAR PATEL,Low,7065,31701,6334,11.49,4464.54,N,N,1,On-Time,0,0,1,2015-09-04,1,Sep-2015
ACC000657,792,BULANDSHAHR,JLG35K,11515,3747,10578,2022-01-03,Fully Paid,Monthly EMI,10068,BULANDSHAHR-10068,Nisha Reddy,Female,36-45,42,1979-01-29,SC,Hindu,RENT,100K+,Self-Employed,668,XLG,Trade, 36 months,0.0991,B,B1,BULANDSHAHR,176-DBS,BULANDSHAHR,UP,UP,UTTAR PRADESH,BULANDSHAHAR,10068,10057-NANDI SHANKAR,High,11634,5608,11364,21.93,1422.6,N,N,0,On-Time,0,0,1,2018-01-17,0,Jan-2022
ACC000658,755,SANGRUR,JLG35K,48763,10318,38882,2019-11-13,Active,Quarterly EMI,110159,SANGRUR-110159,Ananya Reddy,Female,26-35,29,1979-01-29,ST,Sikh,RENT,100K+,Salaried,324,XLG,Trade, 36 months,0.0991,B,B1,SANGRUR,102-DBS,LUDHIANA,PB,PB,PUNJAB,SANGRUR,110159,10037-RAJESH PRATAP,Low,50027,9956,48639,13.75,3140.92,N,N,1,On-Time,0,0,1,2017-04-23,0,Nov-2019
ACC000659,925,DHURI,JLG30K,45951,26493,22075,2023-05-07,Default,Quarterly EMI,1030063,DHURI-1030063,Ananya Mehta,Female,36-45,38,1979-01-29,ST,Sikh,RENT,25K-50K,Salaried,398,XLG,Services, 36 months,0.1065,B,B2,DHURI,102-DBS,LUDHIANA,PB,PB,PUNJAB,SANGRUR,1030063,12058-DEEPAK KUMAR,Low,46793,26687,45927,43.5,2234.74,N,N,0,Late,0,0,1,2023-05-07,1,May-2023
ACC000660,493,DURGAPUR,JLG30K,20374,48637,27986,2016-02-01,Paid Off,Quarterly EMI,700013,DURGAPUR-700013,Vivaan Mehta,Female,26-35,28,1979-01-29,ST,Sikh,RENT,50K-75K,Salaried,375,XLG,Services, 36 months,0.1065,B,B2,DURGAPUR,201-DBS,HOWRAH,WB,WB,WEST BENGAL,PASCHIM BARDHHAMAN,700013,10037-RAJESH PRATAP,Low,21378,49647,20268,33.32,3857.82,N,N,1,On-Time,0,0,1,2015-10-21,0,Feb-2016
ACC000661,197,FATEHGARH SAHIB,JLG35K,6026,46553,8046,2015-12-26,Default,Monthly EMI,120676,FATEHGARH SAHIB-120676,Ishaan Mehta,Female,46-55,54,1979-01-29,General,Hindu,MORTGAGE,50K-75K,Business,629,XLG,Trade, 36 months,0.0991,B,B1,FATEHGARH SAHIB,102-DBS,LUDHIANA,PB,PB,PUNJAB,FATEHGARH SAHIB,120676,10037-RAJESH PRATAP,Medium,7713,46365,5700,33.62,4613.66,Y,N,1,Very Late,0,1,1,2015-12-26,1,Dec-2015
ACC000662,536,FATEHGARH SAHIB,JLG30K,36027,49616,5715,2015-11-18,Paid Off,Quarterly EMI,120676,FATEHGARH SAHIB-120676,Meera Nair,Female,36-45,38,1979-01-29,ST,Sikh,OWN,75K-100K,Self-Employed,368,XLG,Services, 36 months,0.1065,B,B2,FATEHGARH SAHIB,102-DBS,LUDHIANA,PB,PB,PUNJAB,FATEHGARH SAHIB,120676,10037-RAJESH PRATAP,Medium,36458,49550,35629,1.33,518.47,N,N,1,On-Time,0,0,1,2015-11-18,1,Nov-2015
ACC000663,670,MUKTSAR,JLG30K,5448,39181,26857,2018-07-10,Paid Off,Monthly EMI,1110166,MUKTSAR-1110166,Laksh Patel,Female,36-45,44,1974-05-25,ST,Hindu,RENT,<25K,Self-Employed,342,XLG,Services, 36 months,0.1065,B,B2,MUKTSAR,102-DBS,LUDHIANA,PB,PB,PUNJAB,SRI MUKTSAR SAHIB,1110166,11303-ASHUTOSH KUMAR SUMAN,Medium,7196,39509,5186,25.67,971.07,N,N,2,Late,0,0,1,2015-05-19,0,Jul-2018
ACC000664,683,Mathura,JLG35K,24044,3159,9087,2016-02-27,Fully Paid,Quarterly EMI,910182,Mathura-910182,Ananya Reddy,Female,26-35,29,1979-01-29,ST,Sikh,RENT,100K+,Salaried,324,XLG,Trade, 36 months,0.0991,B,B1,Mathura,176-DBS,BULANDSHAHR,UP,UP,UTTAR PRADESH,MATHURA,910182,10469-MANISH  PANDEY,High,23794,4537,23986,39.0,665.65,N,N,2,Late,0,0,1,2016-02-27,1,Feb-2016
ACC000665,230,Mathura,JLG30K,22718,11833,35290,2020-02-01,Fully Paid,Quarterly EMI,910182,Mathura-910182,Meera Chopra,Female,46-55,53,1979-01-29,ST,Sikh,RENT,75K-100K,Business,551,XLG,Services, 36 months,0.1065,B,B2,Mathura,176-DBS,BULANDSHAHR,UP,UP,UTTAR PRADESH,MATHURA,910182,10469-MANISH  PANDEY,High,24326,12238,22615,7.08,4724.07,N,N,2,Very Late,0,0,1,2015-11-11,0,Feb-2020
ACC000666,858,PATIALA,JLG30K,2498,33243,36620,2015-05-21,Paid Off,Quarterly EMI,100186,PATIALA-100186,Diya Mehta,Female,36-45,38,1979-01-29,ST,Sikh,MORTGAGE,25K-50K,Business,308,XLG,Services, 36 months,0.1065,B,B2,PATIALA,102-DBS,LUDHIANA,PB,PB,PUNJAB,PATIALA,100186,10420-MUNENDRA  SINGH,Medium,3145,34587,2242,1.58,3372.79,N,N,1,Very Late,0,0,1,2015-05-21,1,May-2015
ACC000667,344,SANGRUR,JLG35K,13872,24780,39338,2020-07-04,Paid Off,Monthly EMI,110159,SANGRUR-110159,Nisha Reddy,Female,36-45,38,1979-01-29,ST,Sikh,RENT,50K-75K,Self-Employed,552,XLG,Trade, 36 months,0.0991,B,B1,SANGRUR,102-DBS,LUDHIANA,PB,PB,PUNJAB,SANGRUR,110159,10037-RAJESH PRATAP,Low,15617,24539,13509,2.46,1133.84,N,N,2,On-Time,0,0,1,2020-07-04,1,Jul-2020
ACC000668,772,TEZPUR,JLG30K,37677,34011,26669,2022-03-24,Fully Paid,Quarterly EMI,680026,TEZPUR-680026,Laksh Patel,Female,46-55,46,1979-01-29,General,Hindu,RENT,50K-75K,Business,467,XLG,Services, 36 months,0.1065,B,B2,TEZPUR,208-DBS,GUWAAHATI,AS,AS,ASSAM,SONITPUR,680026,11055-MANAS PROTIM HAZARIKA,Medium,39329,34142,37353,7.61,3276.52,N,N,0,On-Time,0,0,1,2017-11-27,0,Mar-2022
ACC000669,129,MADHUBANI,JLG35K,40844,21398,20180,2018-11-04,Paid Off,Quarterly EMI,1140044,MADHUBANI-1140044,Aditya Reddy,Female,36-45,38,1979-01-29,ST,Sikh,RENT,75K-100K,Self-Employed,467,XLG,Trade, 36 months,0.0991,B,B1,MADHUBANI,209-DBS,PATNA,BR,BR,BIHAR,MADHUBANI,1140044,10514-MANISH KUMAR MISHRA,Medium,41339,21292,40391,23.2,3953.28,N,N,0,Late,0,0,1,2015-07-29,0,Nov-2018
ACC000670,310,DHURI,JLG35K,46243,19228,30199,2023-03-04,Paid Off,Monthly EMI,1030063,DHURI-1030063,Kavya Gupta,Female,26-35,35,1979-01-29,ST,Sikh,RENT,50K-75K,Business,721,XLG,Trade, 36 months,0.0991,B,B1,DHURI,102-DBS,LUDHIANA,PB,PB,PUNJAB,SANGRUR,1030063,12058-DEEPAK KUMAR,Low,46974,19088,45983,3.44,205.05,N,N,1,On-Time,0,0,1,2022-01-05,0,Mar-2023
ACC000671,805,CHHATA,JLG50K,2861,36519,41499,2021-10-19,Fully Paid,Quarterly EMI,910020,CHHATA-910020,Laksh Sharma,Female,46-55,46,1979-01-29,Minority,Muslim,RENT,<25K,Self-Employed,512,XLG,Home Loan, 60 months,0.1991,E,E4,CHHATA,176-DBS,BULANDSHAHR,UP,UP,UTTAR PRADESH,MATHURA,910020,10047-ANIL KUMAR,High,3177,36590,2785,25.93,3016.49,N,N,2,On-Time,0,0,1,2017-08-16,0,Oct-2021
ACC000672,948,FATEHGARH SAHIB,JLG44K,43395,8294,41542,2019-10-01,Paid Off,Quarterly EMI,120676,FATEHGARH SAHIB-120676,Meera Sharma,Female,36-45,45,1979-01-29,OBC,Hindu,OWN,75K-100K,Business,417,XLG,Home Loan, 36 months,0.0662,A,A2,FATEHGARH SAHIB,102-DBS,LUDHIANA,PB,PB,PUNJAB,FATEHGARH SAHIB,120676,10037-RAJESH PRATAP,Medium,44104,8339,42911,33.44,2048.26,N,N,2,Very Late,0,0,1,2015-11-04,0,Oct-2019
ACC000673,559,DHURI,JLG35K,35462,32663,11382,2016-05-31,Fully Paid,Monthly EMI,1030063,DHURI-1030063,Ishaan Joshi,Female,36-45,43,1979-01-29,General,Hindu,RENT,100K+,Salaried,675,XLG,Trade, 36 months,0.0991,B,B1,DHURI,102-DBS,LUDHIANA,PB,PB,PUNJAB,SANGRUR,1030063,12058-DEEPAK KUMAR,Low,35881,33483,35328,18.68,2225.68,N,N,0,On-Time,0,0,1,2016-05-31,1,May-2016
ACC000674,152,JORHAT,JLG30K,43846,48875,6769,2021-02-18,Fully Paid,Monthly EMI,850152,JORHAT-850152,Kavya Mehta,Female,26-35,31,1979-01-29,ST,Muslim,RENT,<25K,Self-Employed,466,XLG,Services, 36 months,0.1065,B,B2,JORHAT,208-DBS,GUWAAHATI,AS,AS,ASSAM,JORHAT,850152,10961-NAYAN JYOTI SARMAH,High,45396,48604,43669,28.08,3076.59,N,N,1,On-Time,0,0,1,2019-11-05,0,Feb-2021
ACC000675,455,MUKTSAR,JLG30K,40289,9886,44800,2023-01-17,Active,Quarterly EMI,1110166,MUKTSAR-1110166,Aditya Mehta,Female,46-55,46,1979-01-29,Minority,Muslim,RENT,<25K,Business,708,XLG,Services, 36 months,0.1065,B,B2,MUKTSAR,102-DBS,LUDHIANA,PB,PB,PUNJAB,SRI MUKTSAR SAHIB,1110166,11303-ASHUTOSH KUMAR SUMAN,Medium,41276,10275,40138,33.38,2439.51,N,Y,2,On-Time,1,0,1,2016-01-02,0,Jan-2023
ACC000676,619,DURGAPUR,JLG30K,5029,2275,40505,2023-03-24,Fully Paid,Monthly EMI,700013,DURGAPUR-700013,Nisha Reddy,Female,36-45,44,1979-01-29,OBC,Hindu,MORTGAGE,75K-100K,Business,815,XLG,Services, 36 months,0.1065,B,B2,DURGAPUR,201-DBS,HOWRAH,WB,WB,WEST BENGAL,PASCHIM BARDHHAMAN,700013,10037-RAJESH PRATAP,Low,6180,2931,4853,33.51,4460.36,N,Y,1,On-Time,1,0,1,2023-03-24,1,Mar-2023
ACC000677,818,DHURI,JLG44K,27953,32320,24921,2020-05-29,Fully Paid,Quarterly EMI,1030063,DHURI-1030063,Laksh Mehta,Female,36-45,40,1979-01-29,ST,Sikh,RENT,50K-75K,Self-Employed,318,XLG,Home Loan, 36 months,0.0662,A,A2,DHURI,102-DBS,LUDHIANA,PB,PB,PUNJAB,SANGRUR,1030063,12058-DEEPAK KUMAR,Low,28223,32701,27464,49.34,3297.56,N,N,1,Late,0,0,1,2020-05-29,1,May-2020
ACC000678,49,KAROND,JLG35K,13219,25645,1704,2015-11-20,Fully Paid,Monthly EMI,1320004,KAROND-1320004,Aarav Sharma,Female,46-55,46,1979-01-29,SC,Hindu,RENT,100K+,Business,459,XLG,Trade, 36 months,0.0991,B,B1,KAROND,200-DBS,BHOPAL,MP,MP,MADHYA PRADESH,BHOPAL,1320004,12758-ROHIT KUMAR JAISWAL,Medium,13138,27446,13219,40.18,1069.75,N,N,1,Late,0,0,1,2015-02-26,0,Nov-2015
ACC000679,195,BEHROR,JLG30K,5257,43277,7793,2015-01-29,Active,Quarterly EMI,30179,BEHROR-30179,Ananya Verma,Female,46-55,51,1979-01-29,OBC,Hindu,MORTGAGE,25K-50K,Self-Employed,770,XLG,Services, 36 months,0.1065,B,B2,BEHROR,301-DBS,JAIPUR,RJ,RJ,RAJASTHAN,BEHROD,30179,10055-MAHESH KUMAR PATEL,Low,6141,43362,4911,32.84,3476.71,N,N,0,On-Time,0,0,1,2015-01-29,1,Jan-2015
ACC000680,909,Mathura,JLG35,43527,42261,13874,2019-05-28,Fully Paid,Monthly EMI,910182,Mathura-910182,Ananya Mehta,Female,26-35,30,1979-01-29,ST,Sikh,RENT,75K-100K,Business,783,XLG,Home Loan, 60 months,0.1465,C,C3,Mathura,176-DBS,BULANDSHAHR,UP,UP,UTTAR PRADESH,MATHURA,910182,10469-MANISH  PANDEY,High,45252,41966,43215,38.17,4246.98,N,N,0,On-Time,0,0,1,2019-05-28,1,May-2019
ACC000681,141,BEHROR,JLG30K,23698,6643,28563,2018-05-09,Fully Paid,Quarterly EMI,30179,BEHROR-30179,Nisha Malhotra,Female,26-35,29,1979-01-29,ST,Sikh,MORTGAGE,100K+,Self-Employed,799,XLG,Services, 36 months,0.1065,B,B2,BEHROR,301-DBS,JAIPUR,RJ,RJ,RAJASTHAN,BEHROD,30179,10055-MAHESH KUMAR PATEL,Low,25335,8620,23621,9.71,4430.91,N,N,2,On-Time,0,0,1,2018-05-09,1,May-2018
ACC000682,640,BEHROR,JLG35K,40242,4530,38415,2015-11-29,Fully Paid,Quarterly EMI,30179,BEHROR-30179,Ishaan Sharma,Female,26-35,26,1979-01-29,General,Hindu,RENT,25K-50K,Salaried,522,XLG,Trade, 36 months,0.0991,B,B1,BEHROR,301-DBS,JAIPUR,RJ,RJ,RAJASTHAN,BEHROD,30179,10055-MAHESH KUMAR PATEL,Low,40975,5524,39890,44.54,828.16,N,N,2,On-Time,0,0,1,2015-11-29,1,Nov-2015
ACC000683,841,BEHROR,JLG30K,16062,14295,31557,2021-09-08,Paid Off,Monthly EMI,30179,BEHROR-30179,Ishaan Joshi,Female,36-45,43,1979-01-29,General,Hindu,RENT,100K+,Salaried,675,XLG,Services, 36 months,0.1065,B,B2,BEHROR,301-DBS,JAIPUR,RJ,RJ,RAJASTHAN,BEHROD,30179,10055-MAHESH KUMAR PATEL,Low,17959,15339,15934,24.95,261.57,N,N,2,On-Time,0,0,1,2021-09-08,1,Sep-2021
ACC000684,566,JALANDHAR,JLG30K,31927,45618,43336,2017-02-14,Active,Quarterly EMI,160051,JALANDHAR-160051,Meera Chopra,Female,46-55,53,1979-01-29,ST,Sikh,RENT,75K-100K,Business,551,XLG,Services, 36 months,0.1065,B,B2,JALANDHAR,102-DBS,LUDHIANA,PB,PB,PUNJAB,JALANDHAR,160051,10067-AKSHAY KUMAR,Low,33791,46920,31519,31.02,416.14,N,N,0,On-Time,0,0,1,2017-02-14,1,Feb-2017
ACC000685,588,DURGAPUR,JLG30K,25296,40713,27307,2020-07-14,Fully Paid,Quarterly EMI,700013,DURGAPUR-700013,Meera Reddy,Female,36-45,45,1979-01-29,General,Muslim,MORTGAGE,<25K,Self-Employed,830,XLG,Services, 36 months,0.1065,B,B2,DURGAPUR,201-DBS,HOWRAH,WB,WB,WEST BENGAL,PASCHIM BARDHHAMAN,700013,10037-RAJESH PRATAP,Low,27053,41842,24854,20.37,4475.72,Y,N,1,On-Time,0,1,1,2020-07-14,1,Jul-2020
ACC000686,664,MAWANA,JLG30K,34370,22276,3319,2022-12-19,Fully Paid,Quarterly EMI,800018,MAWANA-800018,Kavya Reddy,Female,26-35,35,1979-01-29,General,Hindu,RENT,50K-75K,Salaried,656,XLG,Services, 36 months,0.1065,B,B2,MAWANA,176-DBS,BULANDSHAHR,UP,UP,UTTAR PRADESH,MEERUT,800018,11183-ANIL KUMAR,Medium,36103,22251,34340,23.39,4116.51,N,N,0,On-Time,0,0,1,2019-04-09,0,Dec-2022
ACC000687,626,AGRA,JLG46K,22533,37963,39402,2020-11-20,Paid Off,Monthly EMI,140056,AGRA-140056,Nisha Reddy,Female,36-45,44,1979-01-29,OBC,Hindu,MORTGAGE,75K-100K,Business,815,XLG,Home Loan, 36 months,0.1825,D,D5,AGRA,176-DBS,BULANDSHAHR,UP,UP,UTTAR PRADESH,AGRA,140056,10161-RAM AVTAR,Medium,22407,39816,22190,35.23,340.8,N,N,1,On-Time,0,0,1,2020-11-20,1,Nov-2020
ACC000688,497,PATIALA,JLG35K,38594,39693,22199,2021-05-02,Paid Off,Monthly EMI,100186,PATIALA-100186,Vivaan Gupta,Female,46-55,46,1979-01-29,ST,Sikh,OWN,75K-100K,Business,481,XLG,Trade, 36 months,0.0991,B,B1,PATIALA,102-DBS,LUDHIANA,PB,PB,PUNJAB,PATIALA,100186,10420-MUNENDRA  SINGH,Medium,38908,41233,38179,32.84,4006.35,N,Y,0,On-Time,1,0,1,2016-11-26,0,May-2021
ACC000689,889,SIRSA,JLG46K,47332,27633,16850,2017-08-15,Default,Monthly EMI,730084,SIRSA-730084,Ishaan Gupta,Female,26-35,28,1979-01-29,SC,Hindu,RENT,100K+,Business,536,XLG,Home Loan, 36 months,0.1825,D,D5,SIRSA,206-DBS,KARNAL,HR,HR,HARYANA,SIRSA,730084,10149-ABHISHEK MAURYA,Medium,47705,28064,47182,35.8,2871.36,N,N,0,Late,0,0,1,2015-05-11,0,Aug-2017
ACC000690,422,DURGAPUR,JLG35K,7710,38672,34173,2017-03-18,Fully Paid,Quarterly EMI,700013,DURGAPUR-700013,Laksh Chopra,Female,46-55,55,1964-04-22,Minority,Muslim,RENT,100K+,Self-Employed,502,XLG,Trade, 36 months,0.0991,B,B1,DURGAPUR,201-DBS,HOWRAH,WB,WB,WEST BENGAL,PASCHIM BARDHHAMAN,700013,10037-RAJESH PRATAP,Low,7628,40453,7586,26.01,721.76,N,N,2,On-Time,0,0,1,2017-03-18,1,Mar-2017
ACC000691,485,KURUKSHETRA,JLG30K,45850,37153,1510,2020-02-10,Fully Paid,Quarterly EMI,70364,KURUKSHETRA-70364,Laksh Gupta,Female,36-45,36,1979-01-29,General,Muslim,OWN,<25K,Business,807,XLG,Services, 36 months,0.1065,B,B2,KURUKSHETRA,206-DBS,KARNAL,HR,HR,HARYANA,KURUKSHETRA,70364,10028-AAYUSH PANDEY,Medium,47066,38407,45542,10.64,4031.09,N,N,0,On-Time,0,0,1,2019-02-21,0,Feb-2020
ACC000692,944,DHURI,JLG35K,46400,19918,29109,2022-08-31,Fully Paid,Monthly EMI,1030063,DHURI-1030063,Aarav Malhotra,Female,46-55,46,1979-01-29,Minority,Muslim,MORTGAGE,100K+,Salaried,604,XLG,Trade, 36 months,0.0991,B,B1,DHURI,102-DBS,LUDHIANA,PB,PB,PUNJAB,SANGRUR,1030063,12058-DEEPAK KUMAR,Low,47030,21565,45946,21.91,1413.94,N,N,1,On-Time,0,0,1,2016-05-30,0,Aug-2022
ACC000693,288,ASANSOL,JLG30K,2971,30174,6889,2022-10-26,Paid Off,Monthly EMI,690076,ASANSOL-690076,Meera Patel,Female,26-35,28,1991-03-29,ST,Sikh,RENT,25K-50K,Salaried,432,XLG,Services, 36 months,0.1065,B,B2,ASANSOL,201-DBS,HOWRAH,WB,WB,WEST BENGAL,PASCHIM BARDHHAMAN,690076,10035-ABHAY TOMER,Medium,2734,29874,2489,43.9,4510.24,N,N,2,On-Time,0,0,1,2020-05-08,0,Oct-2022
ACC000694,242,MAWANA,JLG50K,47279,5286,17407,2017-08-14,Fully Paid,Quarterly EMI,800018,MAWANA-800018,Kavya Verma,Female,36-45,37,1979-01-29,General,Hindu,RENT,<25K,Self-Employed,479,XLG,Home Loan, 60 months,0.1991,E,E4,MAWANA,176-DBS,BULANDSHAHR,UP,UP,UTTAR PRADESH,MEERUT,800018,11183-ANIL KUMAR,Medium,48904,4962,47022,25.09,760.06,N,N,2,Late,0,0,1,2015-10-15,0,Aug-2017
ACC000695,111,MUKTSAR,JLG39K,29173,37504,8223,2015-05-13,Paid Off,Quarterly EMI,1110166,MUKTSAR-1110166,Kavya Mehta,Female,18-25,23,1979-01-29,ST,Sikh,MORTGAGE,50K-75K,Salaried,443,XLG,Agriculture, 36 months,0.0662,A,A2,MUKTSAR,102-DBS,LUDHIANA,PB,PB,PUNJAB,SRI MUKTSAR SAHIB,1110166,11303-ASHUTOSH KUMAR SUMAN,Medium,30623,39350,29054,15.76,2182.75,N,N,2,On-Time,0,0,1,2015-05-13,1,May-2015
ACC000696,784,DURGAPUR,JLG30K,22308,45376,28642,2021-08-14,Active,Monthly EMI,700013,DURGAPUR-700013,Ananya Patel,Female,36-45,43,1979-01-29,Minority,Muslim,RENT,75K-100K,Salaried,558,XLG,Services, 36 months,0.1065,B,B2,DURGAPUR,201-DBS,HOWRAH,WB,WB,WEST BENGAL,PASCHIM BARDHHAMAN,700013,10037-RAJESH PRATAP,Low,24048,45641,22306,30.61,4699.8,N,N,0,Late,0,0,1,2015-09-25,0,Aug-2021
ACC000697,436,Mangaldoi,JLG30K,15113,30295,37263,2022-12-09,Paid Off,Quarterly EMI,570241,Mangaldoi-570241,Aditya Verma,Female,46-55,49,1979-01-29,ST,Sikh,RENT,50K-75K,Self-Employed,695,XLG,Services, 36 months,0.1065,B,B2,Mangaldoi,208-DBS,GUWAAHATI,AS,AS,ASSAM,Mangaldoi,570241,10961-NAYAN JYOTI SARMAH,Low,15395,32287,14658,39.27,2622.71,N,N,2,Late,0,0,1,2019-07-31,0,Dec-2022
ACC000698,615,MUKTSAR,JLG45K,4520,34462,44518,2023-07-22,Paid Off,Quarterly EMI,1110166,MUKTSAR-1110166,Vivaan Patel,Female,46-55,55,1979-01-29,General,Muslim,MORTGAGE,25K-50K,Self-Employed,489,XLG,Agriculture, 36 months,0.0751,A,A3,MUKTSAR,102-DBS,LUDHIANA,PB,PB,PUNJAB,SRI MUKTSAR SAHIB,1110166,11303-ASHUTOSH KUMAR SUMAN,Medium,4484,36073,4252,22.92,4062.58,N,N,2,On-Time,0,0,1,2017-06-15,0,Jul-2023
ACC000699,254,CHHATA,JLG30K,33886,7322,4983,2018-05-27,Fully Paid,Monthly EMI,910020,CHHATA-910020,Laksh Patel,Female,26-35,28,1979-01-29,SC,Hindu,MORTGAGE,75K-100K,Business,844,XLG,Services, 36 months,0.1065,B,B2,CHHATA,176-DBS,BULANDSHAHR,UP,UP,UTTAR PRADESH,MATHURA,910020,10047-ANIL KUMAR,High,33478,8485,33710,47.35,4502.99,N,Y,0,On-Time,1,0,1,2015-07-07,0,May-2018
ACC000700,822,MAWANA,JLG35K,43809,9417,25562,2015-06-21,Paid Off,Monthly EMI,800018,MAWANA-800018,Laksh Reddy,Female,26-35,29,1979-01-29,OBC,Hindu,RENT,75K-100K,Business,311,XLG,Trade, 36 months,0.0991,B,B1,MAWANA,176-DBS,BULANDSHAHR,UP,UP,UTTAR PRADESH,MEERUT,800018,11183-ANIL KUMAR,Medium,45145,9450,43473,7.33,4714.6,N,N,0,On-Time,0,0,1,2015-06-21,1,Jun-2015
ACC000701,161,DURGAPUR,JLG30K,39308,41636,21414,2015-02-21,Paid Off,Monthly EMI,700013,DURGAPUR-700013,Kavya Reddy,Female,56-63,59,1979-01-29,General,Muslim,RENT,50K-75K,Salaried,775,XLG,Services, 36 months,0.1065,B,B2,DURGAPUR,201-DBS,HOWRAH,WB,WB,WEST BENGAL,PASCHIM BARDHHAMAN,700013,10037-RAJESH PRATAP,Low,40166,41777,39082,34.42,3010.06,N,N,1,Very Late,0,0,1,2015-02-21,1,Feb-2015
ACC000702,867,KURUKSHETRA,JLG35K,7398,39016,43715,2022-08-06,Fully Paid,Quarterly EMI,70364,KURUKSHETRA-70364,Vivaan Gupta,Female,46-55,50,1979-01-29,ST,Sikh,RENT,50K-75K,Self-Employed,768,XLG,Trade, 36 months,0.0991,B,B1,KURUKSHETRA,206-DBS,KARNAL,HR,HR,HARYANA,KURUKSHETRA,70364,10028-AAYUSH PANDEY,Medium,7492,39070,7304,24.35,3739.55,N,N,1,On-Time,0,0,1,2015-01-22,0,Aug-2022
ACC000703,69,KAROND,JLG35K,10968,20515,37947,2023-06-03,Fully Paid,Quarterly EMI,1320004,KAROND-1320004,Nisha Patel,Female,18-25,21,1979-01-29,General,Hindu,RENT,25K-50K,Salaried,800,XLG,Trade, 36 months,0.0991,B,B1,KAROND,200-DBS,BHOPAL,MP,MP,MADHYA PRADESH,BHOPAL,1320004,12758-ROHIT KUMAR JAISWAL,Medium,10692,20873,10829,3.34,867.71,N,N,2,On-Time,0,0,1,2016-03-27,0,Jun-2023
ACC000704,191,AGRA,JLG35K,33515,36313,27656,2019-07-02,Fully Paid,Quarterly EMI,140056,AGRA-140056,Aditya Verma,Female,36-45,40,1979-01-29,Minority,Muslim,RENT,50K-75K,Salaried,714,XLG,Trade, 36 months,0.0991,B,B1,AGRA,176-DBS,BULANDSHAHR,UP,UP,UTTAR PRADESH,AGRA,140056,10161-RAM AVTAR,Medium,35275,37475,33023,28.87,590.87,N,N,1,On-Time,0,0,1,2015-07-11,0,Jul-2019
ACC000705,225,JALANDHAR,JLG29K,20132,40935,19109,2015-01-15,Default,Quarterly EMI,160051,JALANDHAR-160051,Meera Verma,Female,26-35,34,1979-01-29,ST,Sikh,RENT,100K+,Self-Employed,464,XLG,Trade, 60 months,0.1727,D,D3,JALANDHAR,102-DBS,LUDHIANA,PB,PB,PUNJAB,JALANDHAR,160051,10067-AKSHAY KUMAR,Low,19913,42405,19874,42.31,4533.5,N,N,1,On-Time,0,0,1,2015-01-15,1,Jan-2015
ACC000706,115,DHURI,JLG30K,7469,27906,40447,2021-01-03,Paid Off,Quarterly EMI,1030063,DHURI-1030063,Laksh Malhotra,Female,36-45,38,1979-01-29,ST,Sikh,MORTGAGE,50K-75K,Salaried,485,XLG,Services, 36 months,0.1065,B,B2,DHURI,102-DBS,LUDHIANA,PB,PB,PUNJAB,SANGRUR,1030063,12058-DEEPAK KUMAR,Low,8847,28463,7343,3.9,278.12,Y,N,0,Very Late,0,1,1,2019-04-21,0,Jan-2021
ACC000707,65,DURGAPUR,JLG30K,12885,5147,31713,2019-08-09,Paid Off,Quarterly EMI,700013,DURGAPUR-700013,Aditya Malhotra,Female,46-55,51,1979-01-29,OBC,Hindu,RENT,25K-50K,Self-Employed,389,XLG,Services, 36 months,0.1065,B,B2,DURGAPUR,201-DBS,HOWRAH,WB,WB,WEST BENGAL,PASCHIM BARDHHAMAN,700013,10037-RAJESH PRATAP,Low,12539,5909,12625,44.89,1897.0,N,N,1,Very Late,0,0,1,2016-10-19,0,Aug-2019
ACC000708,413,SANGRUR,JLG45K,25145,23382,4294,2018-01-18,Paid Off,Quarterly EMI,110159,SANGRUR-110159,Meera Reddy,Female,36-45,45,1979-01-29,General,Muslim,MORTGAGE,<25K,Self-Employed,830,XLG,Agriculture, 36 months,0.0751,A,A3,SANGRUR,102-DBS,LUDHIANA,PB,PB,PUNJAB,SANGRUR,110159,10037-RAJESH PRATAP,Low,26174,24629,24965,44.75,3896.25,N,N,1,Late,0,0,1,2018-01-18,1,Jan-2018
ACC000709,889,SANGRUR,JLG35K,40911,16818,39015,2015-05-11,Active,Monthly EMI,110159,SANGRUR-110159,Ishaan Gupta,Female,26-35,28,1979-01-29,SC,Hindu,RENT,100K+,Business,536,XLG,Trade, 36 months,0.0991,B,B1,SANGRUR,102-DBS,LUDHIANA,PB,PB,PUNJAB,SANGRUR,110159,10037-RAJESH PRATAP,Low,42228,16820,40651,0.79,4105.62,N,N,2,On-Time,0,0,1,2015-05-11,1,May-2015
ACC000710,185,ASANSOL,JLG39K,26241,7220,18391,2023-10-24,Paid Off,Quarterly EMI,690076,ASANSOL-690076,Ananya Gupta,Female,46-55,48,1979-01-29,Minority,Muslim,RENT,25K-50K,Business,701,XLG,Agriculture, 36 months,0.0662,A,A2,ASANSOL,201-DBS,HOWRAH,WB,WB,WEST BENGAL,PASCHIM BARDHHAMAN,690076,10035-ABHAY TOMER,Medium,26796,7060,26000,45.77,1855.55,N,N,2,Late,0,0,1,2023-10-24,1,Oct-2023
ACC000711,161,DHURI,JLG35K,49200,31444,28999,2018-07-26,Fully Paid,Quarterly EMI,1030063,DHURI-1030063,Kavya Reddy,Female,56-63,59,1979-01-29,General,Muslim,RENT,50K-75K,Salaried,775,XLG,Trade, 36 months,0.0991,B,B1,DHURI,102-DBS,LUDHIANA,PB,PB,PUNJAB,SANGRUR,1030063,12058-DEEPAK KUMAR,Low,50557,32020,48946,22.56,3469.5,N,N,2,On-Time,0,0,1,2015-02-21,0,Jul-2018
ACC000712,174,PATIALA,JLG35K,25836,30729,5829,2021-05-04,Fully Paid,Monthly EMI,100186,PATIALA-100186,Ananya Malhotra,Female,46-55,54,1979-01-29,Minority,Muslim,RENT,25K-50K,Self-Employed,433,XLG,Trade, 36 months,0.0991,B,B1,PATIALA,102-DBS,LUDHIANA,PB,PB,PUNJAB,PATIALA,100186,10420-MUNENDRA  SINGH,Medium,26534,30449,25629,14.9,798.97,N,N,0,Late,0,0,1,2021-05-04,1,May-2021
ACC000713,76,Mangaldoi,JLG30K,39087,38246,31346,2020-07-16,Active,Monthly EMI,570241,Mangaldoi-570241,Aarav Gupta,Female,26-35,27,1979-01-29,SC,Hindu,OWN,100K+,Salaried,693,XLG,Services, 36 months,0.1065,B,B2,Mangaldoi,208-DBS,GUWAAHATI,AS,AS,ASSAM,Mangaldoi,570241,10961-NAYAN JYOTI SARMAH,Low,40835,38317,38728,13.51,628.54,N,N,2,On-Time,0,0,1,2015-01-19,0,Jul-2020
ACC000714,626,UJJAIN,JLG30K,41479,31732,19094,2022-01-08,Active,Quarterly EMI,1510002,UJJAIN-1510002,Nisha Reddy,Female,36-45,44,1979-01-29,OBC,Hindu,MORTGAGE,75K-100K,Business,815,XLG,Services, 36 months,0.1065,B,B2,UJJAIN,200-DBS,BHOPAL,MP,MP,MADHYA PRADESH,UJJAIN,1510002,12915-FAIZAL KHAN,High,41635,31782,41122,37.09,1963.06,N,N,1,Late,0,0,1,2020-11-20,0,Jan-2022
ACC000715,413,Bardhaman,JLG30K,11547,28244,39771,2021-11-23,Active,Monthly EMI,610198,Bardhaman-610198,Meera Reddy,Female,36-45,45,1979-01-29,General,Muslim,MORTGAGE,<25K,Self-Employed,830,XLG,Services, 36 months,0.1065,B,B2,Bardhaman,201-DBS,HOWRAH,WB,WB,WEST BENGAL,Barddhaman,610198,10035-ABHAY TOMER,Medium,11209,29937,11138,28.08,2821.48,Y,N,2,Very Late,0,1,1,2018-01-18,0,Nov-2021
ACC000716,435,MUKTSAR,JLG30K,37656,30298,26039,2021-06-30,Fully Paid,Quarterly EMI,1110166,MUKTSAR-1110166,Nisha Chopra,Female,46-55,52,1979-01-29,General,Hindu,RENT,100K+,Salaried,322,XLG,Services, 36 months,0.1065,B,B2,MUKTSAR,102-DBS,LUDHIANA,PB,PB,PUNJAB,SRI MUKTSAR SAHIB,1110166,11303-ASHUTOSH KUMAR SUMAN,Medium,39551,29824,37201,2.59,2359.76,Y,N,2,On-Time,0,1,1,2021-06-30,1,Jun-2021
ACC000717,396,PAOTA,JLG30K,17582,49719,37163,2021-11-08,Paid Off,Quarterly EMI,90149,PAOTA-90149,Nisha Malhotra,Female,36-45,36,1979-01-29,SC,Hindu,MORTGAGE,100K+,Self-Employed,489,XLG,Services, 36 months,0.1065,B,B2,PAOTA,301-DBS,JAIPUR,RJ,RJ,RAJASTHAN,jaipur,90149,10043-RAVI MISHRA,Low,18785,49262,17466,18.24,1912.21,N,N,2,On-Time,0,0,1,2017-11-16,0,Nov-2021
ACC000718,254,MUKTSAR,JLG35K,3072,47433,30829,2019-08-07,Paid Off,Monthly EMI,1110166,MUKTSAR-1110166,Laksh Patel,Female,26-35,28,1979-01-29,SC,Hindu,MORTGAGE,75K-100K,Business,844,XLG,Trade, 36 months,0.0991,B,B1,MUKTSAR,102-DBS,LUDHIANA,PB,PB,PUNJAB,SRI MUKTSAR SAHIB,1110166,11303-ASHUTOSH KUMAR SUMAN,Medium,4979,48983,2768,1.94,1130.76,N,N,2,On-Time,0,0,1,2015-07-07,0,Aug-2019
ACC000719,875,CUTTACK,JLG30K,34362,14643,37911,2018-11-07,Fully Paid,Monthly EMI,630081,CUTTACK-630081,Diya Patel,Female,18-25,39,1979-01-29,ST,Sikh,MORTGAGE,<25K,Salaried,476,XLG,Services, 36 months,0.1065,B,B2,CUTTACK,107-DBS,BHUBANESWAR,OR,OR,ODISHA,CUTTACK,630081,12061-PINAKAPANI KANUNGO,High,35834,15523,34038,1.78,2927.42,N,N,0,On-Time,0,0,1,2018-11-07,1,Nov-2018
ACC000720,483,SANGRUR,JLG30K,35102,10636,12540,2023-10-17,Active,Monthly EMI,110159,SANGRUR-110159,Laksh Gupta,Female,46-55,52,1979-01-29,SC,Hindu,RENT,75K-100K,Salaried,584,XLG,Services, 36 months,0.1065,B,B2,SANGRUR,102-DBS,LUDHIANA,PB,PB,PUNJAB,SANGRUR,110159,10037-RAJESH PRATAP,Low,35630,12439,34917,23.88,4097.62,N,N,1,On-Time,0,0,1,2021-11-21,0,Oct-2023
ACC000721,956,CUTTACK,JLG35K,15526,41336,43100,2023-02-07,Fully Paid,Monthly EMI,630081,CUTTACK-630081,Kavya Mehta,Female,26-35,31,1979-01-29,ST,Muslim,RENT,<25K,Self-Employed,466,XLG,Trade, 36 months,0.0991,B,B1,CUTTACK,107-DBS,BHUBANESWAR,OR,OR,ODISHA,CUTTACK,630081,12061-PINAKAPANI KANUNGO,High,15905,42312,15248,45.29,430.05,N,N,1,On-Time,0,0,1,2015-09-11,0,Feb-2023
ACC000722,53,Mathura,JLG30K,13241,39475,5790,2018-12-28,Default,Monthly EMI,910182,Mathura-910182,Meera Chopra,Female,46-55,50,1979-01-29,SC,Hindu,RENT,75K-100K,Salaried,726,XLG,Services, 36 months,0.1065,B,B2,Mathura,176-DBS,BULANDSHAHR,UP,UP,UTTAR PRADESH,MATHURA,910182,10469-MANISH  PANDEY,High,14649,39215,13147,17.44,2024.61,N,N,1,On-Time,0,0,1,2016-05-17,0,Dec-2018
ACC000723,446,SANGRUR,JLG30K,38745,40650,3101,2021-05-18,Fully Paid,Monthly EMI,110159,SANGRUR-110159,Ananya Malhotra,Female,36-45,44,1979-01-29,SC,Hindu,MORTGAGE,<25K,Self-Employed,361,XLG,Services, 36 months,0.1065,B,B2,SANGRUR,102-DBS,LUDHIANA,PB,PB,PUNJAB,SANGRUR,110159,10037-RAJESH PRATAP,Low,39881,42409,38645,26.02,1496.39,Y,N,1,On-Time,0,1,1,2018-03-15,0,May-2021
ACC000724,166,BEHROR,JLG30K,40593,21294,15735,2023-03-21,Paid Off,Monthly EMI,30179,BEHROR-30179,Aditya Reddy,Female,26-35,29,1979-01-29,General,Muslim,RENT,50K-75K,Business,647,XLG,Services, 36 months,0.1065,B,B2,BEHROR,301-DBS,JAIPUR,RJ,RJ,RAJASTHAN,BEHROD,30179,10055-MAHESH KUMAR PATEL,Low,42467,22371,40271,16.37,1458.39,Y,N,2,Very Late,0,1,1,2016-08-09,0,Mar-2023
ACC000725,97,CHHAPRA,JLG30K,20535,31123,32764,2016-08-27,Default,Quarterly EMI,380112,CHHAPRA-380112,Vivaan Mehta,Female,26-35,28,1979-01-29,ST,Sikh,RENT,50K-75K,Salaried,375,XLG,Services, 36 months,0.1065,B,B2,CHHAPRA,209-DBS,PATNA,BR,BR,BIHAR,CHHAPRA,380112,11867-VIKRANT KUMAR VICKY,High,21893,33081,20080,4.8,3691.11,N,N,2,On-Time,0,0,1,2016-08-27,1,Aug-2016
ACC000726,807,Mathura,JLG30K,47561,12633,27668,2018-08-06,Active,Quarterly EMI,910182,Mathura-910182,Laksh Mehta,Female,36-45,44,1975-07-28,General,Muslim,RENT,50K-75K,Salaried,425,XLG,Services, 36 months,0.1065,B,B2,Mathura,176-DBS,BULANDSHAHR,UP,UP,UTTAR PRADESH,MATHURA,910182,10469-MANISH  PANDEY,High,48298,13490,47178,31.28,2939.34,N,N,2,On-Time,0,0,1,2018-08-06,1,Aug-2018
ACC000727,307,DHURI,JLG30K,33430,34658,24046,2020-08-16,Fully Paid,Quarterly EMI,1030063,DHURI-1030063,Aditya Nair,Female,26-35,28,1979-01-29,ST,Sikh,MORTGAGE,100K+,Self-Employed,816,XLG,Services, 36 months,0.1065,B,B2,DHURI,102-DBS,LUDHIANA,PB,PB,PUNJAB,SANGRUR,1030063,12058-DEEPAK KUMAR,Low,35132,34543,33329,42.52,3376.77,N,N,2,Late,0,0,1,2015-03-09,0,Aug-2020
ACC000728,17,JORHAT,JLG45K,26586,17583,11057,2022-04-16,Fully Paid,Monthly EMI,850152,JORHAT-850152,Ananya Gupta,Female,36-45,44,1979-01-29,SC,Hindu,RENT,25K-50K,Business,746,XLG,Agriculture, 36 months,0.0751,A,A3,JORHAT,208-DBS,GUWAAHATI,AS,AS,ASSAM,JORHAT,850152,10961-NAYAN JYOTI SARMAH,High,26290,18356,26477,43.67,2274.84,N,Y,1,Late,1,0,1,2022-04-16,1,Apr-2022
ACC000729,597,DHURI,JLG35K,13737,11495,34236,2015-09-02,Paid Off,Monthly EMI,1030063,DHURI-1030063,Meera Mehta,Female,46-55,49,1979-01-29,Minority,Muslim,MORTGAGE,<25K,Salaried,825,XLG,Trade, 36 months,0.0991,B,B1,DHURI,102-DBS,LUDHIANA,PB,PB,PUNJAB,SANGRUR,1030063,12058-DEEPAK KUMAR,Low,13877,11608,13378,2.2,707.03,N,N,2,On-Time,0,0,1,2015-09-02,1,Sep-2015
ACC000730,957,BILASPUR,JLG30K,37656,33302,35253,2022-12-29,Paid Off,Quarterly EMI,240005,BILASPUR-240005,Diya Chopra,Female,26-35,35,1984-03-20,SC,Hindu,RENT,75K-100K,Self-Employed,567,XLG,Services, 36 months,0.1065,B,B2,BILASPUR,207-DBS,RAIPUR,CG,CG,CHATTISGARH,BILASPUR,240005,10886-MANISH KUMAR DWIVEDI,Low,39171,33834,37316,48.04,3481.61,N,N,0,On-Time,0,0,1,2015-02-22,0,Dec-2022
ACC000731,125,JAMMU,JLG30K,36604,12747,32253,2019-06-11,Paid Off,Monthly EMI,720081,JAMMU-720081,Nisha Reddy,Female,36-45,38,1979-01-29,ST,Sikh,RENT,50K-75K,Self-Employed,552,XLG,Services, 36 months,0.1065,B,B2,JAMMU,201-DBS,LUDHIANA,JK,JK,JAMMU & KASHMIR,JAMMU,720081,10588-POONAM DEVI,High,38339,14067,36211,34.01,3627.86,Y,N,0,Late,0,1,1,2017-01-03,0,Jun-2019
ACC000732,443,BUXAR,JLG35K,36507,4309,10966,2022-06-22,Paid Off,Quarterly EMI,710002,BUXAR-710002,Nisha Chopra,Female,46-55,52,1979-01-29,General,Hindu,RENT,100K+,Salaried,322,XLG,Trade, 36 months,0.0991,B,B1,BUXAR,209-DBS,PATNA,BR,BR,BIHAR,BUXAR,710002,10055-MAHESH KUMAR PATEL,Medium,36311,6216,36245,31.89,3776.1,Y,N,2,On-Time,0,1,1,2022-06-22,1,Jun-2022
ACC000733,896,DHURI,JLG30K,7361,12688,31761,2023-08-25,Paid Off,Quarterly EMI,1030063,DHURI-1030063,Aarav Malhotra,Female,46-55,53,1979-01-29,Minority,Muslim,RENT,25K-50K,Business,812,XLG,Services, 36 months,0.1065,B,B2,DHURI,102-DBS,LUDHIANA,PB,PB,PUNJAB,SANGRUR,1030063,12058-DEEPAK KUMAR,Low,8887,13722,7012,34.88,571.79,N,N,0,On-Time,0,0,1,2020-05-31,0,Aug-2023
ACC000734,609,Mangaldoi,JLG30K,44078,37378,34714,2016-07-02,Fully Paid,Monthly EMI,570241,Mangaldoi-570241,Kavya Reddy,Female,46-55,49,1979-01-29,Minority,Muslim,RENT,<25K,Salaried,442,XLG,Services, 36 months,0.1065,B,B2,Mangaldoi,208-DBS,GUWAAHATI,AS,AS,ASSAM,Mangaldoi,570241,10961-NAYAN JYOTI SARMAH,Low,44540,38963,43680,35.29,3495.38,N,N,2,Late,0,0,1,2016-07-02,1,Jul-2016
ACC000735,469,SIVASAGAR,JLG30K,18969,22278,14039,2017-01-20,Active,Monthly EMI,880038,SIVASAGAR-880038,Ananya Malhotra,Female,46-55,54,1979-01-29,Minority,Muslim,RENT,25K-50K,Self-Employed,433,XLG,Services, 36 months,0.1065,B,B2,SIVASAGAR,208-DBS,GUWAAHATI,AS,AS,ASSAM,SIVASAGAR,880038,12359-SAMIUR RAHMAN,High,19308,22786,18507,47.23,1763.52,N,N,2,On-Time,0,0,1,2017-01-20,1,Jan-2017
ACC000736,139,Mathura,JLG46K,38224,48815,33125,2020-10-31,Fully Paid,Monthly EMI,910182,Mathura-910182,Meera Nair,Female,46-55,50,1979-01-29,ST,Sikh,RENT,25K-50K,Business,664,XLG,Home Loan, 36 months,0.1825,D,D5,Mathura,176-DBS,BULANDSHAHR,UP,UP,UTTAR PRADESH,MATHURA,910182,10469-MANISH  PANDEY,High,40110,48937,38019,9.52,2099.92,N,N,2,On-Time,0,0,1,2019-07-19,0,Oct-2020
ACC000737,30,MAHASAMUND,JLG30K,7623,9909,12123,2016-05-04,Fully Paid,Quarterly EMI,250029,MAHASAMUND-250029,Vivaan Gupta,Female,36-45,38,1979-01-29,General,Hindu,MORTGAGE,75K-100K,Business,517,XLG,Services, 36 months,0.1065,B,B2,MAHASAMUND,207-DBS,RAIPUR,CG,CG,CHATTISGARH,MAHASAMUND,250029,11640-NITISH KUMAR,High,9284,11395,7575,9.81,4791.06,N,N,1,On-Time,0,0,1,2016-05-04,1,May-2016
ACC000738,2,SANGRUR,JLG30K,15187,14105,36037,2018-08-16,Fully Paid,Quarterly EMI,110159,SANGRUR-110159,Meera Chopra,Female,36-45,36,1979-01-29,OBC,Christian,RENT,75K-100K,Self-Employed,419,XLG,Services, 36 months,0.1065,B,B2,SANGRUR,102-DBS,LUDHIANA,PB,PB,PUNJAB,SANGRUR,110159,10037-RAJESH PRATAP,Low,14959,15583,14847,17.07,2614.68,N,N,1,On-Time,0,0,1,2018-08-16,1,Aug-2018
ACC000739,79,BEHROR,JLG30K,24891,46198,15541,2016-10-18,Paid Off,Monthly EMI,30179,BEHROR-30179,Kavya Sharma,Female,26-35,26,1979-01-29,SC,Hindu,RENT,75K-100K,Business,398,XLG,Services, 36 months,0.1065,B,B2,BEHROR,301-DBS,JAIPUR,RJ,RJ,RAJASTHAN,BEHROD,30179,10055-MAHESH KUMAR PATEL,Low,25375,46359,24625,43.86,4343.95,N,N,1,Very Late,0,0,1,2016-10-18,1,Oct-2016
ACC000740,673,BEHROR,JLG30K,6618,16139,18870,2017-09-06,Fully Paid,Quarterly EMI,30179,BEHROR-30179,Kavya Malhotra,Female,36-45,36,1979-01-29,ST,Sikh,RENT,<25K,Salaried,514,XLG,Services, 36 months,0.1065,B,B2,BEHROR,301-DBS,JAIPUR,RJ,RJ,RAJASTHAN,BEHROD,30179,10055-MAHESH KUMAR PATEL,Low,6128,18067,6387,31.45,246.64,N,N,2,On-Time,0,0,1,2017-09-06,1,Sep-2017
ACC000741,108,AGRA,JLG35K,32824,32591,44367,2021-12-12,Paid Off,Quarterly EMI,140056,AGRA-140056,Vivaan Gupta,Female,46-55,50,1979-01-29,ST,Sikh,RENT,50K-75K,Self-Employed,768,XLG,Trade, 36 months,0.0991,B,B1,AGRA,176-DBS,BULANDSHAHR,UP,UP,UTTAR PRADESH,AGRA,140056,10161-RAM AVTAR,Medium,32638,33614,32809,10.16,4459.75,N,N,1,Late,0,0,1,2016-09-18,0,Dec-2021
ACC000742,267,ASANSOL,JLG30K,24398,6425,3784,2020-03-20,Fully Paid,Quarterly EMI,690076,ASANSOL-690076,Vivaan Gupta,Female,46-55,50,1979-01-29,ST,Sikh,RENT,50K-75K,Self-Employed,768,XLG,Services, 36 months,0.1065,B,B2,ASANSOL,201-DBS,HOWRAH,WB,WB,WEST BENGAL,PASCHIM BARDHHAMAN,690076,10035-ABHAY TOMER,Medium,24533,6136,24233,18.55,4285.5,N,N,2,On-Time,0,0,1,2020-03-20,1,Mar-2020
ACC000743,764,BEHROR,JLG30K,22383,23752,30221,2017-05-24,Paid Off,Quarterly EMI,30179,BEHROR-30179,Aditya Joshi,Female,46-55,54,1979-01-29,OBC,Hindu,RENT,50K-75K,Business,357,XLG,Services, 36 months,0.1065,B,B2,BEHROR,301-DBS,JAIPUR,RJ,RJ,RAJASTHAN,BEHROD,30179,10055-MAHESH KUMAR PATEL,Low,23364,25657,21884,18.69,2047.74,N,N,1,Late,0,0,1,2016-09-26,0,May-2017
ACC000744,760,MAWANA,JLG30K,38973,11386,3057,2021-03-16,Active,Quarterly EMI,800018,MAWANA-800018,Nisha Reddy,Female,26-35,33,1979-01-29,ST,Sikh,RENT,100K+,Business,473,XLG,Services, 36 months,0.1065,B,B2,MAWANA,176-DBS,BULANDSHAHR,UP,UP,UTTAR PRADESH,MEERUT,800018,11183-ANIL KUMAR,Medium,39645,11331,38913,0.01,1776.67,N,N,1,Late,0,0,1,2021-01-21,0,Mar-2021
ACC000745,27,DHURI,JLG30K,41141,35665,2354,2017-03-28,Fully Paid,Quarterly EMI,1030063,DHURI-1030063,Kavya Sharma,Female,36-45,42,1975-08-16,General,Hindu,MORTGAGE,50K-75K,Salaried,393,XLG,Services, 36 months,0.1065,B,B2,DHURI,102-DBS,LUDHIANA,PB,PB,PUNJAB,SANGRUR,1030063,12058-DEEPAK KUMAR,Low,42982,36779,41094,28.9,1992.92,N,N,1,On-Time,0,0,1,2017-03-28,1,Mar-2017
ACC000746,683,DHURI,JLG30K,32432,15581,2009,2017-11-08,Fully Paid,Quarterly EMI,1030063,DHURI-1030063,Ananya Reddy,Female,26-35,29,1979-01-29,ST,Sikh,RENT,100K+,Salaried,324,XLG,Services, 36 months,0.1065,B,B2,DHURI,102-DBS,LUDHIANA,PB,PB,PUNJAB,SANGRUR,1030063,12058-DEEPAK KUMAR,Low,33846,15213,32131,2.14,2120.02,N,N,0,Very Late,0,0,1,2016-02-27,0,Nov-2017
ACC000747,580,DHURI,JLG44K,29866,15424,18113,2023-04-17,Paid Off,Quarterly EMI,1030063,DHURI-1030063,Aditya Sharma,Female,26-35,32,1979-01-29,General,Hindu,RENT,50K-75K,Self-Employed,821,XLG,Home Loan, 36 months,0.0662,A,A2,DHURI,102-DBS,LUDHIANA,PB,PB,PUNJAB,SANGRUR,1030063,12058-DEEPAK KUMAR,Low,29850,15256,29615,7.74,1440.71,N,N,2,On-Time,0,0,1,2019-01-28,0,Apr-2023
ACC000748,773,Mathura,JLG44K,25514,45816,8922,2021-03-06,Paid Off,Quarterly EMI,910182,Mathura-910182,Nisha Chopra,Female,46-55,52,1979-01-29,General,Hindu,RENT,100K+,Salaried,322,XLG,Home Loan, 36 months,0.0662,A,A2,Mathura,176-DBS,BULANDSHAHR,UP,UP,UTTAR PRADESH,MATHURA,910182,10469-MANISH  PANDEY,High,27338,46332,25387,22.51,2651.12,N,N,2,On-Time,0,0,1,2021-03-06,1,Mar-2021
ACC000749,380,Mathura,JLG30K,23231,20777,25093,2021-01-02,Active,Monthly EMI,910182,Mathura-910182,Meera Joshi,Female,46-55,53,1979-01-29,ST,Sikh,RENT,<25K,Salaried,529,XLG,Services, 36 months,0.1065,B,B2,Mathura,176-DBS,BULANDSHAHR,UP,UP,UTTAR PRADESH,MATHURA,910182,10469-MANISH  PANDEY,High,25024,20824,22997,2.8,908.84,N,N,2,On-Time,0,0,1,2017-04-22,0,Jan-2021
ACC000750,572,NIMAPADA,JLG35K,45794,44287,38531,2021-05-07,Default,Quarterly EMI,440052,NIMAPADA-440052,Laksh Gupta,Female,46-55,52,1979-01-29,SC,Hindu,RENT,75K-100K,Salaried,584,XLG,Trade, 36 months,0.0991,B,B1,NIMAPADA,107-DBS,BHUBANESWAR,OR,OR,ODISHA,NIMAPADA,440052,12004-SAMIR RANJAN SUTRADHAR,High,47628,45720,45468,29.81,680.34,N,N,0,Very Late,0,0,1,2021-05-07,1,May-2021
ACC000751,476,DURGAPUR,JLG30K,49833,45684,17541,2016-07-10,Paid Off,Quarterly EMI,700013,DURGAPUR-700013,Nisha Reddy,Female,36-45,44,1979-01-29,OBC,Hindu,MORTGAGE,75K-100K,Business,815,XLG,Services, 36 months,0.1065,B,B2,DURGAPUR,201-DBS,HOWRAH,WB,WB,WEST BENGAL,PASCHIM BARDHHAMAN,700013,10037-RAJESH PRATAP,Low,51596,47582,49390,41.4,1781.26,N,N,2,On-Time,0,0,1,2016-07-10,1,Jul-2016
ACC000752,105,PATIALA,JLG30K,3348,11999,14921,2022-10-21,Active,Quarterly EMI,100186,PATIALA-100186,Ananya Mehta,Female,36-45,38,1979-01-29,ST,Sikh,RENT,25K-50K,Salaried,398,XLG,Services, 36 months,0.1065,B,B2,PATIALA,102-DBS,LUDHIANA,PB,PB,PUNJAB,PATIALA,100186,10420-MUNENDRA  SINGH,Medium,5104,11992,3320,17.58,2332.17,N,N,2,On-Time,0,0,1,2017-05-03,0,Oct-2022
ACC000753,271,BUXAR,JLG35K,14312,27122,9182,2015-03-10,Fully Paid,Monthly EMI,710002,BUXAR-710002,Meera Mehta,Female,36-45,45,1979-01-29,Minority,Muslim,RENT,75K-100K,Business,357,XLG,Trade, 36 months,0.0991,B,B1,BUXAR,209-DBS,PATNA,BR,BR,BIHAR,BUXAR,710002,10055-MAHESH KUMAR PATEL,Medium,14870,28651,14133,3.62,4349.57,Y,N,1,On-Time,0,1,1,2015-03-10,1,Mar-2015
ACC000754,973,Mathura,JLG50K,28082,15499,13136,2023-12-03,Fully Paid,Monthly EMI,910182,Mathura-910182,Nisha Joshi,Female,46-55,48,1979-01-29,General,Hindu,MORTGAGE,50K-75K,Business,657,XLG,Home Loan, 60 months,0.1991,E,E4,Mathura,176-DBS,BULANDSHAHR,UP,UP,UTTAR PRADESH,MATHURA,910182,10469-MANISH  PANDEY,High,29397,16493,28026,25.01,1456.79,Y,N,1,On-Time,0,1,1,2023-12-03,1,Dec-2023
ACC000755,323,DIBRUGARH,JLG30K,11600,7766,5528,2015-10-28,Active,Quarterly EMI,1050013,DIBRUGARH-1050013,Nisha Patel,Female,36-45,41,1979-01-29,General,Hindu,RENT,100K+,Salaried,399,XLG,Services, 36 months,0.1065,B,B2,DIBRUGARH,208-DBS,GUWAAHATI,AS,AS,ASSAM,DIBRUGARH,1050013,10961-NAYAN JYOTI SARMAH,Low,12923,9580,11449,37.03,4040.77,N,N,1,On-Time,0,0,1,2015-10-28,1,Oct-2015
ACC000756,250,BULANDSHAHR,JLG30K,37989,42617,11456,2019-11-06,Paid Off,Monthly EMI,10068,BULANDSHAHR-10068,Meera Joshi,Female,36-45,42,1979-01-29,ST,Sikh,RENT,25K-50K,Salaried,534,XLG,Services, 36 months,0.1065,B,B2,BULANDSHAHR,176-DBS,BULANDSHAHR,UP,UP,UTTAR PRADESH,BULANDSHAHAR,10068,10057-NANDI SHANKAR,High,39153,43203,37693,30.75,1361.63,N,N,1,On-Time,0,0,1,2017-07-29,0,Nov-2019
ACC000757,381,FATEHGARH SAHIB,JLG35K,34370,49870,35482,2019-09-23,Paid Off,Monthly EMI,120676,FATEHGARH SAHIB-120676,Aditya Verma,Female,36-45,40,1979-01-29,Minority,Muslim,RENT,50K-75K,Salaried,714,XLG,Trade, 36 months,0.0991,B,B1,FATEHGARH SAHIB,102-DBS,LUDHIANA,PB,PB,PUNJAB,FATEHGARH SAHIB,120676,10037-RAJESH PRATAP,Medium,34138,51651,33946,13.41,3614.19,N,N,1,On-Time,0,0,1,2015-12-15,0,Sep-2019
ACC000758,355,DHURI,JLG30K,19449,27974,25714,2019-09-13,Fully Paid,Monthly EMI,1030063,DHURI-1030063,Ishaan Patel,Female,36-45,39,1979-01-29,Minority,Muslim,RENT,75K-100K,Self-Employed,472,XLG,Services, 36 months,0.1065,B,B2,DHURI,102-DBS,LUDHIANA,PB,PB,PUNJAB,SANGRUR,1030063,12058-DEEPAK KUMAR,Low,20010,28838,19066,31.27,4463.74,Y,N,0,On-Time,0,1,1,2017-10-05,0,Sep-2019
ACC000759,911,DHURI,JLG35K,28680,16537,32898,2019-07-08,Paid Off,Monthly EMI,1030063,DHURI-1030063,Meera Chopra,Female,46-55,53,1979-01-29,ST,Sikh,RENT,75K-100K,Business,551,XLG,Trade, 36 months,0.0991,B,B1,DHURI,102-DBS,LUDHIANA,PB,PB,PUNJAB,SANGRUR,1030063,12058-DEEPAK KUMAR,Low,29182,17518,28614,45.8,3966.51,N,N,1,On-Time,0,0,1,2016-11-03,0,Jul-2019
ACC000760,506,BEHROR,JLG50K,14156,31254,8957,2023-09-29,Paid Off,Quarterly EMI,30179,BEHROR-30179,Aarav Malhotra,Female,46-55,53,1979-01-29,Minority,Muslim,RENT,25K-50K,Business,812,XLG,Home Loan, 60 months,0.1991,E,E4,BEHROR,301-DBS,JAIPUR,RJ,RJ,RAJASTHAN,BEHROD,30179,10055-MAHESH KUMAR PATEL,Low,14497,31841,13873,30.09,3314.6,N,N,1,Late,0,0,1,2016-10-10,0,Sep-2023
ACC000761,465,HAPUR,JLG46K,15983,42259,35042,2023-12-01,Paid Off,Monthly EMI,210563,HAPUR-210563,Meera Joshi,Female,36-45,42,1979-01-29,ST,Sikh,RENT,25K-50K,Salaried,534,XLG,Home Loan, 36 months,0.1825,D,D5,HAPUR,176-DBS,BULANDSHAHR,UP,UP,UTTAR PRADESH,HAPUR,210563,10183-RISHABH PANT,Low,17732,43260,15950,4.39,4401.61,N,N,2,On-Time,0,0,1,2016-02-03,0,Dec-2023
ACC000762,670,MUKTSAR,JLG30K,40253,2316,22923,2019-02-23,Fully Paid,Quarterly EMI,1110166,MUKTSAR-1110166,Laksh Patel,Female,36-45,44,1974-05-25,ST,Hindu,RENT,<25K,Self-Employed,342,XLG,Services, 36 months,0.1065,B,B2,MUKTSAR,102-DBS,LUDHIANA,PB,PB,PUNJAB,SRI MUKTSAR SAHIB,1110166,11303-ASHUTOSH KUMAR SUMAN,Medium,40192,2867,39903,32.78,225.68,N,N,2,On-Time,0,0,1,2015-05-19,0,Feb-2019
ACC000763,466,BULANDSHAHR,JLG30K,7490,38275,12303,2015-11-18,Fully Paid,Quarterly EMI,10068,BULANDSHAHR-10068,Laksh Patel,Female,46-55,46,1979-01-29,General,Hindu,RENT,50K-75K,Business,467,XLG,Services, 36 months,0.1065,B,B2,BULANDSHAHR,176-DBS,BULANDSHAHR,UP,UP,UTTAR PRADESH,BULANDSHAHAR,10068,10057-NANDI SHANKAR,High,7964,40076,7303,5.06,1700.52,Y,N,0,On-Time,0,1,1,2015-11-18,1,Nov-2015
ACC000764,958,MAWANA,JLG46K,23407,40571,33211,2023-07-12,Active,Quarterly EMI,800018,MAWANA-800018,Ishaan Mehta,Female,36-45,39,1979-01-29,OBC,Hindu,OWN,50K-75K,Self-Employed,812,XLG,Home Loan, 36 months,0.1825,D,D5,MAWANA,176-DBS,BULANDSHAHR,UP,UP,UTTAR PRADESH,MEERUT,800018,11183-ANIL KUMAR,Medium,23743,42367,22991,44.7,3562.37,N,N,0,On-Time,0,0,1,2016-10-26,0,Jul-2023
ACC000765,641,PATIALA,JLG30K,11746,25622,4128,2023-10-21,Paid Off,Monthly EMI,100186,PATIALA-100186,Meera Patel,Female,26-35,28,1991-03-29,ST,Sikh,RENT,25K-50K,Salaried,432,XLG,Services, 36 months,0.1065,B,B2,PATIALA,102-DBS,LUDHIANA,PB,PB,PUNJAB,PATIALA,100186,10420-MUNENDRA  SINGH,Medium,13526,27187,11599,0.5,3961.64,N,N,2,On-Time,0,0,1,2023-10-21,1,Oct-2023
ACC000766,947,DURGAPUR,JLG30K,8830,24585,9330,2019-10-27,Fully Paid,Monthly EMI,700013,DURGAPUR-700013,Kavya Mehta,Female,26-35,31,1979-01-29,ST,Muslim,RENT,<25K,Self-Employed,466,XLG,Services, 36 months,0.1065,B,B2,DURGAPUR,201-DBS,HOWRAH,WB,WB,WEST BENGAL,PASCHIM BARDHHAMAN,700013,10037-RAJESH PRATAP,Low,10826,26225,8430,28.12,602.26,N,N,0,On-Time,0,0,1,2017-10-09,0,Oct-2019
ACC000767,406,MUKTSAR,JLG29K,9200,24769,43536,2021-11-14,Active,Monthly EMI,1110166,MUKTSAR-1110166,Ananya Reddy,Female,18-25,39,1979-01-29,General,Muslim,MORTGAGE,<25K,Self-Employed,660,XLG,Trade, 60 months,0.1727,D,D3,MUKTSAR,102-DBS,LUDHIANA,PB,PB,PUNJAB,SRI MUKTSAR SAHIB,1110166,11303-ASHUTOSH KUMAR SUMAN,Medium,10602,25954,8874,21.09,3515.68,N,N,2,On-Time,0,0,1,2017-05-09,0,Nov-2021
ACC000768,695,MUKTSAR,JLG30K,13834,16957,18939,2020-05-28,Fully Paid,Monthly EMI,1110166,MUKTSAR-1110166,Meera Mehta,Female,36-45,45,1979-01-29,Minority,Muslim,RENT,75K-100K,Business,357,XLG,Services, 36 months,0.1065,B,B2,MUKTSAR,102-DBS,LUDHIANA,PB,PB,PUNJAB,SRI MUKTSAR SAHIB,1110166,11303-ASHUTOSH KUMAR SUMAN,Medium,15011,16675,13756,1.11,3685.11,N,N,0,On-Time,0,0,1,2020-05-28,1,May-2020
ACC000769,396,JALANDHAR,JLG30K,10350,46367,10315,2020-07-01,Default,Quarterly EMI,160051,JALANDHAR-160051,Nisha Malhotra,Female,36-45,36,1979-01-29,SC,Hindu,MORTGAGE,100K+,Self-Employed,489,XLG,Services, 36 months,0.1065,B,B2,JALANDHAR,102-DBS,LUDHIANA,PB,PB,PUNJAB,JALANDHAR,160051,10067-AKSHAY KUMAR,Low,11374,46288,9905,13.74,3930.64,N,N,1,On-Time,0,0,1,2017-11-16,0,Jul-2020
ACC000770,138,NIMAPADA,JLG46K,10774,34051,39651,2018-01-31,Fully Paid,Quarterly EMI,440052,NIMAPADA-440052,Ananya Nair,Female,36-45,39,1979-01-29,ST,Sikh,RENT,75K-100K,Business,795,XLG,Home Loan, 36 months,0.1825,D,D5,NIMAPADA,107-DBS,BHUBANESWAR,OR,OR,ODISHA,NIMAPADA,440052,12004-SAMIR RANJAN SUTRADHAR,High,12153,33772,10283,42.01,4876.89,N,N,2,Late,0,0,1,2015-04-12,0,Jan-2018
ACC000771,636,BEHROR,JLG30K,35980,2833,3163,2023-03-29,Active,Quarterly EMI,30179,BEHROR-30179,Vivaan Patel,Female,46-55,51,1979-01-29,SC,Hindu,MORTGAGE,100K+,Business,375,XLG,Services, 36 months,0.1065,B,B2,BEHROR,301-DBS,JAIPUR,RJ,RJ,RAJASTHAN,BEHROD,30179,10055-MAHESH KUMAR PATEL,Low,36307,4800,35590,25.02,255.94,N,N,0,On-Time,0,0,1,2021-12-02,0,Mar-2023
ACC000772,222,Mathura,JLG45K,11203,22867,23500,2018-01-14,Active,Monthly EMI,910182,Mathura-910182,Ananya Sharma,Female,26-35,29,1979-01-29,General,Hindu,MORTGAGE,<25K,Self-Employed,712,XLG,Agriculture, 36 months,0.0751,A,A3,Mathura,176-DBS,BULANDSHAHR,UP,UP,UTTAR PRADESH,MATHURA,910182,10469-MANISH  PANDEY,High,10761,23074,11036,28.47,1257.85,N,N,2,Very Late,0,0,1,2018-01-14,1,Jan-2018
ACC000773,557,TEZPUR,JLG30K,38599,28348,34473,2018-01-16,Paid Off,Monthly EMI,680026,TEZPUR-680026,Diya Malhotra,Female,18-25,21,1979-01-29,ST,Sikh,RENT,50K-75K,Self-Employed,493,XLG,Services, 36 months,0.1065,B,B2,TEZPUR,208-DBS,GUWAAHATI,AS,AS,ASSAM,SONITPUR,680026,11055-MANAS PROTIM HAZARIKA,Medium,39217,28308,38428,40.94,1575.42,N,N,0,On-Time,0,0,1,2015-09-18,0,Jan-2018
ACC000774,567,DIBRUGARH,JLG30K,32618,48699,5300,2015-04-13,Paid Off,Monthly EMI,1050013,DIBRUGARH-1050013,Laksh Patel,Female,36-45,44,1974-05-25,ST,Hindu,RENT,<25K,Self-Employed,342,XLG,Services, 36 months,0.1065,B,B2,DIBRUGARH,208-DBS,GUWAAHATI,AS,AS,ASSAM,DIBRUGARH,1050013,10961-NAYAN JYOTI SARMAH,Low,32788,50129,32554,48.89,2435.08,N,N,0,On-Time,0,0,1,2015-04-13,1,Apr-2015
ACC000775,72,SEHORE,JLG30K,26536,2013,9887,2023-12-15,Paid Off,Monthly EMI,1440051,SEHORE-1440051,Ananya Sharma,Female,26-35,29,1979-01-29,General,Hindu,MORTGAGE,<25K,Self-Employed,712,XLG,Services, 36 months,0.1065,B,B2,SEHORE,200-DBS,BHOPAL,MP,MP,MADHYA PRADESH,SEHORE,1440051,10063-VIR SINGH,High,28182,2187,26479,38.66,4661.17,N,Y,1,On-Time,1,0,1,2016-08-23,0,Dec-2023
ACC000776,333,HABRA,JLG46K,21883,17832,5798,2020-03-20,Default,Monthly EMI,650051,HABRA-650051,Diya Reddy,Female,36-45,36,1979-01-29,SC,Hindu,MORTGAGE,25K-50K,Business,796,XLG,Home Loan, 36 months,0.1825,D,D5,HABRA,201-DBS,HOWRAH,WB,WB,WEST BENGAL,HABRA,650051,12361-RITESH KUMAR SINHA,Low,23709,19639,21422,16.99,4306.17,N,N,2,Very Late,0,0,1,2020-03-20,1,Mar-2020
ACC000777,223,Mangaldoi,JLG45K,14397,7683,15004,2023-08-14,Fully Paid,Monthly EMI,570241,Mangaldoi-570241,Nisha Patel,Female,36-45,43,1979-01-29,OBC,Hindu,RENT,75K-100K,Self-Employed,798,XLG,Agriculture, 36 months,0.0751,A,A3,Mangaldoi,208-DBS,GUWAAHATI,AS,AS,ASSAM,Mangaldoi,570241,10961-NAYAN JYOTI SARMAH,Low,15845,8887,14074,5.69,2048.51,N,N,2,Very Late,0,0,1,2020-10-12,0,Aug-2023
ACC000778,52,SIRSA,JLG30K,7932,23142,40445,2018-09-04,Active,Quarterly EMI,730084,SIRSA-730084,Laksh Patel,Female,26-35,28,1979-01-29,SC,Hindu,MORTGAGE,75K-100K,Business,844,XLG,Services, 36 months,0.1065,B,B2,SIRSA,206-DBS,KARNAL,HR,HR,HARYANA,SIRSA,730084,10149-ABHISHEK MAURYA,Medium,8076,23443,7789,13.89,538.68,Y,N,2,On-Time,0,1,1,2018-09-04,1,Sep-2018
ACC000779,979,JORHAT,JLG30K,3109,20644,43865,2018-11-12,Default,Quarterly EMI,850152,JORHAT-850152,Ananya Malhotra,Female,36-45,44,1979-01-29,SC,Hindu,MORTGAGE,<25K,Self-Employed,361,XLG,Services, 36 months,0.1065,B,B2,JORHAT,208-DBS,GUWAAHATI,AS,AS,ASSAM,JORHAT,850152,10961-NAYAN JYOTI SARMAH,High,2875,20456,2616,25.37,3932.06,N,N,0,Late,0,0,1,2016-10-23,0,Nov-2018
ACC000780,654,SANGRUR,JLG30K,19325,48586,26941,2017-07-08,Default,Monthly EMI,110159,SANGRUR-110159,Meera Patel,Female,26-35,28,1979-01-29,SC,Hindu,RENT,25K-50K,Business,385,XLG,Services, 36 months,0.1065,B,B2,SANGRUR,102-DBS,LUDHIANA,PB,PB,PUNJAB,SANGRUR,110159,10037-RAJESH PRATAP,Low,20917,48748,19239,13.34,1085.19,N,N,0,On-Time,0,0,1,2017-07-08,1,Jul-2017
ACC000781,997,Mathura,JLG30K,5582,33634,41508,2016-09-01,Active,Quarterly EMI,910182,Mathura-910182,Diya Malhotra,Female,18-25,21,1979-01-29,ST,Sikh,RENT,50K-75K,Self-Employed,493,XLG,Services, 36 months,0.1065,B,B2,Mathura,176-DBS,BULANDSHAHR,UP,UP,UTTAR PRADESH,MATHURA,910182,10469-MANISH  PANDEY,High,6351,35247,5260,47.02,3732.71,Y,N,1,On-Time,0,1,1,2016-09-01,1,Sep-2016
ACC000782,46,Mathura,JLG30K,45629,47017,28083,2023-06-17,Fully Paid,Quarterly EMI,910182,Mathura-910182,Aditya Reddy,Female,36-45,38,1979-01-29,OBC,Hindu,MORTGAGE,25K-50K,Salaried,635,XLG,Services, 36 months,0.1065,B,B2,Mathura,176-DBS,BULANDSHAHR,UP,UP,UTTAR PRADESH,MATHURA,910182,10469-MANISH  PANDEY,High,47176,46873,45617,22.66,4497.48,N,N,1,On-Time,0,0,1,2022-01-21,0,Jun-2023
ACC000783,405,AGRA,JLG35K,16656,27592,43521,2023-06-03,Active,Monthly EMI,140056,AGRA-140056,Kavya Gupta,Female,36-45,43,1979-01-29,Minority,Muslim,RENT,<25K,Self-Employed,528,XLG,Trade, 36 months,0.0991,B,B1,AGRA,176-DBS,BULANDSHAHR,UP,UP,UTTAR PRADESH,AGRA,140056,10161-RAM AVTAR,Medium,16504,27920,16537,4.74,1513.3,N,N,1,On-Time,0,0,1,2020-05-29,0,Jun-2023
ACC000784,605,DHURI,JLG29K,49422,30674,5283,2021-05-28,Paid Off,Quarterly EMI,1030063,DHURI-1030063,Aarav Malhotra,Female,46-55,47,1979-01-29,Minority,Muslim,RENT,<25K,Salaried,526,XLG,Trade, 60 months,0.1727,D,D3,DHURI,102-DBS,LUDHIANA,PB,PB,PUNJAB,SANGRUR,1030063,12058-DEEPAK KUMAR,Low,49820,31345,49399,13.62,1865.1,N,N,1,On-Time,0,0,1,2021-05-28,1,May-2021
ACC000785,547,Mangaldoi,JLG35K,17454,3958,19445,2016-12-21,Fully Paid,Quarterly EMI,570241,Mangaldoi-570241,Ishaan Malhotra,Female,18-25,22,1979-01-29,OBC,Hindu,RENT,75K-100K,Salaried,679,XLG,Trade, 36 months,0.0991,B,B1,Mangaldoi,208-DBS,GUWAAHATI,AS,AS,ASSAM,Mangaldoi,570241,10961-NAYAN JYOTI SARMAH,Low,17870,4601,17077,0.16,3521.28,N,N,0,On-Time,0,0,1,2016-12-21,1,Dec-2016
ACC000786,497,DURGAPUR,JLG30K,48921,23416,7398,2018-04-15,Default,Monthly EMI,700013,DURGAPUR-700013,Vivaan Gupta,Female,46-55,46,1979-01-29,ST,Sikh,OWN,75K-100K,Business,481,XLG,Services, 36 months,0.1065,B,B2,DURGAPUR,201-DBS,HOWRAH,WB,WB,WEST BENGAL,PASCHIM BARDHHAMAN,700013,10037-RAJESH PRATAP,Low,49124,22929,48602,24.98,4167.54,N,N,0,On-Time,0,0,1,2016-11-26,0,Apr-2018
ACC000787,633,DHURI,JLG44K,15113,12656,21925,2023-06-22,Active,Monthly EMI,1030063,DHURI-1030063,Kavya Verma,Female,36-45,37,1979-01-29,General,Hindu,RENT,<25K,Self-Employed,479,XLG,Home Loan, 36 months,0.0662,A,A2,DHURI,102-DBS,LUDHIANA,PB,PB,PUNJAB,SANGRUR,1030063,12058-DEEPAK KUMAR,Low,16505,13584,14789,1.82,3168.79,N,N,1,On-Time,0,0,1,2022-05-27,0,Jun-2023
ACC000788,698,SEHORE,JLG35K,11314,31788,27833,2019-09-27,Active,Monthly EMI,1440051,SEHORE-1440051,Aarav Joshi,Female,18-25,22,1997-10-27,General,Hindu,RENT,<25K,Salaried,516,XLG,Trade, 36 months,0.0991,B,B1,SEHORE,200-DBS,BHOPAL,MP,MP,MADHYA PRADESH,SEHORE,1440051,10063-VIR SINGH,High,11327,31626,10992,37.24,737.51,N,N,0,Late,0,0,1,2016-12-15,0,Sep-2019
ACC000789,831,PALWAL,JLG35K,46883,9393,26588,2018-01-15,Fully Paid,Quarterly EMI,20242,PALWAL-20242,Aditya Joshi,Female,46-55,54,1979-01-29,OBC,Hindu,RENT,50K-75K,Business,357,XLG,Trade, 36 months,0.0991,B,B1,PALWAL,206-DBS,KARNAL,HR,HR,HARYANA,PALWAL,20242,10903-HEMANT SHUKLA,Medium,47450,10848,46768,47.08,1382.1,Y,N,1,Late,0,1,1,2017-01-22,0,Jan-2018
ACC000790,829,HABRA,JLG35K,46527,7447,8393,2016-11-16,Fully Paid,Monthly EMI,650051,HABRA-650051,Meera Nair,Female,36-45,43,1979-01-29,SC,Hindu,MORTGAGE,<25K,Salaried,453,XLG,Trade, 36 months,0.0991,B,B1,HABRA,201-DBS,HOWRAH,WB,WB,WEST BENGAL,HABRA,650051,12361-RITESH KUMAR SINHA,Low,47079,8872,46040,29.36,2012.1,N,N,1,On-Time,0,0,1,2016-11-16,1,Nov-2016
ACC000791,118,DURGAPUR,JLG30K,36341,44130,37183,2017-05-20,Active,Monthly EMI,700013,DURGAPUR-700013,Meera Patel,Female,26-35,28,1991-03-29,ST,Sikh,RENT,25K-50K,Salaried,432,XLG,Services, 36 months,0.1065,B,B2,DURGAPUR,201-DBS,HOWRAH,WB,WB,WEST BENGAL,PASCHIM BARDHHAMAN,700013,10037-RAJESH PRATAP,Low,37222,45827,36256,22.97,1284.77,N,N,0,On-Time,0,0,1,2017-05-20,1,May-2017
ACC000792,161,BEHROR,JLG30K,48776,20310,44513,2023-01-21,Default,Monthly EMI,30179,BEHROR-30179,Kavya Reddy,Female,56-63,59,1979-01-29,General,Muslim,RENT,50K-75K,Salaried,775,XLG,Services, 36 months,0.1065,B,B2,BEHROR,301-DBS,JAIPUR,RJ,RJ,RAJASTHAN,BEHROD,30179,10055-MAHESH KUMAR PATEL,Low,48979,19988,48314,13.31,1633.25,N,N,0,On-Time,0,0,1,2015-02-21,0,Jan-2023
ACC000793,367,FATEHGARH SAHIB,JLG50K,20093,3733,15912,2019-06-03,Active,Monthly EMI,120676,FATEHGARH SAHIB-120676,Ishaan Malhotra,Female,18-25,22,1979-01-29,OBC,Hindu,RENT,75K-100K,Salaried,679,XLG,Home Loan, 60 months,0.1991,E,E4,FATEHGARH SAHIB,102-DBS,LUDHIANA,PB,PB,PUNJAB,FATEHGARH SAHIB,120676,10037-RAJESH PRATAP,Medium,19886,3983,19980,18.39,602.72,N,N,0,On-Time,0,0,1,2019-06-03,1,Jun-2019
ACC000794,173,DURGAPUR,JLG30K,38423,36569,3692,2016-08-13,Fully Paid,Monthly EMI,700013,DURGAPUR-700013,Meera Malhotra,Female,46-55,50,1979-01-29,Minority,Muslim,RENT,<25K,Salaried,416,XLG,Services, 36 months,0.1065,B,B2,DURGAPUR,201-DBS,HOWRAH,WB,WB,WEST BENGAL,PASCHIM BARDHHAMAN,700013,10037-RAJESH PRATAP,Low,39910,37009,38148,29.17,2190.38,N,N,2,On-Time,0,0,1,2016-08-13,1,Aug-2016
ACC000795,12,Mathura,JLG35K,5389,2689,31100,2020-09-09,Fully Paid,Quarterly EMI,910182,Mathura-910182,Meera Sharma,Female,36-45,45,1979-01-29,OBC,Hindu,OWN,75K-100K,Business,417,XLG,Trade, 36 months,0.0991,B,B1,Mathura,176-DBS,BULANDSHAHR,UP,UP,UTTAR PRADESH,MATHURA,910182,10469-MANISH  PANDEY,High,4985,4381,4981,25.08,2287.79,Y,Y,0,On-Time,1,1,1,2017-04-22,0,Sep-2020
ACC000796,880,BEHROR,JLG35K,27151,28750,40482,2015-04-27,Fully Paid,Monthly EMI,30179,BEHROR-30179,Laksh Sharma,Female,56-63,56,1979-01-29,Minority,Muslim,MORTGAGE,75K-100K,Business,532,XLG,Trade, 36 months,0.0991,B,B1,BEHROR,301-DBS,JAIPUR,RJ,RJ,RAJASTHAN,BEHROD,30179,10055-MAHESH KUMAR PATEL,Low,28382,28768,26852,11.08,1380.1,N,N,1,On-Time,0,0,1,2015-04-27,1,Apr-2015
ACC000797,175,BEHROR,JLG30K,16235,47558,32168,2019-04-10,Paid Off,Quarterly EMI,30179,BEHROR-30179,Meera Mehta,Female,36-45,45,1979-01-29,Minority,Muslim,RENT,75K-100K,Business,357,XLG,Services, 36 months,0.1065,B,B2,BEHROR,301-DBS,JAIPUR,RJ,RJ,RAJASTHAN,BEHROD,30179,10055-MAHESH KUMAR PATEL,Low,17251,47303,15781,37.74,164.66,N,N,0,On-Time,0,0,1,2015-01-03,0,Apr-2019
ACC000798,529,SHAHDOL,JLG35K,10240,11118,40663,2015-09-18,Active,Quarterly EMI,1550006,SHAHDOL-1550006,Ananya Sharma,Female,46-55,52,1979-01-29,Minority,Muslim,RENT,<25K,Business,557,XLG,Trade, 36 months,0.0991,B,B1,SHAHDOL,200-DBS,BHOPAL,MP,MP,MADHYA PRADESH,SHAHDOL,1550006,10021-MAHENDRA PRATAP SINGH,Medium,11478,11066,9834,41.3,2601.89,N,N,0,On-Time,0,0,1,2015-09-18,1,Sep-2015
ACC000799,128,FATEHGARH SAHIB,JLG30K,43152,31190,23127,2021-02-21,Active,Monthly EMI,120676,FATEHGARH SAHIB-120676,Nisha Reddy,Female,26-35,33,1979-01-29,ST,Sikh,RENT,100K+,Business,473,XLG,Services, 36 months,0.1065,B,B2,FATEHGARH SAHIB,102-DBS,LUDHIANA,PB,PB,PUNJAB,FATEHGARH SAHIB,120676,10037-RAJESH PRATAP,Medium,44754,31519,42971,17.25,3442.22,N,N,1,On-Time,0,0,1,2021-02-21,1,Feb-2021
ACC000800,381,MAWANA,JLG30K,48852,13079,38727,2023-07-01,Paid Off,Quarterly EMI,800018,MAWANA-800018,Aditya Verma,Female,36-45,40,1979-01-29,Minority,Muslim,RENT,50K-75K,Salaried,714,XLG,Services, 36 months,0.1065,B,B2,MAWANA,176-DBS,BULANDSHAHR,UP,UP,UTTAR PRADESH,MEERUT,800018,11183-ANIL KUMAR,Medium,49860,13301,48836,44.23,3761.03,N,N,0,On-Time,0,0,1,2015-12-15,0,Jul-2023
ACC000801,526,PATIALA,JLG30K,47354,25344,12916,2023-02-08,Paid Off,Quarterly EMI,100186,PATIALA-100186,Kavya Malhotra,Female,26-35,34,1979-01-29,ST,Sikh,MORTGAGE,75K-100K,Business,328,XLG,Services, 36 months,0.1065,B,B2,PATIALA,102-DBS,LUDHIANA,PB,PB,PUNJAB,PATIALA,100186,10420-MUNENDRA  SINGH,Medium,47821,25246,47274,15.72,819.78,N,N,1,On-Time,0,0,1,2023-02-08,1,Feb-2023
ACC000802,131,MUKTSAR,JLG35K,43312,44676,4627,2019-10-13,Active,Quarterly EMI,1110166,MUKTSAR-1110166,Kavya Patel,Female,36-45,36,1979-01-29,ST,Sikh,RENT,100K+,Business,692,XLG,Trade, 36 months,0.0991,B,B1,MUKTSAR,102-DBS,LUDHIANA,PB,PB,PUNJAB,SRI MUKTSAR SAHIB,1110166,11303-ASHUTOSH KUMAR SUMAN,Medium,43517,45839,42960,13.21,1248.29,N,N,2,On-Time,0,0,1,2019-10-13,1,Oct-2019
ACC000803,546,FATEHGARH SAHIB,JLG40K,33128,4949,9330,2021-11-09,Fully Paid,Monthly EMI,120676,FATEHGARH SAHIB-120676,Kavya Gupta,Female,36-45,39,1979-01-29,OBC,Hindu,RENT,50K-75K,Salaried,692,XLG,Services, 36 months,0.1727,D,D3,FATEHGARH SAHIB,102-DBS,LUDHIANA,PB,PB,PUNJAB,FATEHGARH SAHIB,120676,10037-RAJESH PRATAP,Medium,35000,6789,32709,42.32,366.73,N,N,1,On-Time,0,0,1,2016-08-11,0,Nov-2021
ACC000804,383,SEHORE,JLG50K,45774,25003,10725,2019-10-24,Fully Paid,Monthly EMI,1440051,SEHORE-1440051,Ishaan Mehta,Female,36-45,39,1979-01-29,OBC,Hindu,OWN,50K-75K,Self-Employed,812,XLG,Home Loan, 60 months,0.1991,E,E4,SEHORE,200-DBS,BHOPAL,MP,MP,MADHYA PRADESH,SEHORE,1440051,10063-VIR SINGH,High,47384,26055,45295,43.43,2432.83,N,N,0,On-Time,0,0,1,2019-10-24,1,Oct-2019
ACC000805,109,Mangaldoi,JLG35K,49401,38791,17527,2022-04-10,Paid Off,Quarterly EMI,570241,Mangaldoi-570241,Ananya Mehta,Female,26-35,30,1979-01-29,ST,Sikh,RENT,75K-100K,Business,783,XLG,Trade, 36 months,0.0991,B,B1,Mangaldoi,208-DBS,GUWAAHATI,AS,AS,ASSAM,Mangaldoi,570241,10961-NAYAN JYOTI SARMAH,Low,51384,40425,49245,45.48,3168.87,N,N,2,On-Time,0,0,1,2019-09-14,0,Apr-2022
ACC000806,729,MAWANA,JLG35K,26134,32790,5243,2016-06-28,Default,Monthly EMI,800018,MAWANA-800018,Kavya Mehta,Female,36-45,45,1973-03-14,General,Muslim,OWN,50K-75K,Business,490,XLG,Trade, 36 months,0.0991,B,B1,MAWANA,176-DBS,BULANDSHAHR,UP,UP,UTTAR PRADESH,MEERUT,800018,11183-ANIL KUMAR,Medium,28076,33622,25770,34.35,991.82,Y,N,0,On-Time,0,1,1,2016-01-08,0,Jun-2016
ACC000807,485,DHURI,JLG35K,35412,29304,12616,2021-06-14,Fully Paid,Monthly EMI,1030063,DHURI-1030063,Laksh Gupta,Female,36-45,36,1979-01-29,General,Muslim,OWN,<25K,Business,807,XLG,Trade, 36 months,0.0991,B,B1,DHURI,102-DBS,LUDHIANA,PB,PB,PUNJAB,SANGRUR,1030063,12058-DEEPAK KUMAR,Low,36539,29349,35079,31.67,1915.26,N,N,0,On-Time,0,0,1,2019-02-21,0,Jun-2021
ACC000808,476,FATEHGARH SAHIB,JLG30K,10687,23290,9743,2023-09-05,Paid Off,Quarterly EMI,120676,FATEHGARH SAHIB-120676,Nisha Reddy,Female,36-45,44,1979-01-29,OBC,Hindu,MORTGAGE,75K-100K,Business,815,XLG,Services, 36 months,0.1065,B,B2,FATEHGARH SAHIB,102-DBS,LUDHIANA,PB,PB,PUNJAB,FATEHGARH SAHIB,120676,10037-RAJESH PRATAP,Medium,11135,24551,10350,43.48,2178.01,N,N,2,On-Time,0,0,1,2016-07-10,0,Sep-2023
ACC000809,840,MUKTSAR,JLG30K,46870,10576,41236,2015-01-29,Active,Monthly EMI,1110166,MUKTSAR-1110166,Diya Reddy,Female,36-45,36,1979-01-29,SC,Hindu,MORTGAGE,25K-50K,Business,796,XLG,Services, 36 months,0.1065,B,B2,MUKTSAR,102-DBS,LUDHIANA,PB,PB,PUNJAB,SRI MUKTSAR SAHIB,1110166,11303-ASHUTOSH KUMAR SUMAN,Medium,46451,10243,46399,26.0,3919.72,N,N,2,Very Late,0,0,1,2015-01-29,1,Jan-2015
ACC000810,403,PANIPAT,JLG30K,13157,41385,21738,2018-04-21,Fully Paid,Quarterly EMI,60004,PANIPAT-60004,Aarav Reddy,Female,46-55,55,1979-01-29,General,Muslim,MORTGAGE,<25K,Self-Employed,750,XLG,Services, 36 months,0.1065,B,B2,PANIPAT,206-DBS,KARNAL,HR,HR,HARYANA,PANIPAT,60004,10204-SAIF  ALI,Medium,13199,41907,12665,3.99,365.46,Y,N,1,On-Time,0,1,1,2016-09-08,0,Apr-2018
ACC000811,45,DHURI,JLG30K,41045,30043,24022,2023-02-11,Paid Off,Monthly EMI,1030063,DHURI-1030063,Laksh Reddy,Female,26-35,31,1979-01-29,SC,Hindu,RENT,25K-50K,Salaried,315,XLG,Services, 36 months,0.1065,B,B2,DHURI,102-DBS,LUDHIANA,PB,PB,PUNJAB,SANGRUR,1030063,12058-DEEPAK KUMAR,Low,41600,30969,41042,17.12,1462.94,N,N,1,On-Time,0,0,1,2023-02-11,1,Feb-2023
ACC000812,191,BEHROR,JLG35K,46653,44115,10825,2015-07-11,Active,Monthly EMI,30179,BEHROR-30179,Aditya Verma,Female,36-45,40,1979-01-29,Minority,Muslim,RENT,50K-75K,Salaried,714,XLG,Trade, 36 months,0.0991,B,B1,BEHROR,301-DBS,JAIPUR,RJ,RJ,RAJASTHAN,BEHROD,30179,10055-MAHESH KUMAR PATEL,Low,48420,44479,46269,43.95,3945.23,N,N,1,On-Time,0,0,1,2015-07-11,1,Jul-2015
ACC000813,21,KARNAL,JLG30K,37046,49372,22650,2022-02-18,Fully Paid,Quarterly EMI,50678,KARNAL-50678,Nisha Patel,Female,26-35,34,1979-01-29,SC,Hindu,RENT,75K-100K,Salaried,734,XLG,Services, 36 months,0.1065,B,B2,KARNAL,206-DBS,KARNAL,HR,HR,HARYANA,KARNAL,50678,10282-NAIM ALI,Medium,37052,51244,36681,17.62,836.48,Y,N,2,Late,0,1,1,2021-04-29,0,Feb-2022
ACC000814,928,Mangaldoi,JLG35K,38496,11173,34231,2023-09-26,Paid Off,Quarterly EMI,570241,Mangaldoi-570241,Nisha Verma,Female,26-35,35,1979-01-29,SC,Hindu,RENT,75K-100K,Salaried,792,XLG,Trade, 36 months,0.0991,B,B1,Mangaldoi,208-DBS,GUWAAHATI,AS,AS,ASSAM,Mangaldoi,570241,10961-NAYAN JYOTI SARMAH,Low,39168,11426,38425,39.81,990.96,N,N,2,On-Time,0,0,1,2018-10-08,0,Sep-2023
ACC000815,760,BULANDSHAHR,JLG30K,31766,14247,21451,2021-01-21,Paid Off,Monthly EMI,10068,BULANDSHAHR-10068,Nisha Reddy,Female,26-35,33,1979-01-29,ST,Sikh,RENT,100K+,Business,473,XLG,Services, 36 months,0.1065,B,B2,BULANDSHAHR,176-DBS,BULANDSHAHR,UP,UP,UTTAR PRADESH,BULANDSHAHAR,10068,10057-NANDI SHANKAR,High,32465,14409,31564,36.58,923.17,N,N,2,On-Time,0,0,1,2021-01-21,1,Jan-2021
ACC000816,255,GUWAHATI,JLG30K,48744,6358,17635,2020-01-13,Paid Off,Quarterly EMI,560090,GUWAHATI-560090,Kavya Gupta,Female,36-45,45,1979-01-29,General,Hindu,RENT,75K-100K,Self-Employed,773,XLG,Services, 36 months,0.1065,B,B2,GUWAHATI,208-DBS,GUWAAHATI,AS,AS,ASSAM,Guwahati,560090,11955-LEKHAN KONWAR,Medium,50668,6950,48254,42.51,1069.51,N,N,2,On-Time,0,0,1,2020-01-13,1,Jan-2020
ACC000817,333,VARANASI,JLG35K,14907,19882,19134,2022-05-26,Fully Paid,Quarterly EMI,1280108,VARANASI-1280108,Diya Reddy,Female,36-45,36,1979-01-29,SC,Hindu,MORTGAGE,25K-50K,Business,796,XLG,Trade, 36 months,0.0991,B,B1,VARANASI,176-DBS,VARANASI,UP,UP,UTTAR PRADESH,VARANASI,1280108,10568-RAJU RANJAN RAY,Medium,15517,20299,14574,1.93,2408.03,N,N,0,On-Time,0,0,1,2020-03-20,0,May-2022
ACC000818,629,BEHROR,JLG30K,9899,9048,24011,2017-06-19,Paid Off,Quarterly EMI,30179,BEHROR-30179,Nisha Chopra,Female,46-55,49,1979-01-29,SC,Hindu,RENT,75K-100K,Business,641,XLG,Services, 36 months,0.1065,B,B2,BEHROR,301-DBS,JAIPUR,RJ,RJ,RAJASTHAN,BEHROD,30179,10055-MAHESH KUMAR PATEL,Low,11629,8637,9539,30.01,4050.84,N,N,0,Very Late,0,0,1,2017-06-19,1,Jun-2017
ACC000819,845,JALANDHAR,JLG30K,22540,37864,43801,2018-05-19,Fully Paid,Quarterly EMI,160051,JALANDHAR-160051,Meera Nair,Female,36-45,43,1979-01-29,SC,Hindu,MORTGAGE,<25K,Salaried,453,XLG,Services, 36 months,0.1065,B,B2,JALANDHAR,102-DBS,LUDHIANA,PB,PB,PUNJAB,JALANDHAR,160051,10067-AKSHAY KUMAR,Low,24238,39560,22474,38.1,4313.29,N,N,2,Very Late,0,0,1,2017-09-30,0,May-2018
ACC000820,294,PATIALA,JLG30K,9977,10551,23435,2020-02-20,Fully Paid,Quarterly EMI,100186,PATIALA-100186,Kavya Chopra,Female,18-25,23,1979-01-29,General,Hindu,RENT,75K-100K,Business,588,XLG,Services, 36 months,0.1065,B,B2,PATIALA,102-DBS,LUDHIANA,PB,PB,PUNJAB,PATIALA,100186,10420-MUNENDRA  SINGH,Medium,11349,10348,9791,42.02,733.3,N,N,1,On-Time,0,0,1,2015-02-21,0,Feb-2020
ACC000821,913,BULANDSHAHR,JLG35K,38162,11795,23903,2015-02-05,Paid Off,Quarterly EMI,10068,BULANDSHAHR-10068,Laksh Nair,Female,46-55,51,1979-01-29,General,Muslim,RENT,<25K,Salaried,338,XLG,Trade, 36 months,0.0991,B,B1,BULANDSHAHR,176-DBS,BULANDSHAHR,UP,UP,UTTAR PRADESH,BULANDSHAHAR,10068,10057-NANDI SHANKAR,High,37781,12444,38071,47.01,529.26,N,N,1,On-Time,0,0,1,2015-02-05,1,Feb-2015
ACC000822,34,TEZPUR,JLG30K,38883,9365,20892,2020-07-04,Active,Monthly EMI,680026,TEZPUR-680026,Kavya Chopra,Female,18-25,23,1979-01-29,General,Hindu,RENT,75K-100K,Business,588,XLG,Services, 36 months,0.1065,B,B2,TEZPUR,208-DBS,GUWAAHATI,AS,AS,ASSAM,SONITPUR,680026,11055-MANAS PROTIM HAZARIKA,Medium,40776,10631,38610,12.95,456.13,N,Y,2,Late,1,0,1,2017-09-26,0,Jul-2020
ACC000823,184,BUXAR,JLG46K,33337,9054,25061,2023-05-08,Default,Quarterly EMI,710002,BUXAR-710002,Laksh Sharma,Female,36-45,37,1979-01-29,Minority,Muslim,RENT,<25K,Self-Employed,740,XLG,Home Loan, 36 months,0.1825,D,D5,BUXAR,209-DBS,PATNA,BR,BR,BIHAR,BUXAR,710002,10055-MAHESH KUMAR PATEL,Medium,35095,9620,32892,34.16,207.03,Y,N,1,Late,0,1,1,2017-04-18,0,May-2023
ACC000824,408,MUKTSAR,JLG30K,49240,40502,33946,2016-01-30,Default,Monthly EMI,1110166,MUKTSAR-1110166,Kavya Malhotra,Female,36-45,36,1979-01-29,ST,Sikh,RENT,<25K,Salaried,514,XLG,Services, 36 months,0.1065,B,B2,MUKTSAR,102-DBS,LUDHIANA,PB,PB,PUNJAB,SRI MUKTSAR SAHIB,1110166,11303-ASHUTOSH KUMAR SUMAN,Medium,50071,40545,48830,49.91,4281.0,N,N,1,On-Time,0,0,1,2016-01-30,1,Jan-2016
ACC000825,12,BEHROR,JLG30K,39729,21951,8557,2023-07-28,Paid Off,Quarterly EMI,30179,BEHROR-30179,Meera Sharma,Female,36-45,45,1979-01-29,OBC,Hindu,OWN,75K-100K,Business,417,XLG,Services, 36 months,0.1065,B,B2,BEHROR,301-DBS,JAIPUR,RJ,RJ,RAJASTHAN,BEHROD,30179,10055-MAHESH KUMAR PATEL,Low,40583,22532,39476,26.63,1393.97,N,N,0,Late,0,0,1,2017-04-22,0,Jul-2023
ACC000826,470,SANGRUR,JLG30K,11944,3998,17295,2021-01-15,Active,Quarterly EMI,110159,SANGRUR-110159,Nisha Nair,Female,26-35,28,1979-01-29,ST,Sikh,MORTGAGE,25K-50K,Self-Employed,641,XLG,Services, 36 months,0.1065,B,B2,SANGRUR,102-DBS,LUDHIANA,PB,PB,PUNJAB,SANGRUR,110159,10037-RAJESH PRATAP,Low,13480,4284,11925,24.8,3864.83,N,N,0,On-Time,0,0,1,2021-01-15,1,Jan-2021
ACC000827,689,SIRSA,JLG30K,2848,36412,4416,2022-11-07,Active,Monthly EMI,730084,SIRSA-730084,Meera Joshi,Female,26-35,31,1988-05-24,ST,Sikh,OWN,<25K,Business,532,XLG,Services, 36 months,0.1065,B,B2,SIRSA,206-DBS,KARNAL,HR,HR,HARYANA,SIRSA,730084,10149-ABHISHEK MAURYA,Medium,2749,36017,2524,9.88,3807.21,N,N,2,On-Time,0,0,1,2022-11-07,1,Nov-2022
ACC000828,540,SANGRUR,JLG30K,40281,4984,43231,2019-07-11,Paid Off,Monthly EMI,110159,SANGRUR-110159,Laksh Reddy,Female,26-35,31,1979-01-29,SC,Hindu,RENT,25K-50K,Salaried,315,XLG,Services, 36 months,0.1065,B,B2,SANGRUR,102-DBS,LUDHIANA,PB,PB,PUNJAB,SANGRUR,110159,10037-RAJESH PRATAP,Low,42066,5787,40147,1.63,1900.19,N,N,2,On-Time,0,0,1,2019-07-11,1,Jul-2019
ACC000829,33,FATEHGARH SAHIB,JLG35K,15406,37815,4929,2022-04-21,Paid Off,Monthly EMI,120676,FATEHGARH SAHIB-120676,Ananya Reddy,Female,18-25,22,1979-01-29,General,Hindu,MORTGAGE,75K-100K,Business,640,XLG,Trade, 36 months,0.0991,B,B1,FATEHGARH SAHIB,102-DBS,LUDHIANA,PB,PB,PUNJAB,FATEHGARH SAHIB,120676,10037-RAJESH PRATAP,Medium,15507,38184,15133,13.68,4588.67,N,N,0,On-Time,0,0,1,2022-04-21,1,Apr-2022
ACC000830,765,JALANDHAR,JLG30K,33851,33827,28779,2019-03-03,Paid Off,Quarterly EMI,160051,JALANDHAR-160051,Meera Sharma,Female,36-45,45,1979-01-29,OBC,Hindu,OWN,75K-100K,Business,417,XLG,Services, 36 months,0.1065,B,B2,JALANDHAR,102-DBS,LUDHIANA,PB,PB,PUNJAB,JALANDHAR,160051,10067-AKSHAY KUMAR,Low,34261,34556,33729,44.4,1078.54,N,N,2,On-Time,0,0,1,2017-09-24,0,Mar-2019
ACC000831,149,BEHROR,JLG30K,7444,7970,27953,2015-03-27,Fully Paid,Monthly EMI,30179,BEHROR-30179,Ishaan Chopra,Female,18-25,22,1997-10-16,ST,Sikh,MORTGAGE,50K-75K,Salaried,714,XLG,Services, 36 months,0.1065,B,B2,BEHROR,301-DBS,JAIPUR,RJ,RJ,RAJASTHAN,BEHROD,30179,10055-MAHESH KUMAR PATEL,Low,7174,9504,7131,9.09,4144.48,N,N,0,On-Time,0,0,1,2015-03-27,1,Mar-2015
ACC000832,397,KARNAL,JLG30K,38109,37207,13219,2023-02-10,Paid Off,Monthly EMI,50678,KARNAL-50678,Meera Nair,Female,46-55,50,1979-01-29,ST,Sikh,RENT,25K-50K,Business,664,XLG,Services, 36 months,0.1065,B,B2,KARNAL,206-DBS,KARNAL,HR,HR,HARYANA,KARNAL,50678,10282-NAIM ALI,Medium,39479,38858,37845,13.19,4077.24,N,N,2,On-Time,0,0,1,2022-02-02,0,Feb-2023
ACC000833,321,Mathura,JLG30K,25055,48322,6297,2016-05-15,Paid Off,Quarterly EMI,910182,Mathura-910182,Kavya Chopra,Female,18-25,23,1979-01-29,General,Hindu,RENT,75K-100K,Business,588,XLG,Services, 36 months,0.1065,B,B2,Mathura,176-DBS,BULANDSHAHR,UP,UP,UTTAR PRADESH,MATHURA,910182,10469-MANISH  PANDEY,High,26428,48553,24584,5.69,1002.15,N,N,1,Very Late,0,0,1,2015-11-19,0,May-2016
ACC000834,752,BEHROR,JLG46K,39029,8813,30117,2021-04-23,Paid Off,Quarterly EMI,30179,BEHROR-30179,Kavya Reddy,Female,18-25,23,1979-01-29,General,Hindu,RENT,25K-50K,Business,503,XLG,Home Loan, 36 months,0.1825,D,D5,BEHROR,301-DBS,JAIPUR,RJ,RJ,RAJASTHAN,BEHROD,30179,10055-MAHESH KUMAR PATEL,Low,39860,9434,38692,30.39,1323.01,N,N,2,On-Time,0,0,1,2020-11-04,0,Apr-2021
ACC000835,941,JORHAT,JLG35K,7931,36280,16117,2022-02-02,Fully Paid,Monthly EMI,850152,JORHAT-850152,Ishaan Patel,Female,36-45,39,1979-01-29,Minority,Muslim,RENT,75K-100K,Self-Employed,472,XLG,Trade, 36 months,0.0991,B,B1,JORHAT,208-DBS,GUWAAHATI,AS,AS,ASSAM,JORHAT,850152,10961-NAYAN JYOTI SARMAH,High,7545,37148,7766,36.74,955.04,N,N,1,On-Time,0,0,1,2018-11-27,0,Feb-2022
ACC000836,846,PATIALA,JLG30K,49995,32267,30507,2023-11-24,Fully Paid,Quarterly EMI,100186,PATIALA-100186,Ananya Nair,Female,36-45,44,1979-01-29,ST,Sikh,RENT,50K-75K,Self-Employed,638,XLG,Services, 36 months,0.1065,B,B2,PATIALA,102-DBS,LUDHIANA,PB,PB,PUNJAB,PATIALA,100186,10420-MUNENDRA  SINGH,Medium,49953,33688,49655,23.16,4756.46,N,N,1,On-Time,0,0,1,2022-12-18,0,Nov-2023
ACC000837,703,SANGRUR,JLG30K,45571,41099,16327,2022-03-19,Fully Paid,Quarterly EMI,110159,SANGRUR-110159,Meera Patel,Female,26-35,28,1979-01-29,SC,Hindu,RENT,25K-50K,Business,385,XLG,Services, 36 months,0.1065,B,B2,SANGRUR,102-DBS,LUDHIANA,PB,PB,PUNJAB,SANGRUR,110159,10037-RAJESH PRATAP,Low,47070,41862,45383,4.56,1988.19,N,N,1,On-Time,0,0,1,2018-07-01,0,Mar-2022
ACC000838,760,BEHROR,JLG30K,4771,49426,2167,2021-11-19,Fully Paid,Quarterly EMI,30179,BEHROR-30179,Nisha Reddy,Female,26-35,33,1979-01-29,ST,Sikh,RENT,100K+,Business,473,XLG,Services, 36 months,0.1065,B,B2,BEHROR,301-DBS,JAIPUR,RJ,RJ,RAJASTHAN,BEHROD,30179,10055-MAHESH KUMAR PATEL,Low,4325,51083,4508,32.66,2868.94,N,N,1,Late,0,0,1,2021-01-21,0,Nov-2021
ACC000839,275,DIBRUGARH,JLG50K,16764,2299,16874,2019-12-23,Default,Monthly EMI,1050013,DIBRUGARH-1050013,Nisha Reddy,Female,36-45,38,1979-01-29,General,Muslim,RENT,50K-75K,Self-Employed,755,XLG,Home Loan, 60 months,0.1991,E,E4,DIBRUGARH,208-DBS,GUWAAHATI,AS,AS,ASSAM,DIBRUGARH,1050013,10961-NAYAN JYOTI SARMAH,Low,17514,3348,16333,43.77,3038.87,N,N,2,On-Time,0,0,1,2017-12-12,0,Dec-2019
ACC000840,696,DHURI,JLG30K,22679,7408,4158,2018-06-18,Fully Paid,Monthly EMI,1030063,DHURI-1030063,Meera Gupta,Female,46-55,47,1979-01-29,Minority,Muslim,MORTGAGE,25K-50K,Self-Employed,346,XLG,Services, 36 months,0.1065,B,B2,DHURI,102-DBS,LUDHIANA,PB,PB,PUNJAB,SANGRUR,1030063,12058-DEEPAK KUMAR,Low,23410,9366,22324,33.93,4798.39,N,N,1,On-Time,0,0,1,2018-06-18,1,Jun-2018
ACC000841,672,BULANDSHAHR,JLG30K,14072,5081,38358,2015-06-26,Paid Off,Monthly EMI,10068,BULANDSHAHR-10068,Laksh Mehta,Female,36-45,40,1979-01-29,ST,Sikh,RENT,50K-75K,Self-Employed,318,XLG,Services, 36 months,0.1065,B,B2,BULANDSHAHR,176-DBS,BULANDSHAHR,UP,UP,UTTAR PRADESH,BULANDSHAHAR,10068,10057-NANDI SHANKAR,High,14765,6365,13578,49.83,4319.95,N,N,1,On-Time,0,0,1,2015-06-26,1,Jun-2015
ACC000842,614,Mangaldoi,JLG35K,17843,5605,29213,2021-05-24,Fully Paid,Quarterly EMI,570241,Mangaldoi-570241,Meera Chopra,Female,36-45,37,1979-01-29,ST,Sikh,RENT,75K-100K,Salaried,373,XLG,Trade, 36 months,0.0991,B,B1,Mangaldoi,208-DBS,GUWAAHATI,AS,AS,ASSAM,Mangaldoi,570241,10961-NAYAN JYOTI SARMAH,Low,18880,6238,17611,20.46,4801.05,N,N,1,On-Time,0,0,1,2019-08-26,0,May-2021
ACC000843,436,Mangaldoi,JLG35K,34028,44739,37116,2021-10-27,Fully Paid,Monthly EMI,570241,Mangaldoi-570241,Aditya Verma,Female,46-55,49,1979-01-29,ST,Sikh,RENT,50K-75K,Self-Employed,695,XLG,Trade, 36 months,0.0991,B,B1,Mangaldoi,208-DBS,GUWAAHATI,AS,AS,ASSAM,Mangaldoi,570241,10961-NAYAN JYOTI SARMAH,Low,35680,45256,33895,22.05,4561.25,Y,N,2,Very Late,0,1,1,2019-07-31,0,Oct-2021
ACC000844,442,DURGAPUR,JLG35K,8100,28382,10003,2023-02-24,Active,Quarterly EMI,700013,DURGAPUR-700013,Aditya Verma,Female,36-45,40,1979-01-29,Minority,Muslim,RENT,50K-75K,Salaried,714,XLG,Trade, 36 months,0.0991,B,B1,DURGAPUR,201-DBS,HOWRAH,WB,WB,WEST BENGAL,PASCHIM BARDHHAMAN,700013,10037-RAJESH PRATAP,Low,9894,29520,7809,1.47,4011.49,N,N,1,On-Time,0,0,1,2022-07-17,0,Feb-2023
ACC000845,996,BEHROR,JLG35K,2276,39653,36974,2017-06-04,Active,Quarterly EMI,30179,BEHROR-30179,Meera Patel,Female,26-35,28,1979-01-29,SC,Hindu,RENT,25K-50K,Business,385,XLG,Trade, 36 months,0.0991,B,B1,BEHROR,301-DBS,JAIPUR,RJ,RJ,RAJASTHAN,BEHROD,30179,10055-MAHESH KUMAR PATEL,Low,2303,40270,1919,9.19,516.77,N,N,2,On-Time,0,0,1,2017-06-04,1,Jun-2017
ACC000846,29,CHHATA,JLG35K,26512,16385,39039,2023-01-09,Active,Quarterly EMI,910020,CHHATA-910020,Kavya Reddy,Female,18-25,23,1979-01-29,General,Hindu,RENT,25K-50K,Business,503,XLG,Trade, 36 months,0.0991,B,B1,CHHATA,176-DBS,BULANDSHAHR,UP,UP,UTTAR PRADESH,MATHURA,910020,10047-ANIL KUMAR,High,26916,17208,26456,34.38,1001.69,N,N,2,Late,0,0,1,2017-09-17,0,Jan-2023
ACC000847,284,Mathura,JLG35K,13163,13508,3586,2023-04-30,Fully Paid,Monthly EMI,910182,Mathura-910182,Meera Verma,Female,26-35,34,1979-01-29,ST,Sikh,RENT,100K+,Self-Employed,464,XLG,Trade, 36 months,0.0991,B,B1,Mathura,176-DBS,BULANDSHAHR,UP,UP,UTTAR PRADESH,MATHURA,910182,10469-MANISH  PANDEY,High,13605,14599,12830,42.26,1191.74,N,N,2,On-Time,0,0,1,2016-03-14,0,Apr-2023
ACC000848,542,CUTTACK,JLG35K,49807,40440,14601,2016-04-21,Paid Off,Monthly EMI,630081,CUTTACK-630081,Aditya Verma,Female,36-45,40,1979-01-29,Minority,Muslim,RENT,50K-75K,Salaried,714,XLG,Trade, 36 months,0.0991,B,B1,CUTTACK,107-DBS,BHUBANESWAR,OR,OR,ODISHA,CUTTACK,630081,12061-PINAKAPANI KANUNGO,High,50272,41000,49486,46.73,1052.31,N,Y,0,On-Time,1,0,1,2016-04-21,1,Apr-2016
ACC000849,982,HAPUR,JLG30K,15222,37948,40535,2020-02-27,Paid Off,Monthly EMI,210563,HAPUR-210563,Meera Sharma,Female,18-25,22,1995-12-14,General,Hindu,RENT,<25K,Salaried,346,XLG,Services, 36 months,0.1065,B,B2,HAPUR,176-DBS,BULANDSHAHR,UP,UP,UTTAR PRADESH,HAPUR,210563,10183-RISHABH PANT,Low,16518,39699,14771,13.93,3018.49,N,N,0,On-Time,0,0,1,2020-02-27,1,Feb-2020
ACC000850,533,BEHROR,JLG30K,27920,38972,30669,2019-01-04,Paid Off,Quarterly EMI,30179,BEHROR-30179,Vivaan Verma,Female,46-55,52,1979-01-29,ST,Sikh,RENT,100K+,Salaried,626,XLG,Services, 36 months,0.1065,B,B2,BEHROR,301-DBS,JAIPUR,RJ,RJ,RAJASTHAN,BEHROD,30179,10055-MAHESH KUMAR PATEL,Low,28603,38789,27453,20.47,4962.96,Y,N,0,On-Time,0,1,1,2019-01-04,1,Jan-2019
ACC000851,898,MUKTSAR,JLG30K,39059,40130,40765,2015-03-31,Paid Off,Monthly EMI,1110166,MUKTSAR-1110166,Nisha Malhotra,Female,36-45,36,1979-01-29,SC,Hindu,MORTGAGE,100K+,Self-Employed,489,XLG,Services, 36 months,0.1065,B,B2,MUKTSAR,102-DBS,LUDHIANA,PB,PB,PUNJAB,SRI MUKTSAR SAHIB,1110166,11303-ASHUTOSH KUMAR SUMAN,Medium,38685,40892,38684,29.67,4170.89,N,N,1,Late,0,0,1,2015-03-31,1,Mar-2015
ACC000852,300,MADHUBANI,JLG35K,24151,40077,33856,2019-06-06,Default,Monthly EMI,1140044,MADHUBANI-1140044,Vivaan Patel,Female,26-35,29,1979-01-29,OBC,Hindu,RENT,100K+,Salaried,395,XLG,Trade, 36 months,0.0991,B,B1,MADHUBANI,209-DBS,PATNA,BR,BR,BIHAR,MADHUBANI,1140044,10514-MANISH KUMAR MISHRA,Medium,24812,41700,23677,34.11,1299.82,N,N,1,On-Time,0,0,1,2019-06-06,1,Jun-2019
ACC000853,318,KARNAL,JLG30K,30801,21373,9409,2017-04-19,Paid Off,Monthly EMI,50678,KARNAL-50678,Laksh Sharma,Female,26-35,31,1979-01-29,SC,Hindu,RENT,100K+,Self-Employed,672,XLG,Services, 36 months,0.1065,B,B2,KARNAL,206-DBS,KARNAL,HR,HR,HARYANA,KARNAL,50678,10282-NAIM ALI,Medium,31055,21125,30547,21.5,1191.9,N,N,2,On-Time,0,0,1,2015-02-17,0,Apr-2017
ACC000854,887,MUKTSAR,JLG30K,15641,46928,8914,2017-06-18,Active,Quarterly EMI,1110166,MUKTSAR-1110166,Laksh Sharma,Female,26-35,29,1979-01-29,ST,Sikh,MORTGAGE,<25K,Self-Employed,695,XLG,Services, 36 months,0.1065,B,B2,MUKTSAR,102-DBS,LUDHIANA,PB,PB,PUNJAB,SRI MUKTSAR SAHIB,1110166,11303-ASHUTOSH KUMAR SUMAN,Medium,17292,47177,15444,26.71,4142.02,N,N,0,On-Time,0,0,1,2017-06-18,1,Jun-2017
ACC000855,352,KARNAL,JLG40K,27146,23310,34860,2023-08-11,Fully Paid,Quarterly EMI,50678,KARNAL-50678,Ishaan Mehta,Female,18-25,23,1979-01-29,OBC,Hindu,RENT,100K+,Business,416,XLG,Services, 36 months,0.1727,D,D3,KARNAL,206-DBS,KARNAL,HR,HR,HARYANA,KARNAL,50678,10282-NAIM ALI,Medium,26816,23135,26965,21.5,3239.91,N,N,1,On-Time,0,0,1,2023-08-11,1,Aug-2023
ACC000856,552,BULANDSHAHR,JLG35K,46934,4381,34836,2023-06-20,Default,Monthly EMI,10068,BULANDSHAHR-10068,Aarav Joshi,Female,18-25,22,1997-10-27,General,Hindu,RENT,<25K,Salaried,516,XLG,Trade, 36 months,0.0991,B,B1,BULANDSHAHR,176-DBS,BULANDSHAHR,UP,UP,UTTAR PRADESH,BULANDSHAHAR,10068,10057-NANDI SHANKAR,High,48725,4621,46453,40.35,3176.2,N,N,0,On-Time,0,0,1,2015-05-05,0,Jun-2023
ACC000857,375,CHHAPRA,JLG30K,13219,34583,33730,2017-06-07,Active,Quarterly EMI,380112,CHHAPRA-380112,Diya Chopra,Female,26-35,35,1984-03-20,SC,Hindu,RENT,75K-100K,Self-Employed,567,XLG,Services, 36 months,0.1065,B,B2,CHHAPRA,209-DBS,PATNA,BR,BR,BIHAR,CHHAPRA,380112,11867-VIKRANT KUMAR VICKY,High,12754,34460,12921,27.06,447.71,N,Y,0,Late,1,0,1,2017-06-07,1,Jun-2017
ACC000858,684,DHURI,JLG30K,4978,11999,17521,2023-06-19,Fully Paid,Monthly EMI,1030063,DHURI-1030063,Meera Nair,Female,36-45,38,1979-01-29,ST,Sikh,OWN,75K-100K,Self-Employed,368,XLG,Services, 36 months,0.1065,B,B2,DHURI,102-DBS,LUDHIANA,PB,PB,PUNJAB,SANGRUR,1030063,12058-DEEPAK KUMAR,Low,5646,13656,4510,9.84,4886.22,N,N,0,On-Time,0,0,1,2018-12-21,0,Jun-2023
ACC000859,49,PAOTA,JLG30K,39800,5440,9047,2018-08-11,Paid Off,Monthly EMI,90149,PAOTA-90149,Aarav Sharma,Female,46-55,46,1979-01-29,SC,Hindu,RENT,100K+,Business,459,XLG,Services, 36 months,0.1065,B,B2,PAOTA,301-DBS,JAIPUR,RJ,RJ,RAJASTHAN,jaipur,90149,10043-RAVI MISHRA,Low,40591,5877,39516,26.6,2590.56,N,N,1,On-Time,0,0,1,2015-02-26,0,Aug-2018
ACC000860,764,BEHROR,JLG30K,21027,24975,23350,2016-09-26,Fully Paid,Quarterly EMI,30179,BEHROR-30179,Aditya Joshi,Female,46-55,54,1979-01-29,OBC,Hindu,RENT,50K-75K,Business,357,XLG,Services, 36 months,0.1065,B,B2,BEHROR,301-DBS,JAIPUR,RJ,RJ,RAJASTHAN,BEHROD,30179,10055-MAHESH KUMAR PATEL,Low,23024,25212,20951,32.08,3086.66,N,N,2,Late,0,0,1,2016-09-26,1,Sep-2016
ACC000861,827,SANGRUR,JLG46K,27680,19934,6786,2021-09-08,Paid Off,Monthly EMI,110159,SANGRUR-110159,Meera Joshi,Female,26-35,31,1988-05-24,ST,Sikh,OWN,<25K,Business,532,XLG,Home Loan, 36 months,0.1825,D,D5,SANGRUR,102-DBS,LUDHIANA,PB,PB,PUNJAB,SANGRUR,110159,10037-RAJESH PRATAP,Low,29550,21052,27303,44.51,2911.4,N,N,1,Late,0,0,1,2021-09-08,1,Sep-2021
ACC000862,448,Mathura,JLG35K,24108,46579,17726,2016-11-12,Paid Off,Monthly EMI,910182,Mathura-910182,Kavya Verma,Female,36-45,39,1979-01-29,ST,Sikh,RENT,100K+,Business,791,XLG,Trade, 36 months,0.0991,B,B1,Mathura,176-DBS,BULANDSHAHR,UP,UP,UTTAR PRADESH,MATHURA,910182,10469-MANISH  PANDEY,High,25504,48223,23945,40.68,1868.38,N,N,0,On-Time,0,0,1,2016-11-12,1,Nov-2016
ACC000863,505,FATEHGARH SAHIB,JLG30K,43790,43721,27902,2022-06-10,Fully Paid,Quarterly EMI,120676,FATEHGARH SAHIB-120676,Kavya Reddy,Female,46-55,49,1979-01-29,Minority,Muslim,RENT,<25K,Salaried,442,XLG,Services, 36 months,0.1065,B,B2,FATEHGARH SAHIB,102-DBS,LUDHIANA,PB,PB,PUNJAB,FATEHGARH SAHIB,120676,10037-RAJESH PRATAP,Medium,43850,44724,43781,26.77,269.49,N,N,0,On-Time,0,0,1,2017-01-05,0,Jun-2022
ACC000864,505,BUXAR,JLG30K,40584,37006,8584,2017-01-05,Active,Monthly EMI,710002,BUXAR-710002,Kavya Reddy,Female,46-55,49,1979-01-29,Minority,Muslim,RENT,<25K,Salaried,442,XLG,Services, 36 months,0.1065,B,B2,BUXAR,209-DBS,PATNA,BR,BR,BIHAR,BUXAR,710002,10055-MAHESH KUMAR PATEL,Medium,42354,36722,40447,16.53,787.5,N,N,0,On-Time,0,0,1,2017-01-05,1,Jan-2017
ACC000865,582,SANGRUR,JLG35K,3715,29740,26638,2021-05-17,Fully Paid,Monthly EMI,110159,SANGRUR-110159,Kavya Gupta,Female,36-45,39,1979-01-29,OBC,Hindu,RENT,50K-75K,Salaried,692,XLG,Trade, 36 months,0.0991,B,B1,SANGRUR,102-DBS,LUDHIANA,PB,PB,PUNJAB,SANGRUR,110159,10037-RAJESH PRATAP,Low,5578,29323,3410,18.74,211.87,N,N,1,Very Late,0,0,1,2016-04-08,0,May-2021
ACC000866,142,SIRSA,JLG30K,17392,16671,26750,2022-02-10,Paid Off,Monthly EMI,730084,SIRSA-730084,Diya Reddy,Female,36-45,40,1979-12-28,ST,Sikh,RENT,<25K,Self-Employed,810,XLG,Services, 36 months,0.1065,B,B2,SIRSA,206-DBS,KARNAL,HR,HR,HARYANA,SIRSA,730084,10149-ABHISHEK MAURYA,Medium,16957,17171,17379,43.57,2392.01,N,N,1,On-Time,0,0,1,2019-12-29,0,Feb-2022
ACC000867,697,Mathura,JLG30K,27711,44869,43635,2021-08-26,Paid Off,Quarterly EMI,910182,Mathura-910182,Kavya Mehta,Female,18-25,23,1979-01-29,ST,Sikh,MORTGAGE,50K-75K,Salaried,443,XLG,Services, 36 months,0.1065,B,B2,Mathura,176-DBS,BULANDSHAHR,UP,UP,UTTAR PRADESH,MATHURA,910182,10469-MANISH  PANDEY,High,28218,46426,27335,24.69,3578.25,N,N,2,On-Time,0,0,1,2021-08-26,1,Aug-2021
ACC000868,473,BULANDSHAHR,JLG46K,44408,44209,2453,2017-12-17,Fully Paid,Monthly EMI,10068,BULANDSHAHR-10068,Nisha Chopra,Female,26-35,28,1979-01-29,General,Hindu,RENT,<25K,Self-Employed,553,XLG,Home Loan, 36 months,0.1825,D,D5,BULANDSHAHR,176-DBS,BULANDSHAHR,UP,UP,UTTAR PRADESH,BULANDSHAHAR,10068,10057-NANDI SHANKAR,High,45631,43945,44107,38.5,865.03,N,N,2,On-Time,0,0,1,2016-12-30,0,Dec-2017
ACC000869,327,BULANDSHAHR,JLG30K,7464,11041,33031,2020-10-19,Paid Off,Monthly EMI,10068,BULANDSHAHR-10068,Meera Chopra,Female,36-45,37,1979-01-29,ST,Sikh,RENT,75K-100K,Salaried,373,XLG,Services, 36 months,0.1065,B,B2,BULANDSHAHR,176-DBS,BULANDSHAHR,UP,UP,UTTAR PRADESH,BULANDSHAHAR,10068,10057-NANDI SHANKAR,High,7944,10713,7111,19.43,3479.09,N,N,2,On-Time,0,0,1,2020-10-19,1,Oct-2020
ACC000870,317,PANIPAT,JLG39K,48675,41923,42200,2023-03-19,Fully Paid,Quarterly EMI,60004,PANIPAT-60004,Vivaan Joshi,Female,26-35,33,1986-06-15,SC,Sikh,MORTGAGE,75K-100K,Self-Employed,847,XLG,Agriculture, 36 months,0.0662,A,A2,PANIPAT,206-DBS,KARNAL,HR,HR,HARYANA,PANIPAT,60004,10204-SAIF  ALI,Medium,48905,41605,48622,3.94,2440.11,N,N,0,On-Time,0,0,1,2018-07-24,0,Mar-2023
ACC000871,187,BEHROR,JLG44K,33869,23762,16597,2020-11-11,Fully Paid,Quarterly EMI,30179,BEHROR-30179,Laksh Sharma,Female,56-63,56,1979-01-29,Minority,Muslim,MORTGAGE,75K-100K,Business,532,XLG,Home Loan, 36 months,0.0662,A,A2,BEHROR,301-DBS,JAIPUR,RJ,RJ,RAJASTHAN,BEHROD,30179,10055-MAHESH KUMAR PATEL,Low,34087,24653,33575,31.57,4605.0,N,N,1,On-Time,0,0,1,2018-01-24,0,Nov-2020
ACC000872,624,SANGRUR,JLG30K,35363,13687,27351,2015-06-02,Paid Off,Quarterly EMI,110159,SANGRUR-110159,Laksh Reddy,Female,26-35,29,1979-01-29,OBC,Hindu,RENT,75K-100K,Business,311,XLG,Services, 36 months,0.1065,B,B2,SANGRUR,102-DBS,LUDHIANA,PB,PB,PUNJAB,SANGRUR,110159,10037-RAJESH PRATAP,Low,35515,14220,35284,32.32,4310.99,N,Y,0,On-Time,1,0,1,2015-06-02,1,Jun-2015
ACC000873,110,KURUKSHETRA,JLG50K,24429,32217,29481,2021-10-26,Fully Paid,Quarterly EMI,70364,KURUKSHETRA-70364,Ananya Gupta,Female,36-45,38,1979-01-29,ST,Sikh,RENT,50K-75K,Salaried,450,XLG,Home Loan, 60 months,0.1991,E,E4,KURUKSHETRA,206-DBS,KARNAL,HR,HR,HARYANA,KURUKSHETRA,70364,10028-AAYUSH PANDEY,Medium,24820,33119,23974,42.16,622.54,N,N,1,Late,0,0,1,2019-11-16,0,Oct-2021
ACC000874,360,Mangaldoi,JLG30K,13528,16070,28405,2017-09-21,Paid Off,Quarterly EMI,570241,Mangaldoi-570241,Meera Nair,Female,46-55,49,1979-01-29,ST,Sikh,OWN,50K-75K,Salaried,408,XLG,Services, 36 months,0.1065,B,B2,Mangaldoi,208-DBS,GUWAAHATI,AS,AS,ASSAM,Mangaldoi,570241,10961-NAYAN JYOTI SARMAH,Low,13860,17992,13060,11.52,4442.81,N,N,2,Late,0,0,1,2017-09-21,1,Sep-2017
ACC000875,571,BEHROR,JLG44K,14993,36271,28779,2019-01-21,Fully Paid,Monthly EMI,30179,BEHROR-30179,Nisha Malhotra,Female,36-45,36,1979-01-29,SC,Hindu,MORTGAGE,100K+,Self-Employed,489,XLG,Home Loan, 36 months,0.0662,A,A2,BEHROR,301-DBS,JAIPUR,RJ,RJ,RAJASTHAN,BEHROD,30179,10055-MAHESH KUMAR PATEL,Low,14795,35885,14590,11.86,3139.47,Y,N,2,Late,0,1,1,2019-01-21,1,Jan-2019
ACC000876,214,DHURI,JLG30K,41203,3377,8305,2023-04-16,Default,Quarterly EMI,1030063,DHURI-1030063,Aarav Patel,Female,26-35,31,1979-01-29,ST,Sikh,MORTGAGE,50K-75K,Business,462,XLG,Services, 36 months,0.1065,B,B2,DHURI,102-DBS,LUDHIANA,PB,PB,PUNJAB,SANGRUR,1030063,12058-DEEPAK KUMAR,Low,41985,4392,40989,44.86,3746.1,N,N,2,On-Time,0,0,1,2017-02-15,0,Apr-2023
ACC000877,750,SANGRUR,JLG30K,48015,44683,5135,2022-12-30,Default,Quarterly EMI,110159,SANGRUR-110159,Ishaan Patel,Female,36-45,39,1979-01-29,Minority,Muslim,RENT,75K-100K,Self-Employed,472,XLG,Services, 36 months,0.1065,B,B2,SANGRUR,102-DBS,LUDHIANA,PB,PB,PUNJAB,SANGRUR,110159,10037-RAJESH PRATAP,Low,49941,46079,47989,4.97,603.94,N,N,1,On-Time,0,0,1,2016-01-16,0,Dec-2022
ACC000878,673,MAWANA,JLG35K,5433,10633,39467,2021-08-05,Active,Monthly EMI,800018,MAWANA-800018,Kavya Malhotra,Female,36-45,36,1979-01-29,ST,Sikh,RENT,<25K,Salaried,514,XLG,Trade, 36 months,0.0991,B,B1,MAWANA,176-DBS,BULANDSHAHR,UP,UP,UTTAR PRADESH,MEERUT,800018,11183-ANIL KUMAR,Medium,5481,11002,5082,10.78,1764.6,N,N,1,On-Time,0,0,1,2017-09-06,0,Aug-2021
ACC000879,448,DHURI,JLG30K,42533,4878,24337,2021-05-03,Active,Quarterly EMI,1030063,DHURI-1030063,Kavya Verma,Female,36-45,39,1979-01-29,ST,Sikh,RENT,100K+,Business,791,XLG,Services, 36 months,0.1065,B,B2,DHURI,102-DBS,LUDHIANA,PB,PB,PUNJAB,SANGRUR,1030063,12058-DEEPAK KUMAR,Low,42480,6187,42528,37.05,3259.77,N,N,1,On-Time,0,0,1,2016-11-12,0,May-2021
ACC000880,602,BEHROR,JLG30K,31551,30930,16918,2021-03-06,Active,Quarterly EMI,30179,BEHROR-30179,Vivaan Gupta,Female,46-55,50,1979-01-29,ST,Sikh,RENT,50K-75K,Self-Employed,768,XLG,Services, 36 months,0.1065,B,B2,BEHROR,301-DBS,JAIPUR,RJ,RJ,RAJASTHAN,BEHROD,30179,10055-MAHESH KUMAR PATEL,Low,31132,32856,31358,40.13,3238.97,N,N,2,On-Time,0,0,1,2016-08-21,0,Mar-2021
ACC000881,336,DURGAPUR,JLG30K,21971,43693,31152,2016-05-18,Fully Paid,Quarterly EMI,700013,DURGAPUR-700013,Laksh Mehta,Female,36-45,44,1979-01-29,General,Muslim,MORTGAGE,<25K,Business,686,XLG,Services, 36 months,0.1065,B,B2,DURGAPUR,201-DBS,HOWRAH,WB,WB,WEST BENGAL,PASCHIM BARDHHAMAN,700013,10037-RAJESH PRATAP,Low,22960,44389,21743,40.11,2252.57,N,N,0,On-Time,0,0,1,2016-05-18,1,May-2016
ACC000882,936,CUTTACK,JLG35K,7696,22503,1617,2019-04-24,Fully Paid,Quarterly EMI,630081,CUTTACK-630081,Ananya Patel,Female,36-45,43,1979-01-29,Minority,Muslim,RENT,75K-100K,Salaried,558,XLG,Trade, 36 months,0.0991,B,B1,CUTTACK,107-DBS,BHUBANESWAR,OR,OR,ODISHA,CUTTACK,630081,12061-PINAKAPANI KANUNGO,High,8311,23633,7274,20.8,1992.55,N,N,2,On-Time,0,0,1,2018-03-28,0,Apr-2019
ACC000883,478,BUXAR,JLG30K,23397,33307,6040,2017-12-07,Paid Off,Quarterly EMI,710002,BUXAR-710002,Laksh Gupta,Female,36-45,36,1979-01-29,General,Muslim,OWN,<25K,Business,807,XLG,Services, 36 months,0.1065,B,B2,BUXAR,209-DBS,PATNA,BR,BR,BIHAR,BUXAR,710002,10055-MAHESH KUMAR PATEL,Medium,24549,34805,23303,6.17,1033.18,N,N,1,Late,0,0,1,2017-12-07,1,Dec-2017
ACC000884,438,CHHATA,JLG30K,14112,47357,35569,2023-09-26,Active,Quarterly EMI,910020,CHHATA-910020,Laksh Mehta,Female,36-45,44,1975-07-28,General,Muslim,RENT,50K-75K,Salaried,425,XLG,Services, 36 months,0.1065,B,B2,CHHATA,176-DBS,BULANDSHAHR,UP,UP,UTTAR PRADESH,MATHURA,910020,10047-ANIL KUMAR,High,15580,47150,13645,35.75,3719.11,N,N,1,On-Time,0,0,1,2015-02-20,0,Sep-2023
ACC000885,709,Mangaldoi,JLG44K,22153,38029,34726,2015-10-21,Active,Monthly EMI,570241,Mangaldoi-570241,Nisha Reddy,Female,36-45,42,1979-01-29,SC,Hindu,RENT,100K+,Self-Employed,668,XLG,Home Loan, 36 months,0.0662,A,A2,Mangaldoi,208-DBS,GUWAAHATI,AS,AS,ASSAM,Mangaldoi,570241,10961-NAYAN JYOTI SARMAH,Low,24136,39051,22024,46.19,1260.38,N,N,0,On-Time,0,0,1,2015-10-21,1,Oct-2015
ACC000886,410,Mathura,JLG30K,31192,46139,15918,2018-02-24,Fully Paid,Quarterly EMI,910182,Mathura-910182,Ishaan Nair,Female,36-45,41,1979-01-29,ST,Sikh,MORTGAGE,<25K,Salaried,338,XLG,Services, 36 months,0.1065,B,B2,Mathura,176-DBS,BULANDSHAHR,UP,UP,UTTAR PRADESH,MATHURA,910182,10469-MANISH  PANDEY,High,31506,47959,30767,23.95,4892.66,N,N,2,Late,0,0,1,2016-10-07,0,Feb-2018
ACC000887,872,SANGRUR,JLG35K,48789,20488,10211,2017-10-08,Fully Paid,Quarterly EMI,110159,SANGRUR-110159,Aarav Sharma,Female,26-35,30,1987-02-18,SC,Hindu,RENT,<25K,Business,368,XLG,Trade, 36 months,0.0991,B,B1,SANGRUR,102-DBS,LUDHIANA,PB,PB,PUNJAB,SANGRUR,110159,10037-RAJESH PRATAP,Low,48442,20341,48776,46.87,622.92,N,N,2,Very Late,0,0,1,2016-04-13,0,Oct-2017
ACC000888,765,SANGRUR,JLG30K,45139,3864,18585,2021-08-15,Active,Quarterly EMI,110159,SANGRUR-110159,Meera Sharma,Female,36-45,45,1979-01-29,OBC,Hindu,OWN,75K-100K,Business,417,XLG,Services, 36 months,0.1065,B,B2,SANGRUR,102-DBS,LUDHIANA,PB,PB,PUNJAB,SANGRUR,110159,10037-RAJESH PRATAP,Low,45949,4450,44652,13.73,866.54,N,N,1,On-Time,0,0,1,2017-09-24,0,Aug-2021
ACC000889,652,DURGAPUR,JLG30K,43547,8177,40547,2022-12-24,Paid Off,Quarterly EMI,700013,DURGAPUR-700013,Vivaan Gupta,Female,46-55,46,1979-01-29,ST,Sikh,OWN,75K-100K,Business,481,XLG,Services, 36 months,0.1065,B,B2,DURGAPUR,201-DBS,HOWRAH,WB,WB,WEST BENGAL,PASCHIM BARDHHAMAN,700013,10037-RAJESH PRATAP,Low,44485,8850,43387,10.68,2091.23,Y,N,1,On-Time,0,1,1,2016-04-02,0,Dec-2022
ACC000890,60,BEHROR,JLG35K,12683,32648,31206,2018-04-19,Fully Paid,Quarterly EMI,30179,BEHROR-30179,Ananya Chopra,Female,36-45,45,1979-01-29,SC,Hindu,RENT,75K-100K,Salaried,311,XLG,Trade, 36 months,0.0991,B,B1,BEHROR,301-DBS,JAIPUR,RJ,RJ,RAJASTHAN,BEHROD,30179,10055-MAHESH KUMAR PATEL,Low,13443,32825,12472,28.41,319.78,N,N,0,On-Time,0,0,1,2018-04-19,1,Apr-2018
ACC000891,650,DURGAPUR,JLG30K,17916,45428,22679,2018-07-31,Paid Off,Quarterly EMI,700013,DURGAPUR-700013,Diya Patel,Female,36-45,44,1979-01-29,General,Hindu,MORTGAGE,25K-50K,Salaried,601,XLG,Services, 36 months,0.1065,B,B2,DURGAPUR,201-DBS,HOWRAH,WB,WB,WEST BENGAL,PASCHIM BARDHHAMAN,700013,10037-RAJESH PRATAP,Low,18795,46737,17683,46.73,4562.56,N,N,0,Very Late,0,0,1,2016-10-20,0,Jul-2018
ACC000892,936,HABRA,JLG30K,30478,26288,11166,2019-03-21,Fully Paid,Monthly EMI,650051,HABRA-650051,Ananya Patel,Female,36-45,43,1979-01-29,Minority,Muslim,RENT,75K-100K,Salaried,558,XLG,Services, 36 months,0.1065,B,B2,HABRA,201-DBS,HOWRAH,WB,WB,WEST BENGAL,HABRA,650051,12361-RITESH KUMAR SINHA,Low,30088,27744,30136,19.57,1353.62,N,N,0,On-Time,0,0,1,2018-03-28,0,Mar-2019
ACC000893,831,KURUKSHETRA,JLG35K,47245,21361,38424,2017-01-22,Active,Quarterly EMI,70364,KURUKSHETRA-70364,Aditya Joshi,Female,46-55,54,1979-01-29,OBC,Hindu,RENT,50K-75K,Business,357,XLG,Trade, 36 months,0.0991,B,B1,KURUKSHETRA,206-DBS,KARNAL,HR,HR,HARYANA,KURUKSHETRA,70364,10028-AAYUSH PANDEY,Medium,47664,22458,46804,34.0,4032.14,N,N,2,On-Time,0,0,1,2017-01-22,1,Jan-2017
ACC000894,311,FATEHGARH SAHIB,JLG30K,49823,14008,38937,2018-10-04,Default,Quarterly EMI,120676,FATEHGARH SAHIB-120676,Diya Reddy,Female,36-45,40,1979-12-28,ST,Sikh,RENT,<25K,Self-Employed,810,XLG,Services, 36 months,0.1065,B,B2,FATEHGARH SAHIB,102-DBS,LUDHIANA,PB,PB,PUNJAB,FATEHGARH SAHIB,120676,10037-RAJESH PRATAP,Medium,49951,15710,49569,32.96,4783.41,N,N,2,On-Time,0,0,1,2018-10-04,1,Oct-2018
ACC000895,629,FATEHGARH SAHIB,JLG30K,10909,29891,19253,2021-11-19,Paid Off,Monthly EMI,120676,FATEHGARH SAHIB-120676,Nisha Chopra,Female,46-55,49,1979-01-29,SC,Hindu,RENT,75K-100K,Business,641,XLG,Services, 36 months,0.1065,B,B2,FATEHGARH SAHIB,102-DBS,LUDHIANA,PB,PB,PUNJAB,FATEHGARH SAHIB,120676,10037-RAJESH PRATAP,Medium,10922,29487,10689,36.36,1422.74,N,N,2,On-Time,0,0,1,2017-06-19,0,Nov-2021
ACC000896,506,DURGAPUR,JLG30K,41810,41416,25960,2016-10-10,Default,Quarterly EMI,700013,DURGAPUR-700013,Aarav Malhotra,Female,46-55,53,1979-01-29,Minority,Muslim,RENT,25K-50K,Business,812,XLG,Services, 36 months,0.1065,B,B2,DURGAPUR,201-DBS,HOWRAH,WB,WB,WEST BENGAL,PASCHIM BARDHHAMAN,700013,10037-RAJESH PRATAP,Low,43037,43100,41339,29.37,551.27,Y,N,1,On-Time,0,1,1,2016-10-10,1,Oct-2016
ACC000897,768,NEEM KA THANA,JLG44K,4535,47859,10167,2021-10-31,Fully Paid,Monthly EMI,80001,NEEM KA THANA-80001,Laksh Mehta,Female,36-45,40,1979-01-29,ST,Sikh,RENT,50K-75K,Self-Employed,318,XLG,Home Loan, 36 months,0.0662,A,A2,NEEM KA THANA,301-DBS,JAIPUR,RJ,RJ,RAJASTHAN,NEEM KA THANA,80001,10043-RAVI MISHRA,High,4864,48529,4244,5.44,3267.05,N,N,1,On-Time,0,0,1,2018-04-01,0,Oct-2021
ACC000898,294,UJJAIN,JLG35K,5510,33199,33572,2021-07-22,Active,Monthly EMI,1510002,UJJAIN-1510002,Kavya Chopra,Female,18-25,23,1979-01-29,General,Hindu,RENT,75K-100K,Business,588,XLG,Trade, 36 months,0.0991,B,B1,UJJAIN,200-DBS,BHOPAL,MP,MP,MADHYA PRADESH,UJJAIN,1510002,12915-FAIZAL KHAN,High,6698,33826,5367,46.74,3914.18,N,N,0,On-Time,0,0,1,2015-02-21,0,Jul-2021
ACC000899,470,MUKTSAR,JLG30K,36794,41941,25063,2022-07-12,Paid Off,Monthly EMI,1110166,MUKTSAR-1110166,Nisha Nair,Female,26-35,28,1979-01-29,ST,Sikh,MORTGAGE,25K-50K,Self-Employed,641,XLG,Services, 36 months,0.1065,B,B2,MUKTSAR,102-DBS,LUDHIANA,PB,PB,PUNJAB,SRI MUKTSAR SAHIB,1110166,11303-ASHUTOSH KUMAR SUMAN,Medium,37621,41613,36764,37.47,2980.04,N,N,1,On-Time,0,0,1,2021-01-15,0,Jul-2022
ACC000900,13,SIVASAGAR,JLG30K,44273,25348,34231,2017-12-01,Fully Paid,Monthly EMI,880038,SIVASAGAR-880038,Laksh Reddy,Female,36-45,36,1979-01-29,OBC,Hindu,OWN,50K-75K,Business,787,XLG,Services, 36 months,0.1065,B,B2,SIVASAGAR,208-DBS,GUWAAHATI,AS,AS,ASSAM,SIVASAGAR,880038,12359-SAMIUR RAHMAN,High,45989,26696,44213,27.78,2107.02,N,N,2,Late,0,0,1,2017-12-01,1,Dec-2017
ACC000901,5,Mathura,JLG35K,8725,45545,4603,2016-07-29,Fully Paid,Monthly EMI,910182,Mathura-910182,Meera Gupta,Female,46-55,55,1979-01-29,ST,Christian,RENT,100K+,Business,773,XLG,Trade, 36 months,0.0991,B,B1,Mathura,176-DBS,BULANDSHAHR,UP,UP,UTTAR PRADESH,MATHURA,910182,10469-MANISH  PANDEY,High,9560,47473,8298,14.51,2576.95,N,N,0,On-Time,0,0,1,2015-06-04,0,Jul-2016
ACC000902,776,Mathura,JLG35K,32279,9216,17552,2019-04-08,Paid Off,Quarterly EMI,910182,Mathura-910182,Meera Nair,Female,36-45,43,1979-01-29,SC,Hindu,MORTGAGE,<25K,Salaried,453,XLG,Trade, 36 months,0.0991,B,B1,Mathura,176-DBS,BULANDSHAHR,UP,UP,UTTAR PRADESH,MATHURA,910182,10469-MANISH  PANDEY,High,33894,11057,31981,43.24,1924.47,N,N,2,On-Time,0,0,1,2019-04-08,1,Apr-2019
ACC000903,96,CHHATA,JLG30K,22600,42141,23073,2020-06-02,Active,Monthly EMI,910020,CHHATA-910020,Meera Joshi,Female,26-35,31,1988-05-24,ST,Sikh,OWN,<25K,Business,532,XLG,Services, 36 months,0.1065,B,B2,CHHATA,176-DBS,BULANDSHAHR,UP,UP,UTTAR PRADESH,MATHURA,910020,10047-ANIL KUMAR,High,22743,43229,22158,35.83,1527.67,N,N,0,Very Late,0,0,1,2015-01-27,0,Jun-2020
ACC000904,926,DHURI,JLG35K,38939,47020,41440,2020-11-20,Paid Off,Monthly EMI,1030063,DHURI-1030063,Aditya Patel,Female,26-35,27,1979-01-29,ST,Sikh,MORTGAGE,75K-100K,Salaried,600,XLG,Trade, 36 months,0.0991,B,B1,DHURI,102-DBS,LUDHIANA,PB,PB,PUNJAB,SANGRUR,1030063,12058-DEEPAK KUMAR,Low,39826,46521,38732,15.77,4834.76,N,N,2,On-Time,0,0,1,2018-04-02,0,Nov-2020
ACC000905,961,AGRA,JLG30K,12120,3876,12571,2017-06-01,Fully Paid,Quarterly EMI,140056,AGRA-140056,Ananya Reddy,Female,26-35,29,1979-01-29,ST,Sikh,RENT,100K+,Salaried,324,XLG,Services, 36 months,0.1065,B,B2,AGRA,176-DBS,BULANDSHAHR,UP,UP,UTTAR PRADESH,AGRA,140056,10161-RAM AVTAR,Medium,13852,3741,11660,14.05,1664.75,N,N,1,Late,0,0,1,2015-06-22,0,Jun-2017
ACC000906,979,JORHAT,JLG30K,24936,18701,28764,2016-10-23,Paid Off,Quarterly EMI,850152,JORHAT-850152,Ananya Malhotra,Female,36-45,44,1979-01-29,SC,Hindu,MORTGAGE,<25K,Self-Employed,361,XLG,Services, 36 months,0.1065,B,B2,JORHAT,208-DBS,GUWAAHATI,AS,AS,ASSAM,JORHAT,850152,10961-NAYAN JYOTI SARMAH,High,25743,18871,24718,36.08,286.9,N,N,2,On-Time,0,0,1,2016-10-23,1,Oct-2016
ACC000907,349,CHHAPRA,JLG35K,6729,45618,14359,2015-05-13,Default,Quarterly EMI,380112,CHHAPRA-380112,Kavya Reddy,Female,18-25,23,1979-01-29,General,Hindu,RENT,25K-50K,Business,503,XLG,Trade, 36 months,0.0991,B,B1,CHHAPRA,209-DBS,PATNA,BR,BR,BIHAR,CHHAPRA,380112,11867-VIKRANT KUMAR VICKY,High,8441,47021,6424,34.84,3066.33,N,N,0,On-Time,0,0,1,2015-03-14,0,May-2015
ACC000908,451,BEHROR,JLG30K,30884,31510,9592,2019-11-28,Paid Off,Quarterly EMI,30179,BEHROR-30179,Kavya Mehta,Female,36-45,45,1973-03-14,General,Muslim,OWN,50K-75K,Business,490,XLG,Services, 36 months,0.1065,B,B2,BEHROR,301-DBS,JAIPUR,RJ,RJ,RAJASTHAN,BEHROD,30179,10055-MAHESH KUMAR PATEL,Low,31419,31471,30397,38.33,3601.97,N,N,2,On-Time,0,0,1,2015-01-16,0,Nov-2019
ACC000909,645,UJJAIN,JLG46K,18353,19859,34137,2017-06-17,Fully Paid,Monthly EMI,1510002,UJJAIN-1510002,Laksh Sharma,Female,26-35,29,1979-01-29,ST,Sikh,MORTGAGE,<25K,Self-Employed,695,XLG,Home Loan, 36 months,0.1825,D,D5,UJJAIN,200-DBS,BHOPAL,MP,MP,MADHYA PRADESH,UJJAIN,1510002,12915-FAIZAL KHAN,High,19279,20656,18243,38.99,3635.3,N,N,1,On-Time,0,0,1,2017-06-17,1,Jun-2017
ACC000910,130,SANGRUR,JLG35K,41333,46938,38677,2023-06-11,Fully Paid,Monthly EMI,110159,SANGRUR-110159,Vivaan Verma,Female,26-35,34,1985-09-29,ST,Sikh,MORTGAGE,100K+,Self-Employed,469,XLG,Trade, 36 months,0.0991,B,B1,SANGRUR,102-DBS,LUDHIANA,PB,PB,PUNJAB,SANGRUR,110159,10037-RAJESH PRATAP,Low,42031,47151,41075,12.09,3274.53,N,N,2,On-Time,0,0,1,2015-03-16,0,Jun-2023
ACC000911,693,GUWAHATI,JLG44K,45685,9231,16429,2020-03-12,Paid Off,Quarterly EMI,560090,GUWAHATI-560090,Kavya Gupta,Female,36-45,45,1979-01-29,General,Hindu,RENT,75K-100K,Self-Employed,773,XLG,Home Loan, 36 months,0.0662,A,A2,GUWAHATI,208-DBS,GUWAAHATI,AS,AS,ASSAM,Guwahati,560090,11955-LEKHAN KONWAR,Medium,46878,10442,45528,48.7,2018.86,N,N,2,On-Time,0,0,1,2016-08-30,0,Mar-2020
ACC000912,230,SANGRUR,JLG35K,3495,22144,19250,2015-11-11,Paid Off,Monthly EMI,110159,SANGRUR-110159,Meera Chopra,Female,46-55,53,1979-01-29,ST,Sikh,RENT,75K-100K,Business,551,XLG,Trade, 36 months,0.0991,B,B1,SANGRUR,102-DBS,LUDHIANA,PB,PB,PUNJAB,SANGRUR,110159,10037-RAJESH PRATAP,Low,5019,22525,3184,27.67,1665.88,N,N,1,On-Time,0,0,1,2015-11-11,1,Nov-2015
ACC000913,740,MAWANA,JLG30K,8014,34926,2549,2022-12-08,Default,Quarterly EMI,800018,MAWANA-800018,Nisha Joshi,Female,26-35,35,1979-01-29,ST,Sikh,RENT,<25K,Business,697,XLG,Services, 36 months,0.1065,B,B2,MAWANA,176-DBS,BULANDSHAHR,UP,UP,UTTAR PRADESH,MEERUT,800018,11183-ANIL KUMAR,Medium,7661,35727,7561,4.21,1304.62,N,N,0,On-Time,0,0,1,2022-12-08,1,Dec-2022
ACC000914,505,DURGAPUR,JLG30K,30519,41366,42964,2018-08-18,Active,Monthly EMI,700013,DURGAPUR-700013,Kavya Reddy,Female,46-55,49,1979-01-29,Minority,Muslim,RENT,<25K,Salaried,442,XLG,Services, 36 months,0.1065,B,B2,DURGAPUR,201-DBS,HOWRAH,WB,WB,WEST BENGAL,PASCHIM BARDHHAMAN,700013,10037-RAJESH PRATAP,Low,32278,42279,30248,14.83,220.15,N,N,0,On-Time,0,0,1,2017-01-05,0,Aug-2018
ACC000915,259,MAWANA,JLG30K,48283,26030,19834,2023-03-05,Fully Paid,Monthly EMI,800018,MAWANA-800018,Diya Joshi,Female,26-35,34,1979-01-29,OBC,Hindu,RENT,25K-50K,Salaried,756,XLG,Services, 36 months,0.1065,B,B2,MAWANA,176-DBS,BULANDSHAHR,UP,UP,UTTAR PRADESH,MEERUT,800018,11183-ANIL KUMAR,Medium,50196,27974,48223,20.81,4499.83,N,N,2,On-Time,0,0,1,2022-02-13,0,Mar-2023
ACC000916,781,Mathura,JLG44K,19595,5595,14521,2021-05-02,Paid Off,Quarterly EMI,910182,Mathura-910182,Ananya Sharma,Female,26-35,32,1979-01-29,OBC,Hindu,RENT,100K+,Self-Employed,584,XLG,Home Loan, 36 months,0.0662,A,A2,Mathura,176-DBS,BULANDSHAHR,UP,UP,UTTAR PRADESH,MATHURA,910182,10469-MANISH  PANDEY,High,19953,6184,19289,41.47,1523.51,N,N,2,On-Time,0,0,1,2015-08-24,0,May-2021
ACC000917,714,JORHAT,JLG30K,29425,15440,6600,2020-04-10,Paid Off,Monthly EMI,850152,JORHAT-850152,Vivaan Joshi,Female,26-35,33,1986-06-15,SC,Sikh,MORTGAGE,75K-100K,Self-Employed,847,XLG,Services, 36 months,0.1065,B,B2,JORHAT,208-DBS,GUWAAHATI,AS,AS,ASSAM,JORHAT,850152,10961-NAYAN JYOTI SARMAH,High,29558,16561,29191,43.43,1866.82,N,N,0,Late,0,0,1,2020-04-10,1,Apr-2020
ACC000918,955,Mangaldoi,JLG46K,3506,26931,27657,2020-09-09,Fully Paid,Quarterly EMI,570241,Mangaldoi-570241,Laksh Reddy,Female,36-45,36,1979-01-29,OBC,Hindu,OWN,50K-75K,Business,787,XLG,Home Loan, 36 months,0.1825,D,D5,Mangaldoi,208-DBS,GUWAAHATI,AS,AS,ASSAM,Mangaldoi,570241,10961-NAYAN JYOTI SARMAH,Low,3851,28148,3227,17.85,3327.55,N,N,0,On-Time,0,0,1,2015-02-10,0,Sep-2020
ACC000919,931,RAIPUR,JLG30K,19011,45157,2303,2018-09-04,Fully Paid,Monthly EMI,230415,RAIPUR-230415,Aditya Verma,Female,36-45,40,1979-01-29,Minority,Muslim,RENT,50K-75K,Salaried,714,XLG,Services, 36 months,0.1065,B,B2,RAIPUR,207-DBS,RAIPUR,CG,CG,CHATTISGARH,RAIPUR,230415,10924-DILIP KUMAR,High,19184,46585,18815,26.64,3809.21,N,N,1,Late,0,0,1,2016-11-07,0,Sep-2018
ACC000920,606,Mathura,JLG30K,42374,29522,29015,2015-12-23,Paid Off,Quarterly EMI,910182,Mathura-910182,Diya Reddy,Female,36-45,40,1979-12-28,ST,Sikh,RENT,<25K,Self-Employed,810,XLG,Services, 36 months,0.1065,B,B2,Mathura,176-DBS,BULANDSHAHR,UP,UP,UTTAR PRADESH,MATHURA,910182,10469-MANISH  PANDEY,High,42411,30563,41896,33.49,2830.03,N,N,1,On-Time,0,0,1,2015-12-23,1,Dec-2015
ACC000921,62,SIRSA,JLG35,35732,26021,38625,2023-09-14,Paid Off,Monthly EMI,730084,SIRSA-730084,Ishaan Nair,Female,36-45,36,1983-03-26,OBC,Hindu,MORTGAGE,25K-50K,Self-Employed,552,XLG,Home Loan, 60 months,0.1465,C,C3,SIRSA,206-DBS,KARNAL,HR,HR,HARYANA,SIRSA,730084,10149-ABHISHEK MAURYA,Medium,37422,25530,35461,8.63,1593.64,N,N,1,On-Time,0,0,1,2018-06-29,0,Sep-2023
ACC000922,835,SANGRUR,JLG46K,34487,22844,43212,2017-04-29,Fully Paid,Monthly EMI,110159,SANGRUR-110159,Vivaan Gupta,Female,46-55,46,1979-01-29,ST,Sikh,OWN,75K-100K,Business,481,XLG,Home Loan, 36 months,0.1825,D,D5,SANGRUR,102-DBS,LUDHIANA,PB,PB,PUNJAB,SANGRUR,110159,10037-RAJESH PRATAP,Low,34369,22692,34339,27.0,3028.42,N,N,2,On-Time,0,0,1,2017-01-14,0,Apr-2017
ACC000923,277,TEZPUR,JLG35K,26158,32758,22378,2018-11-04,Fully Paid,Quarterly EMI,680026,TEZPUR-680026,Meera Joshi,Female,36-45,42,1979-01-29,ST,Sikh,RENT,25K-50K,Salaried,534,XLG,Trade, 36 months,0.0991,B,B1,TEZPUR,208-DBS,GUWAAHATI,AS,AS,ASSAM,SONITPUR,680026,11055-MANAS PROTIM HAZARIKA,Medium,28104,33894,26040,17.06,4877.1,N,N,0,On-Time,0,0,1,2018-11-04,1,Nov-2018
ACC000924,468,MUKTSAR,JLG35K,27722,5254,16832,2020-12-03,Paid Off,Quarterly EMI,1110166,MUKTSAR-1110166,Laksh Mehta,Female,36-45,44,1975-07-28,General,Muslim,RENT,50K-75K,Salaried,425,XLG,Trade, 36 months,0.0991,B,B1,MUKTSAR,102-DBS,LUDHIANA,PB,PB,PUNJAB,SRI MUKTSAR SAHIB,1110166,11303-ASHUTOSH KUMAR SUMAN,Medium,28826,5423,27382,34.98,2467.54,N,N,2,On-Time,0,0,1,2015-11-15,0,Dec-2020
ACC000925,203,FATEHABAD,JLG30K,23040,38130,18292,2016-10-30,Fully Paid,Quarterly EMI,670106,FATEHABAD-670106,Aarav Malhotra,Female,46-55,53,1979-01-29,Minority,Muslim,RENT,25K-50K,Business,812,XLG,Services, 36 months,0.1065,B,B2,FATEHABAD,206-DBS,KARNAL,HR,HR,HARYANA,FATEHABAD,670106,10316-DEEPAK KUMAR,Medium,22655,38953,22972,0.32,3716.47,N,N,1,Late,0,0,1,2016-10-30,1,Oct-2016
ACC000926,39,BEHROR,JLG35K,40398,24855,34479,2022-02-04,Default,Monthly EMI,30179,BEHROR-30179,Nisha Patel,Female,36-45,41,1979-01-29,General,Hindu,RENT,100K+,Salaried,399,XLG,Trade, 36 months,0.0991,B,B1,BEHROR,301-DBS,JAIPUR,RJ,RJ,RAJASTHAN,BEHROD,30179,10055-MAHESH KUMAR PATEL,Low,40129,25315,40015,22.43,1252.68,N,N,2,On-Time,0,0,1,2017-11-07,0,Feb-2022
ACC000927,813,SANGRUR,JLG46K,23932,2946,28245,2022-07-21,Paid Off,Quarterly EMI,110159,SANGRUR-110159,Kavya Verma,Female,36-45,39,1979-01-29,ST,Sikh,RENT,100K+,Business,791,XLG,Home Loan, 36 months,0.1825,D,D5,SANGRUR,102-DBS,LUDHIANA,PB,PB,PUNJAB,SANGRUR,110159,10037-RAJESH PRATAP,Low,25431,3372,23717,48.6,637.61,N,N,1,On-Time,0,0,1,2022-07-21,1,Jul-2022
ACC000928,836,MUKTSAR,JLG35K,35786,49194,9486,2019-11-10,Active,Quarterly EMI,1110166,MUKTSAR-1110166,Ishaan Gupta,Female,26-35,28,1979-01-29,SC,Hindu,RENT,100K+,Business,536,XLG,Trade, 36 months,0.0991,B,B1,MUKTSAR,102-DBS,LUDHIANA,PB,PB,PUNJAB,SRI MUKTSAR SAHIB,1110166,11303-ASHUTOSH KUMAR SUMAN,Medium,37171,49191,35636,13.43,257.32,N,N,1,On-Time,0,0,1,2019-11-10,1,Nov-2019
ACC000929,378,DHURI,JLG35K,45695,41166,16161,2023-01-03,Active,Quarterly EMI,1030063,DHURI-1030063,Meera Nair,Female,36-45,38,1979-01-29,ST,Sikh,OWN,75K-100K,Self-Employed,368,XLG,Trade, 36 months,0.0991,B,B1,DHURI,102-DBS,LUDHIANA,PB,PB,PUNJAB,SANGRUR,1030063,12058-DEEPAK KUMAR,Low,47212,41104,45233,10.94,3365.06,N,N,0,On-Time,0,0,1,2023-01-03,1,Jan-2023
ACC000930,957,BILASPUR,JLG35K,23564,30646,32846,2015-02-22,Active,Monthly EMI,240005,BILASPUR-240005,Diya Chopra,Female,26-35,35,1984-03-20,SC,Hindu,RENT,75K-100K,Self-Employed,567,XLG,Trade, 36 months,0.0991,B,B1,BILASPUR,207-DBS,RAIPUR,CG,CG,CHATTISGARH,BILASPUR,240005,10886-MANISH KUMAR DWIVEDI,Low,25486,31931,23160,47.1,1078.71,N,N,1,On-Time,0,0,1,2015-02-22,1,Feb-2015
ACC000931,442,DURGAPUR,JLG45K,4098,10377,1826,2022-07-17,Default,Quarterly EMI,700013,DURGAPUR-700013,Aditya Verma,Female,36-45,40,1979-01-29,Minority,Muslim,RENT,50K-75K,Salaried,714,XLG,Agriculture, 36 months,0.0751,A,A3,DURGAPUR,201-DBS,HOWRAH,WB,WB,WEST BENGAL,PASCHIM BARDHHAMAN,700013,10037-RAJESH PRATAP,Low,5005,9975,3962,14.65,174.72,N,N,1,On-Time,0,0,1,2022-07-17,1,Jul-2022
ACC000932,919,DHURI,JLG35K,29307,28816,34839,2022-03-30,Fully Paid,Monthly EMI,1030063,DHURI-1030063,Vivaan Gupta,Female,46-55,46,1979-01-29,ST,Sikh,OWN,75K-100K,Business,481,XLG,Trade, 36 months,0.0991,B,B1,DHURI,102-DBS,LUDHIANA,PB,PB,PUNJAB,SANGRUR,1030063,12058-DEEPAK KUMAR,Low,29655,29574,29168,47.84,1958.0,N,Y,0,Late,1,0,1,2022-03-30,1,Mar-2022
ACC000933,684,MUKTSAR,JLG30K,18818,6291,18406,2023-11-13,Paid Off,Quarterly EMI,1110166,MUKTSAR-1110166,Meera Nair,Female,36-45,38,1979-01-29,ST,Sikh,OWN,75K-100K,Self-Employed,368,XLG,Services, 36 months,0.1065,B,B2,MUKTSAR,102-DBS,LUDHIANA,PB,PB,PUNJAB,SRI MUKTSAR SAHIB,1110166,11303-ASHUTOSH KUMAR SUMAN,Medium,20613,6089,18794,38.69,4867.55,N,N,1,On-Time,0,0,1,2018-12-21,0,Nov-2023
ACC000934,143,SANGRUR,JLG30K,8253,10469,31346,2019-05-27,Active,Quarterly EMI,110159,SANGRUR-110159,Vivaan Verma,Female,46-55,52,1979-01-29,ST,Sikh,RENT,100K+,Salaried,626,XLG,Services, 36 months,0.1065,B,B2,SANGRUR,102-DBS,LUDHIANA,PB,PB,PUNJAB,SANGRUR,110159,10037-RAJESH PRATAP,Low,9520,11016,7764,12.99,3087.08,N,N,2,On-Time,0,0,1,2018-05-13,0,May-2019
ACC000935,672,BEHROR,JLG35K,4103,15341,14989,2023-08-14,Fully Paid,Monthly EMI,30179,BEHROR-30179,Laksh Mehta,Female,36-45,40,1979-01-29,ST,Sikh,RENT,50K-75K,Self-Employed,318,XLG,Trade, 36 months,0.0991,B,B1,BEHROR,301-DBS,JAIPUR,RJ,RJ,RAJASTHAN,BEHROD,30179,10055-MAHESH KUMAR PATEL,Low,5354,16362,3919,9.65,3188.15,Y,N,0,On-Time,0,1,1,2015-06-26,0,Aug-2023
ACC000936,5,FATEHGARH SAHIB,JLG35K,25979,15651,11581,2015-06-04,Paid Off,Quarterly EMI,120676,FATEHGARH SAHIB-120676,Meera Gupta,Female,46-55,55,1979-01-29,ST,Christian,RENT,100K+,Business,773,XLG,Trade, 36 months,0.0991,B,B1,FATEHGARH SAHIB,102-DBS,LUDHIANA,PB,PB,PUNJAB,FATEHGARH SAHIB,120676,10037-RAJESH PRATAP,Medium,26653,16630,25896,12.86,3732.4,N,N,1,On-Time,0,0,1,2015-06-04,1,Jun-2015
ACC000937,523,ASANSOL,JLG35K,41207,14522,16783,2021-12-06,Active,Monthly EMI,690076,ASANSOL-690076,Meera Patel,Female,26-35,28,1991-03-29,ST,Sikh,RENT,25K-50K,Salaried,432,XLG,Trade, 36 months,0.0991,B,B1,ASANSOL,201-DBS,HOWRAH,WB,WB,WEST BENGAL,PASCHIM BARDHHAMAN,690076,10035-ABHAY TOMER,Medium,41331,15997,40751,48.0,363.06,N,N,0,On-Time,0,0,1,2021-12-06,1,Dec-2021
ACC000938,373,PATIALA,JLG30K,41225,7782,25923,2021-01-13,Default,Quarterly EMI,100186,PATIALA-100186,Meera Gupta,Female,26-35,29,1979-01-29,ST,Sikh,RENT,75K-100K,Self-Employed,369,XLG,Services, 36 months,0.1065,B,B2,PATIALA,102-DBS,LUDHIANA,PB,PB,PUNJAB,PATIALA,100186,10420-MUNENDRA  SINGH,Medium,40800,9609,40857,11.44,1403.29,N,N,1,Late,0,0,1,2016-03-16,0,Jan-2021
ACC000939,828,TEZPUR,JLG35K,7517,10278,35478,2020-05-14,Fully Paid,Quarterly EMI,680026,TEZPUR-680026,Kavya Mehta,Female,46-55,52,1979-01-29,General,Muslim,RENT,<25K,Business,390,XLG,Trade, 36 months,0.0991,B,B1,TEZPUR,208-DBS,GUWAAHATI,AS,AS,ASSAM,SONITPUR,680026,11055-MANAS PROTIM HAZARIKA,Medium,9470,11487,7147,38.62,2696.14,N,N,1,On-Time,0,0,1,2016-04-24,0,May-2020
ACC000940,242,Mangaldoi,JLG30K,8966,17105,19128,2015-10-15,Fully Paid,Monthly EMI,570241,Mangaldoi-570241,Kavya Verma,Female,36-45,37,1979-01-29,General,Hindu,RENT,<25K,Self-Employed,479,XLG,Services, 36 months,0.1065,B,B2,Mangaldoi,208-DBS,GUWAAHATI,AS,AS,ASSAM,Mangaldoi,570241,10961-NAYAN JYOTI SARMAH,Low,9778,18896,8631,10.6,2083.06,N,N,2,On-Time,0,0,1,2015-10-15,1,Oct-2015
ACC000941,742,BULANDSHAHR,JLG29K,11154,37288,5285,2016-10-16,Fully Paid,Monthly EMI,10068,BULANDSHAHR-10068,Ananya Sharma,Female,26-35,29,1979-01-29,General,Hindu,MORTGAGE,<25K,Self-Employed,712,XLG,Trade, 60 months,0.1727,D,D3,BULANDSHAHR,176-DBS,BULANDSHAHR,UP,UP,UTTAR PRADESH,BULANDSHAHAR,10068,10057-NANDI SHANKAR,High,12899,37984,10985,5.08,3818.38,N,N,0,On-Time,0,0,1,2016-10-16,1,Oct-2016
ACC000942,946,BEHROR,JLG30K,38507,41132,23920,2017-07-21,Active,Quarterly EMI,30179,BEHROR-30179,Meera Joshi,Female,36-45,42,1979-01-29,ST,Sikh,RENT,25K-50K,Salaried,534,XLG,Services, 36 months,0.1065,B,B2,BEHROR,301-DBS,JAIPUR,RJ,RJ,RAJASTHAN,BEHROD,30179,10055-MAHESH KUMAR PATEL,Low,39216,42297,38146,30.34,2288.28,Y,N,2,On-Time,0,1,1,2017-07-21,1,Jul-2017
ACC000943,647,DHURI,JLG46K,47018,13245,31815,2016-03-18,Paid Off,Monthly EMI,1030063,DHURI-1030063,Ananya Reddy,Female,18-25,39,1979-01-29,General,Muslim,MORTGAGE,<25K,Self-Employed,660,XLG,Home Loan, 36 months,0.1825,D,D5,DHURI,102-DBS,LUDHIANA,PB,PB,PUNJAB,SANGRUR,1030063,12058-DEEPAK KUMAR,Low,47310,14611,46895,14.33,2084.75,N,N,1,On-Time,0,0,1,2016-03-18,1,Mar-2016
ACC000944,769,VARANASI,JLG30K,26023,3669,43797,2017-08-12,Fully Paid,Quarterly EMI,1280108,VARANASI-1280108,Meera Chopra,Female,46-55,53,1979-01-29,ST,Sikh,RENT,75K-100K,Business,551,XLG,Services, 36 months,0.1065,B,B2,VARANASI,176-DBS,VARANASI,UP,UP,UTTAR PRADESH,VARANASI,1280108,10568-RAJU RANJAN RAY,Medium,28017,3746,25650,48.14,4655.14,N,N,0,On-Time,0,0,1,2015-07-05,0,Aug-2017
ACC000945,729,BUXAR,JLG30K,21350,7421,3528,2023-05-18,Active,Monthly EMI,710002,BUXAR-710002,Kavya Mehta,Female,36-45,45,1973-03-14,General,Muslim,OWN,50K-75K,Business,490,XLG,Services, 36 months,0.1065,B,B2,BUXAR,209-DBS,PATNA,BR,BR,BIHAR,BUXAR,710002,10055-MAHESH KUMAR PATEL,Medium,21299,9208,20858,47.88,341.4,N,N,1,On-Time,0,0,1,2016-01-08,0,May-2023
ACC000946,506,ASANSOL,JLG35K,34690,28798,34434,2023-01-14,Fully Paid,Quarterly EMI,690076,ASANSOL-690076,Aarav Malhotra,Female,46-55,53,1979-01-29,Minority,Muslim,RENT,25K-50K,Business,812,XLG,Trade, 36 months,0.0991,B,B1,ASANSOL,201-DBS,HOWRAH,WB,WB,WEST BENGAL,PASCHIM BARDHHAMAN,690076,10035-ABHAY TOMER,Medium,35586,28625,34528,32.53,265.95,N,N,1,On-Time,0,0,1,2016-10-10,0,Jan-2023
ACC000947,831,DHURI,JLG44K,34398,30233,8843,2019-08-15,Active,Monthly EMI,1030063,DHURI-1030063,Aditya Joshi,Female,46-55,54,1979-01-29,OBC,Hindu,RENT,50K-75K,Business,357,XLG,Home Loan, 36 months,0.0662,A,A2,DHURI,102-DBS,LUDHIANA,PB,PB,PUNJAB,SANGRUR,1030063,12058-DEEPAK KUMAR,Low,36073,31149,34083,28.64,1075.97,N,N,1,On-Time,0,0,1,2017-01-22,0,Aug-2019
ACC000948,782,BEHROR,JLG30K,44747,24119,24862,2022-12-01,Active,Monthly EMI,30179,BEHROR-30179,Nisha Malhotra,Female,26-35,29,1979-01-29,ST,Sikh,MORTGAGE,100K+,Self-Employed,799,XLG,Services, 36 months,0.1065,B,B2,BEHROR,301-DBS,JAIPUR,RJ,RJ,RAJASTHAN,BEHROD,30179,10055-MAHESH KUMAR PATEL,Low,46005,25039,44740,45.06,2805.41,N,Y,0,On-Time,1,0,1,2017-06-18,0,Dec-2022
ACC000949,18,FATEHGARH SAHIB,JLG35K,44272,26041,26494,2017-01-11,Fully Paid,Quarterly EMI,120676,FATEHGARH SAHIB-120676,Meera Verma,Female,46-55,47,1979-01-29,SC,Hindu,RENT,75K-100K,Business,546,XLG,Trade, 36 months,0.0991,B,B1,FATEHGARH SAHIB,102-DBS,LUDHIANA,PB,PB,PUNJAB,FATEHGARH SAHIB,120676,10037-RAJESH PRATAP,Medium,46031,26998,44232,21.12,4206.77,N,N,2,Late,0,0,1,2017-01-11,1,Jan-2017
ACC000950,164,ASANSOL,JLG30K,42711,37757,36776,2018-08-11,Default,Quarterly EMI,690076,ASANSOL-690076,Kavya Chopra,Female,36-45,43,1979-01-29,General,Muslim,OWN,100K+,Business,300,XLG,Services, 36 months,0.1065,B,B2,ASANSOL,201-DBS,HOWRAH,WB,WB,WEST BENGAL,PASCHIM BARDHHAMAN,690076,10035-ABHAY TOMER,Medium,42808,39367,42440,5.47,1246.21,Y,N,1,On-Time,0,1,1,2017-07-16,0,Aug-2018
ACC000951,320,Mathura,JLG30K,36478,44577,15150,2018-08-09,Fully Paid,Quarterly EMI,910182,Mathura-910182,Kavya Malhotra,Female,26-35,33,1985-05-30,General,Hindu,RENT,100K+,Self-Employed,716,XLG,Services, 36 months,0.1065,B,B2,Mathura,176-DBS,BULANDSHAHR,UP,UP,UTTAR PRADESH,MATHURA,910182,10469-MANISH  PANDEY,High,38130,45602,36207,35.8,4461.99,N,N,0,Late,0,0,1,2017-11-17,0,Aug-2018
ACC000952,525,DIBRUGARH,JLG35K,11093,11214,16568,2020-03-19,Fully Paid,Quarterly EMI,1050013,DIBRUGARH-1050013,Kavya Gupta,Female,26-35,35,1979-01-29,ST,Sikh,RENT,50K-75K,Business,721,XLG,Trade, 36 months,0.0991,B,B1,DIBRUGARH,208-DBS,GUWAAHATI,AS,AS,ASSAM,DIBRUGARH,1050013,10961-NAYAN JYOTI SARMAH,Low,11577,12411,11016,17.8,2796.49,N,N,2,Late,0,0,1,2015-01-11,0,Mar-2020
ACC000953,530,SANGRUR,JLG30K,41670,6637,25786,2020-04-06,Paid Off,Quarterly EMI,110159,SANGRUR-110159,Kavya Mehta,Female,36-45,45,1973-03-14,General,Muslim,OWN,50K-75K,Business,490,XLG,Services, 36 months,0.1065,B,B2,SANGRUR,102-DBS,LUDHIANA,PB,PB,PUNJAB,SANGRUR,110159,10037-RAJESH PRATAP,Low,41472,7707,41232,3.37,4954.9,N,N,2,On-Time,0,0,1,2017-07-23,0,Apr-2020
ACC000954,775,DURGAPUR,JLG30K,4517,29362,43219,2021-05-17,Fully Paid,Monthly EMI,700013,DURGAPUR-700013,Meera Gupta,Female,46-55,47,1979-01-29,Minority,Muslim,MORTGAGE,25K-50K,Self-Employed,346,XLG,Services, 36 months,0.1065,B,B2,DURGAPUR,201-DBS,HOWRAH,WB,WB,WEST BENGAL,PASCHIM BARDHHAMAN,700013,10037-RAJESH PRATAP,Low,4169,29425,4206,25.55,1158.95,N,N,0,On-Time,0,0,1,2021-05-17,1,May-2021
ACC000955,755,DHURI,JLG35K,39245,5862,42497,2021-11-11,Active,Monthly EMI,1030063,DHURI-1030063,Ananya Reddy,Female,26-35,29,1979-01-29,ST,Sikh,RENT,100K+,Salaried,324,XLG,Trade, 36 months,0.0991,B,B1,DHURI,102-DBS,LUDHIANA,PB,PB,PUNJAB,SANGRUR,1030063,12058-DEEPAK KUMAR,Low,40447,7720,38968,45.51,3380.82,N,N,0,On-Time,0,0,1,2017-04-23,0,Nov-2021
ACC000956,373,DHURI,JLG30K,38589,28834,24311,2016-07-20,Active,Monthly EMI,1030063,DHURI-1030063,Meera Gupta,Female,26-35,29,1979-01-29,ST,Sikh,RENT,75K-100K,Self-Employed,369,XLG,Services, 36 months,0.1065,B,B2,DHURI,102-DBS,LUDHIANA,PB,PB,PUNJAB,SANGRUR,1030063,12058-DEEPAK KUMAR,Low,40362,30008,38546,35.31,2414.56,N,N,0,On-Time,0,0,1,2016-03-16,0,Jul-2016
ACC000957,429,JORHAT,JLG30K,34398,31936,15506,2021-12-02,Paid Off,Quarterly EMI,850152,JORHAT-850152,Ishaan Gupta,Female,26-35,28,1979-01-29,SC,Hindu,RENT,100K+,Business,536,XLG,Services, 36 months,0.1065,B,B2,JORHAT,208-DBS,GUWAAHATI,AS,AS,ASSAM,JORHAT,850152,10961-NAYAN JYOTI SARMAH,High,34110,32514,34398,24.83,2667.78,N,N,0,On-Time,0,0,1,2017-09-14,0,Dec-2021
ACC000958,394,SAMRALA,JLG35K,49409,7814,20690,2016-08-13,Active,Quarterly EMI,130067,SAMRALA-130067,Aditya Patel,Female,26-35,27,1979-01-29,ST,Sikh,MORTGAGE,75K-100K,Salaried,600,XLG,Trade, 36 months,0.0991,B,B1,SAMRALA,102-DBS,LUDHIANA,PB,PB,PUNJAB,SAMRALA,130067,10050-GAUTAM SINGH,Low,49542,8468,49390,35.16,900.2,N,Y,1,On-Time,1,0,1,2016-08-13,1,Aug-2016
ACC000959,377,FATEHGARH SAHIB,JLG30K,40199,2520,15552,2018-12-11,Paid Off,Quarterly EMI,120676,FATEHGARH SAHIB-120676,Ananya Nair,Female,36-45,44,1979-01-29,ST,Sikh,RENT,50K-75K,Self-Employed,638,XLG,Services, 36 months,0.1065,B,B2,FATEHGARH SAHIB,102-DBS,LUDHIANA,PB,PB,PUNJAB,FATEHGARH SAHIB,120676,10037-RAJESH PRATAP,Medium,40235,3716,40175,48.74,1041.19,N,N,0,On-Time,0,0,1,2018-12-11,1,Dec-2018
ACC000960,713,RAIPUR,JLG30K,32618,30423,17338,2019-01-10,Active,Monthly EMI,230415,RAIPUR-230415,Diya Chopra,Female,26-35,35,1984-03-20,SC,Hindu,RENT,75K-100K,Self-Employed,567,XLG,Services, 36 months,0.1065,B,B2,RAIPUR,207-DBS,RAIPUR,CG,CG,CHATTISGARH,RAIPUR,230415,10924-DILIP KUMAR,High,33017,30175,32184,10.45,3210.13,N,N,1,On-Time,0,0,1,2019-01-10,1,Jan-2019
ACC000961,711,SANGRUR,JLG35K,8028,49788,36355,2018-03-06,Default,Quarterly EMI,110159,SANGRUR-110159,Aditya Verma,Female,36-45,40,1979-01-29,Minority,Muslim,RENT,50K-75K,Salaried,714,XLG,Trade, 36 months,0.0991,B,B1,SANGRUR,102-DBS,LUDHIANA,PB,PB,PUNJAB,SANGRUR,110159,10037-RAJESH PRATAP,Low,7705,51660,7900,5.37,4888.72,N,N,0,On-Time,0,0,1,2018-03-06,1,Mar-2018
ACC000962,13,DURGAPUR,JLG30K,48537,38421,13437,2018-06-09,Fully Paid,Quarterly EMI,700013,DURGAPUR-700013,Laksh Reddy,Female,36-45,36,1979-01-29,OBC,Hindu,OWN,50K-75K,Business,787,XLG,Services, 36 months,0.1065,B,B2,DURGAPUR,201-DBS,HOWRAH,WB,WB,WEST BENGAL,PASCHIM BARDHHAMAN,700013,10037-RAJESH PRATAP,Low,50524,40200,48255,26.65,2158.42,N,N,2,On-Time,0,0,1,2017-12-01,0,Jun-2018
ACC000963,703,BULANDSHAHR,JLG35K,6232,28509,7344,2018-07-01,Fully Paid,Quarterly EMI,10068,BULANDSHAHR-10068,Meera Patel,Female,26-35,28,1979-01-29,SC,Hindu,RENT,25K-50K,Business,385,XLG,Trade, 36 months,0.0991,B,B1,BULANDSHAHR,176-DBS,BULANDSHAHR,UP,UP,UTTAR PRADESH,BULANDSHAHAR,10068,10057-NANDI SHANKAR,High,7881,28743,6135,24.34,3465.9,N,N,2,On-Time,0,0,1,2018-07-01,1,Jul-2018
ACC000964,651,DHURI,JLG30K,40484,29014,43116,2015-06-29,Fully Paid,Quarterly EMI,1030063,DHURI-1030063,Aditya Mehta,Female,36-45,38,1979-01-29,SC,Hindu,OWN,25K-50K,Business,696,XLG,Services, 36 months,0.1065,B,B2,DHURI,102-DBS,LUDHIANA,PB,PB,PUNJAB,SANGRUR,1030063,12058-DEEPAK KUMAR,Low,40048,28561,40084,23.03,3070.7,Y,N,0,On-Time,0,1,1,2015-06-29,1,Jun-2015
ACC000965,59,DHURI,JLG30K,2680,27615,26881,2023-06-21,Paid Off,Quarterly EMI,1030063,DHURI-1030063,Aditya Mehta,Female,36-45,38,1979-01-29,SC,Hindu,OWN,25K-50K,Business,696,XLG,Services, 36 months,0.1065,B,B2,DHURI,102-DBS,LUDHIANA,PB,PB,PUNJAB,SANGRUR,1030063,12058-DEEPAK KUMAR,Low,3887,28792,2477,30.59,2627.45,Y,N,1,Late,0,1,1,2020-01-30,0,Jun-2023
ACC000966,809,DHURI,JLG30K,44614,49184,8994,2019-06-01,Fully Paid,Monthly EMI,1030063,DHURI-1030063,Aditya Mehta,Female,26-35,32,1979-01-29,ST,Sikh,RENT,75K-100K,Salaried,666,XLG,Services, 36 months,0.1065,B,B2,DHURI,102-DBS,LUDHIANA,PB,PB,PUNJAB,SANGRUR,1030063,12058-DEEPAK KUMAR,Low,45636,48847,44308,28.12,2079.86,N,N,0,On-Time,0,0,1,2016-12-26,0,Jun-2019
ACC000967,138,BULANDSHAHR,JLG30K,12565,26725,44340,2020-05-15,Fully Paid,Quarterly EMI,10068,BULANDSHAHR-10068,Ananya Nair,Female,36-45,39,1979-01-29,ST,Sikh,RENT,75K-100K,Business,795,XLG,Services, 36 months,0.1065,B,B2,BULANDSHAHR,176-DBS,BULANDSHAHR,UP,UP,UTTAR PRADESH,BULANDSHAHAR,10068,10057-NANDI SHANKAR,High,13043,26799,12109,21.53,2241.74,Y,N,0,Very Late,0,1,1,2015-04-12,0,May-2020
ACC000968,417,SANGRUR,JLG35K,17042,12111,5576,2023-04-28,Paid Off,Quarterly EMI,110159,SANGRUR-110159,Nisha Joshi,Female,26-35,35,1979-01-29,ST,Sikh,RENT,<25K,Business,697,XLG,Trade, 36 months,0.0991,B,B1,SANGRUR,102-DBS,LUDHIANA,PB,PB,PUNJAB,SANGRUR,110159,10037-RAJESH PRATAP,Low,18989,12751,16991,8.32,3849.53,N,N,1,On-Time,0,0,1,2019-02-11,0,Apr-2023
ACC000969,854,JALANDHAR,JLG30K,38031,38256,11081,2018-02-07,Paid Off,Monthly EMI,160051,JALANDHAR-160051,Meera Gupta,Female,26-35,29,1979-01-29,ST,Sikh,RENT,75K-100K,Self-Employed,369,XLG,Services, 36 months,0.1065,B,B2,JALANDHAR,102-DBS,LUDHIANA,PB,PB,PUNJAB,JALANDHAR,160051,10067-AKSHAY KUMAR,Low,39328,39427,37599,11.33,2383.54,N,N,0,On-Time,0,0,1,2018-02-07,1,Feb-2018
ACC000970,62,BEHROR,JLG39K,25545,36899,41647,2018-06-29,Paid Off,Monthly EMI,30179,BEHROR-30179,Ishaan Nair,Female,36-45,36,1983-03-26,OBC,Hindu,MORTGAGE,25K-50K,Self-Employed,552,XLG,Agriculture, 36 months,0.0662,A,A2,BEHROR,301-DBS,JAIPUR,RJ,RJ,RAJASTHAN,BEHROD,30179,10055-MAHESH KUMAR PATEL,Low,27157,37439,25280,44.22,1831.18,N,N,0,On-Time,0,0,1,2018-06-29,1,Jun-2018
ACC000971,798,BEHROR,JLG30K,45591,7200,24128,2017-12-26,Active,Monthly EMI,30179,BEHROR-30179,Ananya Reddy,Female,26-35,29,1979-01-29,ST,Sikh,RENT,100K+,Salaried,324,XLG,Services, 36 months,0.1065,B,B2,BEHROR,301-DBS,JAIPUR,RJ,RJ,RAJASTHAN,BEHROD,30179,10055-MAHESH KUMAR PATEL,Low,45946,8723,45502,22.18,2192.17,N,N,1,On-Time,0,0,1,2016-07-24,0,Dec-2017
ACC000972,276,MUKTSAR,JLG35K,20763,45375,35013,2015-06-11,Fully Paid,Quarterly EMI,1110166,MUKTSAR-1110166,Laksh Patel,Female,26-35,28,1979-01-29,SC,Hindu,MORTGAGE,75K-100K,Business,844,XLG,Trade, 36 months,0.0991,B,B1,MUKTSAR,102-DBS,LUDHIANA,PB,PB,PUNJAB,SRI MUKTSAR SAHIB,1110166,11303-ASHUTOSH KUMAR SUMAN,Medium,20300,45295,20687,32.46,2795.2,N,Y,2,On-Time,1,0,1,2015-06-11,1,Jun-2015
ACC000973,912,DURGAPUR,JLG30K,33600,41895,20405,2016-05-20,Paid Off,Monthly EMI,700013,DURGAPUR-700013,Nisha Patel,Female,26-35,34,1979-01-29,SC,Hindu,RENT,75K-100K,Salaried,734,XLG,Services, 36 months,0.1065,B,B2,DURGAPUR,201-DBS,HOWRAH,WB,WB,WEST BENGAL,PASCHIM BARDHHAMAN,700013,10037-RAJESH PRATAP,Low,34362,41989,33197,34.72,4897.57,N,N,1,Late,0,0,1,2015-04-29,0,May-2016
ACC000974,436,DHURI,JLG35K,33899,30488,14729,2023-01-04,Paid Off,Monthly EMI,1030063,DHURI-1030063,Aditya Verma,Female,46-55,49,1979-01-29,ST,Sikh,RENT,50K-75K,Self-Employed,695,XLG,Trade, 36 months,0.0991,B,B1,DHURI,102-DBS,LUDHIANA,PB,PB,PUNJAB,SANGRUR,1030063,12058-DEEPAK KUMAR,Low,34107,30520,33827,8.42,3785.93,N,N,1,On-Time,0,0,1,2019-07-31,0,Jan-2023
ACC000975,698,AGRA,JLG30K,43520,12349,14048,2018-12-26,Paid Off,Quarterly EMI,140056,AGRA-140056,Aarav Joshi,Female,18-25,22,1997-10-27,General,Hindu,RENT,<25K,Salaried,516,XLG,Services, 36 months,0.1065,B,B2,AGRA,176-DBS,BULANDSHAHR,UP,UP,UTTAR PRADESH,AGRA,140056,10161-RAM AVTAR,Medium,43456,13502,43185,8.32,4298.29,N,N,2,On-Time,0,0,1,2016-12-15,0,Dec-2018
ACC000976,859,SANGRUR,JLG50K,6469,28091,22737,2015-08-31,Active,Monthly EMI,110159,SANGRUR-110159,Kavya Malhotra,Female,26-35,33,1985-05-30,General,Hindu,RENT,100K+,Self-Employed,716,XLG,Home Loan, 60 months,0.1991,E,E4,SANGRUR,102-DBS,LUDHIANA,PB,PB,PUNJAB,SANGRUR,110159,10037-RAJESH PRATAP,Low,6106,28545,6229,38.5,1062.77,N,N,1,On-Time,0,0,1,2015-08-31,1,Aug-2015
ACC000977,947,HAPUR,JLG46K,20556,19836,26739,2017-10-09,Fully Paid,Monthly EMI,210563,HAPUR-210563,Kavya Mehta,Female,26-35,31,1979-01-29,ST,Muslim,RENT,<25K,Self-Employed,466,XLG,Home Loan, 36 months,0.1825,D,D5,HAPUR,176-DBS,BULANDSHAHR,UP,UP,UTTAR PRADESH,HAPUR,210563,10183-RISHABH PANT,Low,21285,20184,20165,39.4,1401.66,N,N,1,On-Time,0,0,1,2017-10-09,1,Oct-2017
ACC000978,205,HABRA,JLG30K,6812,46230,16687,2016-10-26,Fully Paid,Monthly EMI,650051,HABRA-650051,Meera Mehta,Female,46-55,49,1979-01-29,Minority,Muslim,MORTGAGE,<25K,Salaried,825,XLG,Services, 36 months,0.1065,B,B2,HABRA,201-DBS,HOWRAH,WB,WB,WEST BENGAL,HABRA,650051,12361-RITESH KUMAR SINHA,Low,6716,47280,6729,20.75,4879.36,N,N,1,On-Time,0,0,1,2016-10-26,1,Oct-2016
ACC000979,512,DHURI,JLG35K,29139,48924,34145,2021-12-19,Fully Paid,Quarterly EMI,1030063,DHURI-1030063,Laksh Chopra,Female,46-55,55,1964-04-22,Minority,Muslim,RENT,100K+,Self-Employed,502,XLG,Trade, 36 months,0.0991,B,B1,DHURI,102-DBS,LUDHIANA,PB,PB,PUNJAB,SANGRUR,1030063,12058-DEEPAK KUMAR,Low,28693,49605,29004,24.49,3041.92,N,N,0,On-Time,0,0,1,2018-02-12,0,Dec-2021
ACC000980,22,CHHATA,JLG46K,30708,44457,42355,2017-07-29,Fully Paid,Quarterly EMI,910020,CHHATA-910020,Meera Patel,Female,26-35,28,1979-01-29,SC,Hindu,RENT,25K-50K,Business,385,XLG,Home Loan, 36 months,0.1825,D,D5,CHHATA,176-DBS,BULANDSHAHR,UP,UP,UTTAR PRADESH,MATHURA,910020,10047-ANIL KUMAR,High,31788,46181,30333,18.94,305.58,Y,N,1,On-Time,0,1,1,2017-07-29,1,Jul-2017
ACC000981,581,DHURI,JLG30K,36365,45361,6677,2021-02-04,Paid Off,Monthly EMI,1030063,DHURI-1030063,Vivaan Gupta,Female,56-63,57,1979-01-29,General,Muslim,RENT,75K-100K,Business,472,XLG,Services, 36 months,0.1065,B,B2,DHURI,102-DBS,LUDHIANA,PB,PB,PUNJAB,SANGRUR,1030063,12058-DEEPAK KUMAR,Low,35868,45913,36066,23.38,1346.53,N,N,1,On-Time,0,0,1,2018-09-14,0,Feb-2021
ACC000982,576,ASANSOL,JLG35K,12844,16990,31101,2015-03-01,Active,Quarterly EMI,690076,ASANSOL-690076,Kavya Chopra,Female,18-25,23,1979-01-29,General,Hindu,RENT,75K-100K,Business,588,XLG,Trade, 36 months,0.0991,B,B1,ASANSOL,201-DBS,HOWRAH,WB,WB,WEST BENGAL,PASCHIM BARDHHAMAN,690076,10035-ABHAY TOMER,Medium,13830,17998,12806,41.7,3528.72,N,N,0,On-Time,0,0,1,2015-03-01,1,Mar-2015
ACC000983,193,BEHROR,JLG30K,26047,14534,36502,2023-12-23,Active,Monthly EMI,30179,BEHROR-30179,Meera Sharma,Female,36-45,43,1979-01-29,Minority,Muslim,RENT,100K+,Self-Employed,672,XLG,Services, 36 months,0.1065,B,B2,BEHROR,301-DBS,JAIPUR,RJ,RJ,RAJASTHAN,BEHROD,30179,10055-MAHESH KUMAR PATEL,Low,26843,15882,25951,31.05,1366.58,N,N,1,On-Time,0,0,1,2015-11-10,0,Dec-2023
ACC000984,199,Mangaldoi,JLG30K,40343,9210,14816,2023-07-29,Fully Paid,Quarterly EMI,570241,Mangaldoi-570241,Laksh Reddy,Female,26-35,34,1979-01-29,OBC,Hindu,RENT,<25K,Salaried,707,XLG,Services, 36 months,0.1065,B,B2,Mangaldoi,208-DBS,GUWAAHATI,AS,AS,ASSAM,Mangaldoi,570241,10961-NAYAN JYOTI SARMAH,Low,40295,10077,40325,34.83,4165.01,N,N,1,On-Time,0,0,1,2017-05-22,0,Jul-2023
ACC000985,276,BUXAR,JLG30K,6285,43942,3278,2023-01-27,Default,Monthly EMI,710002,BUXAR-710002,Laksh Patel,Female,26-35,28,1979-01-29,SC,Hindu,MORTGAGE,75K-100K,Business,844,XLG,Services, 36 months,0.1065,B,B2,BUXAR,209-DBS,PATNA,BR,BR,BIHAR,BUXAR,710002,10055-MAHESH KUMAR PATEL,Medium,6459,44369,6272,5.41,3144.33,N,N,0,On-Time,0,0,1,2015-06-11,0,Jan-2023
ACC000986,924,SANGRUR,JLG30K,22515,37161,33765,2016-04-21,Fully Paid,Monthly EMI,110159,SANGRUR-110159,Diya Chopra,Female,26-35,35,1984-03-20,SC,Hindu,RENT,75K-100K,Self-Employed,567,XLG,Services, 36 months,0.1065,B,B2,SANGRUR,102-DBS,LUDHIANA,PB,PB,PUNJAB,SANGRUR,110159,10037-RAJESH PRATAP,Low,23432,36684,22379,42.61,4537.25,N,N,0,On-Time,0,0,1,2015-08-20,0,Apr-2016
ACC000987,574,CHHATA,JLG30K,32947,7313,14562,2019-03-04,Fully Paid,Monthly EMI,910020,CHHATA-910020,Nisha Chopra,Female,46-55,52,1979-01-29,General,Hindu,RENT,100K+,Salaried,322,XLG,Services, 36 months,0.1065,B,B2,CHHATA,176-DBS,BULANDSHAHR,UP,UP,UTTAR PRADESH,MATHURA,910020,10047-ANIL KUMAR,High,32958,9066,32454,1.64,196.75,N,N,1,On-Time,0,0,1,2016-11-09,0,Mar-2019
ACC000988,490,BULANDSHAHR,JLG35K,28744,37018,38496,2017-01-27,Paid Off,Quarterly EMI,10068,BULANDSHAHR-10068,Diya Reddy,Female,36-45,40,1979-12-28,ST,Sikh,RENT,<25K,Self-Employed,810,XLG,Trade, 36 months,0.0991,B,B1,BULANDSHAHR,176-DBS,BULANDSHAHR,UP,UP,UTTAR PRADESH,BULANDSHAHAR,10068,10057-NANDI SHANKAR,High,28951,38605,28421,29.46,3645.07,N,N,2,On-Time,0,0,1,2017-01-27,1,Jan-2017
ACC000989,118,BEHROR,JLG35K,32141,9707,4103,2022-03-05,Active,Quarterly EMI,30179,BEHROR-30179,Meera Patel,Female,26-35,28,1991-03-29,ST,Sikh,RENT,25K-50K,Salaried,432,XLG,Trade, 36 months,0.0991,B,B1,BEHROR,301-DBS,JAIPUR,RJ,RJ,RAJASTHAN,BEHROD,30179,10055-MAHESH KUMAR PATEL,Low,32255,9309,32044,7.56,317.48,N,N,1,On-Time,0,0,1,2017-05-20,0,Mar-2022
ACC000990,628,ASANSOL,JLG30K,5889,2901,3600,2023-01-07,Default,Quarterly EMI,690076,ASANSOL-690076,Meera Gupta,Female,46-55,47,1979-01-29,Minority,Muslim,MORTGAGE,25K-50K,Self-Employed,346,XLG,Services, 36 months,0.1065,B,B2,ASANSOL,201-DBS,HOWRAH,WB,WB,WEST BENGAL,PASCHIM BARDHHAMAN,690076,10035-ABHAY TOMER,Medium,5439,4501,5713,42.61,4601.42,N,N,0,On-Time,0,0,1,2023-01-07,1,Jan-2023
ACC000991,275,MADHUBANI,JLG45K,10187,28498,34785,2017-12-12,Active,Quarterly EMI,1140044,MADHUBANI-1140044,Nisha Reddy,Female,36-45,38,1979-01-29,General,Muslim,RENT,50K-75K,Self-Employed,755,XLG,Agriculture, 36 months,0.0751,A,A3,MADHUBANI,209-DBS,PATNA,BR,BR,BIHAR,MADHUBANI,1140044,10514-MANISH KUMAR MISHRA,Medium,10707,29460,10103,39.18,4193.32,N,N,0,On-Time,0,0,1,2017-12-12,1,Dec-2017
ACC000992,445,DURGAPUR,JLG30K,18292,19003,38175,2018-04-13,Fully Paid,Quarterly EMI,700013,DURGAPUR-700013,Nisha Verma,Female,18-25,22,1979-01-29,ST,Sikh,MORTGAGE,100K+,Salaried,564,XLG,Services, 36 months,0.1065,B,B2,DURGAPUR,201-DBS,HOWRAH,WB,WB,WEST BENGAL,PASCHIM BARDHHAMAN,700013,10037-RAJESH PRATAP,Low,17852,19974,18190,6.43,135.02,N,N,0,On-Time,0,0,1,2018-04-13,1,Apr-2018
ACC000993,568,DIBRUGARH,JLG44K,18997,46997,6082,2015-05-05,Fully Paid,Monthly EMI,1050013,DIBRUGARH-1050013,Nisha Joshi,Female,46-55,48,1979-01-29,General,Hindu,MORTGAGE,50K-75K,Business,657,XLG,Home Loan, 36 months,0.0662,A,A2,DIBRUGARH,208-DBS,GUWAAHATI,AS,AS,ASSAM,DIBRUGARH,1050013,10961-NAYAN JYOTI SARMAH,Low,20487,47107,18697,28.26,4052.66,Y,N,0,On-Time,0,1,1,2015-05-05,1,May-2015
ACC000994,140,FATEHGARH SAHIB,JLG30K,34409,23763,22176,2019-03-13,Fully Paid,Quarterly EMI,120676,FATEHGARH SAHIB-120676,Nisha Nair,Female,26-35,28,1979-01-29,ST,Sikh,MORTGAGE,25K-50K,Self-Employed,641,XLG,Services, 36 months,0.1065,B,B2,FATEHGARH SAHIB,102-DBS,LUDHIANA,PB,PB,PUNJAB,FATEHGARH SAHIB,120676,10037-RAJESH PRATAP,Medium,35093,25122,34063,43.26,4448.88,N,Y,2,Late,1,0,1,2016-02-05,0,Mar-2019
ACC000995,717,SANGRUR,JLG44K,28444,48883,31604,2022-11-15,Fully Paid,Quarterly EMI,110159,SANGRUR-110159,Kavya Verma,Female,36-45,37,1979-01-29,General,Hindu,RENT,<25K,Self-Employed,479,XLG,Home Loan, 36 months,0.0662,A,A2,SANGRUR,102-DBS,LUDHIANA,PB,PB,PUNJAB,SANGRUR,110159,10037-RAJESH PRATAP,Low,30326,49037,27972,24.66,2811.65,N,N,0,On-Time,0,0,1,2016-12-23,0,Nov-2022
ACC000996,88,BEHROR,JLG35K,11312,47007,17333,2022-11-16,Fully Paid,Quarterly EMI,30179,BEHROR-30179,Diya Chopra,Female,46-55,49,1979-01-29,General,Hindu,RENT,<25K,Business,572,XLG,Trade, 36 months,0.0991,B,B1,BEHROR,301-DBS,JAIPUR,RJ,RJ,RAJASTHAN,BEHROD,30179,10055-MAHESH KUMAR PATEL,Low,11656,47809,10830,30.28,120.82,N,N,2,On-Time,0,0,1,2016-02-29,0,Nov-2022
ACC000997,54,CHHATA,JLG30K,40031,12005,11297,2018-06-13,Paid Off,Monthly EMI,910020,CHHATA-910020,Diya Chopra,Female,26-35,35,1984-03-20,SC,Hindu,RENT,75K-100K,Self-Employed,567,XLG,Services, 36 months,0.1065,B,B2,CHHATA,176-DBS,BULANDSHAHR,UP,UP,UTTAR PRADESH,MATHURA,910020,10047-ANIL KUMAR,High,40634,13216,39548,1.99,290.83,N,N,0,Very Late,0,0,1,2016-07-19,0,Jun-2018
ACC000998,23,MUKTSAR,JLG35K,31459,27640,41683,2018-01-25,Fully Paid,Quarterly EMI,1110166,MUKTSAR-1110166,Ananya Sharma,Female,26-35,32,1979-01-29,OBC,Hindu,RENT,100K+,Self-Employed,584,XLG,Trade, 36 months,0.0991,B,B1,MUKTSAR,102-DBS,LUDHIANA,PB,PB,PUNJAB,SRI MUKTSAR SAHIB,1110166,11303-ASHUTOSH KUMAR SUMAN,Medium,32875,29252,31286,6.28,218.84,N,N,2,On-Time,0,0,1,2018-01-23,0,Jan-2018
ACC000999,753,MOTIHARI,JLG30K,3327,16924,26640,2015-10-06,Default,Quarterly EMI,520376,MOTIHARI-520376,Meera Gupta,Female,46-55,52,1979-01-29,ST,Sikh,RENT,<25K,Business,805,XLG,Services, 36 months,0.1065,B,B2,MOTIHARI,209-DBS,PATNA,BR,BR,BIHAR,Motihari,520376,10537-RAGHUVANSH SINGH,Medium,4418,16429,2874,45.23,333.7,N,N,0,On-Time,0,0,1,2015-10-06,1,Oct-2015
ACC001000,353,SANGRUR,JLG41K,34610,48936,12034,2018-01-17,Fully Paid,Quarterly EMI,110159,SANGRUR-110159,Meera Chopra,Female,46-55,50,1979-01-29,SC,Hindu,RENT,75K-100K,Salaried,726,XLG,Services, 36 months,0.1465,C,C3,SANGRUR,102-DBS,LUDHIANA,PB,PB,PUNJAB,SANGRUR,110159,10037-RAJESH PRATAP,Low,35675,49373,34398,16.84,1746.37,Y,N,1,Very Late,0,1,1,2018-01-17,1,Jan-2018
ACC001001,614,DHURI,JLG30K,5970,3733,27239,2022-03-17,Paid Off,Quarterly EMI,1030063,DHURI-1030063,Meera Chopra,Female,36-45,37,1979-01-29,ST,Sikh,RENT,75K-100K,Salaried,373,XLG,Services, 36 months,0.1065,B,B2,DHURI,102-DBS,LUDHIANA,PB,PB,PUNJAB,SANGRUR,1030063,12058-DEEPAK KUMAR,Low,6321,4151,5855,15.74,3515.83,N,N,1,On-Time,0,0,1,2019-08-26,0,Mar-2022
ACC001002,728,Mangaldoi,JLG30K,33785,21041,3561,2022-05-24,Paid Off,Quarterly EMI,570241,Mangaldoi-570241,Ananya Malhotra,Female,36-45,44,1979-01-29,SC,Hindu,MORTGAGE,<25K,Self-Employed,361,XLG,Services, 36 months,0.1065,B,B2,Mangaldoi,208-DBS,GUWAAHATI,AS,AS,ASSAM,Mangaldoi,570241,10961-NAYAN JYOTI SARMAH,Low,35103,22908,33383,30.91,4005.89,N,N,1,Late,0,0,1,2022-05-24,1,May-2022
ACC001003,517,MUKTSAR,JLG50K,18389,4862,16247,2023-06-02,Active,Monthly EMI,1110166,MUKTSAR-1110166,Kavya Sharma,Female,26-35,26,1979-01-29,SC,Hindu,RENT,75K-100K,Business,398,XLG,Home Loan, 60 months,0.1991,E,E4,MUKTSAR,102-DBS,LUDHIANA,PB,PB,PUNJAB,SRI MUKTSAR SAHIB,1110166,11303-ASHUTOSH KUMAR SUMAN,Medium,19239,6392,18025,47.82,1045.87,N,N,1,Late,0,0,1,2021-08-30,0,Jun-2023
ACC001004,448,SIRSA,JLG30K,33129,28673,24115,2018-11-18,Default,Monthly EMI,730084,SIRSA-730084,Kavya Verma,Female,36-45,39,1979-01-29,ST,Sikh,RENT,100K+,Business,791,XLG,Services, 36 months,0.1065,B,B2,SIRSA,206-DBS,KARNAL,HR,HR,HARYANA,SIRSA,730084,10149-ABHISHEK MAURYA,Medium,34814,29315,32697,1.06,4027.83,N,N,1,On-Time,0,0,1,2016-11-12,0,Nov-2018
ACC001005,246,BILASPUR,JLG50K,42579,18396,35673,2020-07-14,Fully Paid,Quarterly EMI,240005,BILASPUR-240005,Diya Joshi,Female,36-45,43,1979-01-29,SC,Christian,RENT,50K-75K,Self-Employed,645,XLG,Home Loan, 60 months,0.1991,E,E4,BILASPUR,207-DBS,RAIPUR,CG,CG,CHATTISGARH,BILASPUR,240005,10886-MANISH KUMAR DWIVEDI,Low,43837,18130,42569,26.88,3935.69,N,N,0,On-Time,0,0,1,2020-07-14,1,Jul-2020
ACC001006,369,BEHROR,JLG30K,19210,29522,22812,2020-01-25,Active,Monthly EMI,30179,BEHROR-30179,Laksh Nair,Female,36-45,38,1979-01-29,Minority,Muslim,RENT,<25K,Self-Employed,578,XLG,Services, 36 months,0.1065,B,B2,BEHROR,301-DBS,JAIPUR,RJ,RJ,RAJASTHAN,BEHROD,30179,10055-MAHESH KUMAR PATEL,Low,19781,31243,18734,21.61,3603.52,N,Y,0,On-Time,1,0,1,2020-01-25,1,Jan-2020
ACC001007,545,Mangaldoi,JLG30K,19410,14658,21932,2018-03-19,Fully Paid,Monthly EMI,570241,Mangaldoi-570241,Ananya Mehta,Female,26-35,30,1979-01-29,ST,Sikh,RENT,75K-100K,Business,783,XLG,Services, 36 months,0.1065,B,B2,Mangaldoi,208-DBS,GUWAAHATI,AS,AS,ASSAM,Mangaldoi,570241,10961-NAYAN JYOTI SARMAH,Low,20157,14348,19113,6.52,256.13,N,N,2,On-Time,0,0,1,2018-03-19,1,Mar-2018
ACC001008,204,DHURI,JLG30K,25832,49315,22538,2019-09-05,Fully Paid,Monthly EMI,1030063,DHURI-1030063,Nisha Malhotra,Female,36-45,36,1979-01-29,SC,Hindu,MORTGAGE,100K+,Self-Employed,489,XLG,Services, 36 months,0.1065,B,B2,DHURI,102-DBS,LUDHIANA,PB,PB,PUNJAB,SANGRUR,1030063,12058-DEEPAK KUMAR,Low,25727,49778,25372,49.74,1248.96,N,N,1,Very Late,0,0,1,2019-09-05,1,Sep-2019
ACC001009,552,MAWANA,JLG35K,26627,47974,8803,2015-05-05,Paid Off,Quarterly EMI,800018,MAWANA-800018,Aarav Joshi,Female,18-25,22,1997-10-27,General,Hindu,RENT,<25K,Salaried,516,XLG,Trade, 36 months,0.0991,B,B1,MAWANA,176-DBS,BULANDSHAHR,UP,UP,UTTAR PRADESH,MEERUT,800018,11183-ANIL KUMAR,Medium,27401,47789,26623,0.66,4962.78,N,N,1,On-Time,0,0,1,2015-05-05,1,May-2015
ACC001010,119,AGRA,JLG30K,37382,24979,12273,2023-09-20,Fully Paid,Quarterly EMI,140056,AGRA-140056,Aarav Patel,Female,26-35,31,1979-01-29,ST,Sikh,MORTGAGE,50K-75K,Business,462,XLG,Services, 36 months,0.1065,B,B2,AGRA,176-DBS,BULANDSHAHR,UP,UP,UTTAR PRADESH,AGRA,140056,10161-RAM AVTAR,Medium,39088,25451,37357,46.52,2093.93,N,N,2,Late,0,0,1,2023-09-20,1,Sep-2023
ACC001011,439,SANGRUR,JLG35K,18758,14486,40264,2018-07-30,Fully Paid,Quarterly EMI,110159,SANGRUR-110159,Vivaan Gupta,Female,36-45,38,1979-01-29,General,Hindu,MORTGAGE,75K-100K,Business,517,XLG,Trade, 36 months,0.0991,B,B1,SANGRUR,102-DBS,LUDHIANA,PB,PB,PUNJAB,SANGRUR,110159,10037-RAJESH PRATAP,Low,19689,15355,18341,13.98,4120.01,N,N,1,On-Time,0,0,1,2018-07-30,1,Jul-2018
ACC001012,243,SIVASAGAR,JLG30K,27338,36345,18809,2023-03-10,Fully Paid,Monthly EMI,880038,SIVASAGAR-880038,Meera Patel,Female,26-35,28,1979-01-29,SC,Hindu,RENT,25K-50K,Business,385,XLG,Services, 36 months,0.1065,B,B2,SIVASAGAR,208-DBS,GUWAAHATI,AS,AS,ASSAM,SIVASAGAR,880038,12359-SAMIUR RAHMAN,High,27729,36569,27134,0.21,2522.83,Y,N,1,On-Time,0,1,1,2021-05-21,0,Mar-2023
ACC001013,525,MAWANA,JLG35K,21875,6041,26499,2015-01-11,Paid Off,Monthly EMI,800018,MAWANA-800018,Kavya Gupta,Female,26-35,35,1979-01-29,ST,Sikh,RENT,50K-75K,Business,721,XLG,Trade, 36 months,0.0991,B,B1,MAWANA,176-DBS,BULANDSHAHR,UP,UP,UTTAR PRADESH,MEERUT,800018,11183-ANIL KUMAR,Medium,22758,6659,21484,27.93,1544.37,N,N,2,On-Time,0,0,1,2015-01-11,1,Jan-2015
ACC001014,585,KURUKSHETRA,JLG30K,32844,47148,29464,2023-11-21,Fully Paid,Monthly EMI,70364,KURUKSHETRA-70364,Nisha Patel,Female,18-25,21,1979-01-29,General,Hindu,RENT,25K-50K,Salaried,800,XLG,Services, 36 months,0.1065,B,B2,KURUKSHETRA,206-DBS,KARNAL,HR,HR,HARYANA,KURUKSHETRA,70364,10028-AAYUSH PANDEY,Medium,32550,47338,32687,38.73,2690.94,N,N,0,Very Late,0,0,1,2023-11-21,1,Nov-2023
ACC001015,854,Mangaldoi,JLG30K,7023,36964,25041,2019-10-15,Fully Paid,Monthly EMI,570241,Mangaldoi-570241,Meera Gupta,Female,26-35,29,1979-01-29,ST,Sikh,RENT,75K-100K,Self-Employed,369,XLG,Services, 36 months,0.1065,B,B2,Mangaldoi,208-DBS,GUWAAHATI,AS,AS,ASSAM,Mangaldoi,570241,10961-NAYAN JYOTI SARMAH,Low,7842,36761,6685,27.28,716.9,N,N,2,On-Time,0,0,1,2018-02-07,0,Oct-2019
ACC001016,782,SIVASAGAR,JLG30K,30555,3446,20190,2018-02-06,Paid Off,Monthly EMI,880038,SIVASAGAR-880038,Nisha Malhotra,Female,26-35,29,1979-01-29,ST,Sikh,MORTGAGE,100K+,Self-Employed,799,XLG,Services, 36 months,0.1065,B,B2,SIVASAGAR,208-DBS,GUWAAHATI,AS,AS,ASSAM,SIVASAGAR,880038,12359-SAMIUR RAHMAN,High,32201,4959,30098,32.08,2329.12,N,N,0,Late,0,0,1,2017-06-18,0,Feb-2018
ACC001017,886,Mathura,JLG30K,19209,23718,20008,2020-03-25,Fully Paid,Quarterly EMI,910182,Mathura-910182,Aarav Sharma,Female,26-35,30,1987-02-18,SC,Hindu,RENT,<25K,Business,368,XLG,Services, 36 months,0.1065,B,B2,Mathura,176-DBS,BULANDSHAHR,UP,UP,UTTAR PRADESH,MATHURA,910182,10469-MANISH  PANDEY,High,19504,24329,19080,42.24,2858.28,N,N,2,On-Time,0,0,1,2020-03-25,1,Mar-2020
ACC001018,769,JALANDHAR,JLG30K,34927,24286,3586,2015-07-05,Active,Monthly EMI,160051,JALANDHAR-160051,Meera Chopra,Female,46-55,53,1979-01-29,ST,Sikh,RENT,75K-100K,Business,551,XLG,Services, 36 months,0.1065,B,B2,JALANDHAR,102-DBS,LUDHIANA,PB,PB,PUNJAB,JALANDHAR,160051,10067-AKSHAY KUMAR,Low,36153,25203,34630,24.09,515.69,N,N,2,On-Time,0,0,1,2015-07-05,1,Jul-2015
ACC001019,812,SIVASAGAR,JLG44K,47998,26014,38322,2017-04-29,Active,Quarterly EMI,880038,SIVASAGAR-880038,Kavya Gupta,Female,36-45,39,1979-01-29,OBC,Hindu,RENT,50K-75K,Salaried,692,XLG,Home Loan, 36 months,0.0662,A,A2,SIVASAGAR,208-DBS,GUWAAHATI,AS,AS,ASSAM,SIVASAGAR,880038,12359-SAMIUR RAHMAN,High,49670,26388,47531,41.54,4876.3,N,N,1,On-Time,0,0,1,2017-04-29,1,Apr-2017
ACC001020,956,CHHAPRA,JLG30K,40511,43513,44572,2019-03-11,Default,Monthly EMI,380112,CHHAPRA-380112,Kavya Mehta,Female,26-35,31,1979-01-29,ST,Muslim,RENT,<25K,Self-Employed,466,XLG,Services, 36 months,0.1065,B,B2,CHHAPRA,209-DBS,PATNA,BR,BR,BIHAR,CHHAPRA,380112,11867-VIKRANT KUMAR VICKY,High,40502,44135,40161,14.79,108.08,Y,N,1,On-Time,0,1,1,2015-09-11,0,Mar-2019
ACC001021,898,KURUKSHETRA,JLG35K,19293,11325,32174,2021-06-04,Fully Paid,Monthly EMI,70364,KURUKSHETRA-70364,Nisha Malhotra,Female,36-45,36,1979-01-29,SC,Hindu,MORTGAGE,100K+,Self-Employed,489,XLG,Trade, 36 months,0.0991,B,B1,KURUKSHETRA,206-DBS,KARNAL,HR,HR,HARYANA,KURUKSHETRA,70364,10028-AAYUSH PANDEY,Medium,19932,13001,19188,28.13,399.26,N,N,1,On-Time,0,0,1,2015-03-31,0,Jun-2021
ACC001022,670,DHURI,JLG35K,32630,47407,4589,2016-04-01,Paid Off,Monthly EMI,1030063,DHURI-1030063,Laksh Patel,Female,36-45,44,1974-05-25,ST,Hindu,RENT,<25K,Self-Employed,342,XLG,Trade, 36 months,0.0991,B,B1,DHURI,102-DBS,LUDHIANA,PB,PB,PUNJAB,SANGRUR,1030063,12058-DEEPAK KUMAR,Low,34426,49281,32559,12.64,2489.38,N,N,2,On-Time,0,0,1,2015-05-19,0,Apr-2016
ACC001023,368,BEHROR,JLG35K,41365,41454,24851,2015-01-22,Fully Paid,Quarterly EMI,30179,BEHROR-30179,Nisha Chopra,Female,26-35,28,1979-01-29,General,Hindu,RENT,<25K,Self-Employed,553,XLG,Trade, 36 months,0.0991,B,B1,BEHROR,301-DBS,JAIPUR,RJ,RJ,RAJASTHAN,BEHROD,30179,10055-MAHESH KUMAR PATEL,Low,41674,41808,40979,8.78,1984.74,N,N,1,On-Time,0,0,1,2015-01-22,1,Jan-2015
ACC001024,751,ASANSOL,JLG30K,23130,5226,5641,2018-04-22,Fully Paid,Monthly EMI,690076,ASANSOL-690076,Meera Gupta,Female,46-55,55,1979-01-29,ST,Christian,RENT,100K+,Business,773,XLG,Services, 36 months,0.1065,B,B2,ASANSOL,201-DBS,HOWRAH,WB,WB,WEST BENGAL,PASCHIM BARDHHAMAN,690076,10035-ABHAY TOMER,Medium,25018,6401,22716,37.39,443.03,N,N,0,Late,0,0,1,2018-04-22,1,Apr-2018
ACC001025,622,JAMMU,JLG30K,44056,15186,32691,2018-11-09,Paid Off,Monthly EMI,720081,JAMMU-720081,Kavya Mehta,Female,36-45,37,1979-01-29,ST,Hindu,MORTGAGE,75K-100K,Business,414,XLG,Services, 36 months,0.1065,B,B2,JAMMU,201-DBS,LUDHIANA,JK,JK,JAMMU & KASHMIR,JAMMU,720081,10588-POONAM DEVI,High,43582,14707,43899,48.3,965.41,N,N,0,On-Time,0,0,1,2018-11-09,1,Nov-2018
ACC001026,287,PAOTA,JLG30K,36843,46463,10759,2021-10-20,Fully Paid,Monthly EMI,90149,PAOTA-90149,Kavya Reddy,Female,56-63,59,1979-01-29,General,Muslim,RENT,50K-75K,Salaried,775,XLG,Services, 36 months,0.1065,B,B2,PAOTA,301-DBS,JAIPUR,RJ,RJ,RAJASTHAN,jaipur,90149,10043-RAVI MISHRA,Low,36920,46023,36369,22.26,381.25,N,N,0,On-Time,0,0,1,2016-01-23,0,Oct-2021
ACC001027,207,DURGAPUR,JLG30K,28578,19592,3410,2023-11-26,Paid Off,Monthly EMI,700013,DURGAPUR-700013,Nisha Reddy,Female,36-45,44,1979-01-29,OBC,Hindu,MORTGAGE,75K-100K,Business,815,XLG,Services, 36 months,0.1065,B,B2,DURGAPUR,201-DBS,HOWRAH,WB,WB,WEST BENGAL,PASCHIM BARDHHAMAN,700013,10037-RAJESH PRATAP,Low,28447,21291,28509,21.23,695.71,N,N,2,On-Time,0,0,1,2021-08-08,0,Nov-2023
ACC001028,57,MUKTSAR,JLG35K,2956,28903,40169,2020-01-13,Paid Off,Monthly EMI,1110166,MUKTSAR-1110166,Laksh Patel,Female,36-45,44,1974-05-25,ST,Hindu,RENT,<25K,Self-Employed,342,XLG,Trade, 36 months,0.0991,B,B1,MUKTSAR,102-DBS,LUDHIANA,PB,PB,PUNJAB,SRI MUKTSAR SAHIB,1110166,11303-ASHUTOSH KUMAR SUMAN,Medium,4406,28559,2699,17.03,4217.45,N,N,0,Late,0,0,1,2020-01-13,1,Jan-2020
ACC001029,159,BUXAR,JLG50K,20574,5261,42797,2022-09-01,Active,Monthly EMI,710002,BUXAR-710002,Vivaan Nair,Female,46-55,49,1979-01-29,General,Muslim,RENT,100K+,Salaried,519,XLG,Home Loan, 60 months,0.1991,E,E4,BUXAR,209-DBS,PATNA,BR,BR,BIHAR,BUXAR,710002,10055-MAHESH KUMAR PATEL,Medium,21441,5979,20352,7.38,3545.53,N,N,2,On-Time,0,0,1,2016-06-09,0,Sep-2022
ACC001030,25,Mathura,JLG30K,28014,40607,34596,2020-09-09,Fully Paid,Monthly EMI,910182,Mathura-910182,Aarav Sharma,Female,26-35,30,1987-02-18,SC,Hindu,RENT,<25K,Business,368,XLG,Services, 36 months,0.1065,B,B2,Mathura,176-DBS,BULANDSHAHR,UP,UP,UTTAR PRADESH,MATHURA,910182,10469-MANISH  PANDEY,High,29379,41264,27626,20.88,4992.66,N,N,2,Very Late,0,0,1,2020-09-09,1,Sep-2020
ACC001031,222,Bardhaman,JLG35K,43258,48740,36036,2023-06-10,Fully Paid,Quarterly EMI,610198,Bardhaman-610198,Ananya Sharma,Female,26-35,29,1979-01-29,General,Hindu,MORTGAGE,<25K,Self-Employed,712,XLG,Trade, 36 months,0.0991,B,B1,Bardhaman,201-DBS,HOWRAH,WB,WB,WEST BENGAL,Barddhaman,610198,10035-ABHAY TOMER,Medium,43920,49600,42938,46.09,3995.78,N,N,0,On-Time,0,0,1,2018-01-14,0,Jun-2023
ACC001032,941,TEZPUR,JLG30K,15908,8106,32080,2019-02-21,Paid Off,Monthly EMI,680026,TEZPUR-680026,Ishaan Patel,Female,36-45,39,1979-01-29,Minority,Muslim,RENT,75K-100K,Self-Employed,472,XLG,Services, 36 months,0.1065,B,B2,TEZPUR,208-DBS,GUWAAHATI,AS,AS,ASSAM,SONITPUR,680026,11055-MANAS PROTIM HAZARIKA,Medium,16707,8417,15658,8.87,2512.33,N,N,1,On-Time,0,0,1,2018-11-27,0,Feb-2019
ACC001033,601,BEHROR,JLG30K,38750,15840,15507,2019-12-11,Paid Off,Quarterly EMI,30179,BEHROR-30179,Ishaan Mehta,Female,18-25,23,1979-01-29,OBC,Hindu,RENT,100K+,Business,416,XLG,Services, 36 months,0.1065,B,B2,BEHROR,301-DBS,JAIPUR,RJ,RJ,RAJASTHAN,BEHROD,30179,10055-MAHESH KUMAR PATEL,Low,39931,16322,38530,11.08,1054.73,N,N,2,On-Time,0,0,1,2018-04-17,0,Dec-2019
ACC001034,443,JALANDHAR,JLG30K,39991,33756,15899,2022-10-03,Fully Paid,Monthly EMI,160051,JALANDHAR-160051,Nisha Chopra,Female,46-55,52,1979-01-29,General,Hindu,RENT,100K+,Salaried,322,XLG,Services, 36 months,0.1065,B,B2,JALANDHAR,102-DBS,LUDHIANA,PB,PB,PUNJAB,JALANDHAR,160051,10067-AKSHAY KUMAR,Low,41349,34858,39849,46.71,273.54,Y,N,2,On-Time,0,1,1,2022-06-22,0,Oct-2022
ACC001035,55,BEHROR,JLG35K,46358,7548,14180,2016-07-27,Paid Off,Monthly EMI,30179,BEHROR-30179,Kavya Malhotra,Female,26-35,33,1985-05-30,General,Hindu,RENT,100K+,Self-Employed,716,XLG,Trade, 36 months,0.0991,B,B1,BEHROR,301-DBS,JAIPUR,RJ,RJ,RAJASTHAN,BEHROD,30179,10055-MAHESH KUMAR PATEL,Low,47467,9526,46157,16.57,3769.46,N,Y,2,On-Time,1,0,1,2016-07-27,1,Jul-2016
ACC001036,714,DURGAPUR,JLG30K,34671,14691,3456,2023-08-15,Active,Monthly EMI,700013,DURGAPUR-700013,Vivaan Joshi,Female,26-35,33,1986-06-15,SC,Sikh,MORTGAGE,75K-100K,Self-Employed,847,XLG,Services, 36 months,0.1065,B,B2,DURGAPUR,201-DBS,HOWRAH,WB,WB,WEST BENGAL,PASCHIM BARDHHAMAN,700013,10037-RAJESH PRATAP,Low,34855,14382,34481,45.94,1156.31,Y,N,2,On-Time,0,1,1,2020-04-10,0,Aug-2023
ACC001037,389,PATIALA,JLG35K,5020,29254,32304,2015-10-31,Fully Paid,Quarterly EMI,100186,PATIALA-100186,Laksh Patel,Female,26-35,28,1979-01-29,SC,Hindu,MORTGAGE,75K-100K,Business,844,XLG,Trade, 36 months,0.0991,B,B1,PATIALA,102-DBS,LUDHIANA,PB,PB,PUNJAB,PATIALA,100186,10420-MUNENDRA  SINGH,Medium,5066,29684,4527,1.58,2473.83,N,N,0,On-Time,0,0,1,2015-10-31,1,Oct-2015
ACC001038,189,DURGAPUR,JLG35K,42328,4959,22137,2017-02-22,Paid Off,Monthly EMI,700013,DURGAPUR-700013,Meera Mehta,Female,46-55,49,1979-01-29,Minority,Muslim,MORTGAGE,<25K,Salaried,825,XLG,Trade, 36 months,0.0991,B,B1,DURGAPUR,201-DBS,HOWRAH,WB,WB,WEST BENGAL,PASCHIM BARDHHAMAN,700013,10037-RAJESH PRATAP,Low,42575,6327,41964,47.26,240.95,N,N,1,Very Late,0,0,1,2016-12-18,0,Feb-2017
ACC001039,928,Mathura,JLG35K,38020,35051,3690,2018-10-08,Paid Off,Monthly EMI,910182,Mathura-910182,Nisha Verma,Female,26-35,35,1979-01-29,SC,Hindu,RENT,75K-100K,Salaried,792,XLG,Trade, 36 months,0.0991,B,B1,Mathura,176-DBS,BULANDSHAHR,UP,UP,UTTAR PRADESH,MATHURA,910182,10469-MANISH  PANDEY,High,38987,36619,37665,38.47,3043.91,N,N,0,On-Time,0,0,1,2018-10-08,1,Oct-2018
ACC001040,826,BULANDSHAHR,JLG30K,19508,17909,15121,2021-10-18,Fully Paid,Quarterly EMI,10068,BULANDSHAHR-10068,Vivaan Patel,Female,26-35,29,1979-01-29,OBC,Hindu,RENT,100K+,Salaried,395,XLG,Services, 36 months,0.1065,B,B2,BULANDSHAHR,176-DBS,BULANDSHAHR,UP,UP,UTTAR PRADESH,BULANDSHAHAR,10068,10057-NANDI SHANKAR,High,20922,18566,19481,1.42,488.81,Y,N,1,On-Time,0,1,1,2021-10-18,1,Oct-2021
ACC001041,845,DURGAPUR,JLG30K,34014,27396,15324,2017-09-30,Paid Off,Quarterly EMI,700013,DURGAPUR-700013,Meera Nair,Female,36-45,43,1979-01-29,SC,Hindu,MORTGAGE,<25K,Salaried,453,XLG,Services, 36 months,0.1065,B,B2,DURGAPUR,201-DBS,HOWRAH,WB,WB,WEST BENGAL,PASCHIM BARDHHAMAN,700013,10037-RAJESH PRATAP,Low,35754,28193,33791,33.47,3842.38,N,N,2,On-Time,0,0,1,2017-09-30,1,Sep-2017
ACC001042,711,DHURI,JLG30K,13466,43078,16453,2018-11-04,Fully Paid,Quarterly EMI,1030063,DHURI-1030063,Aditya Verma,Female,36-45,40,1979-01-29,Minority,Muslim,RENT,50K-75K,Salaried,714,XLG,Services, 36 months,0.1065,B,B2,DHURI,102-DBS,LUDHIANA,PB,PB,PUNJAB,SANGRUR,1030063,12058-DEEPAK KUMAR,Low,15428,43924,13322,44.75,3751.07,N,N,2,Late,0,0,1,2018-03-06,0,Nov-2018
ACC001043,629,Mangaldoi,JLG40K,34835,40343,39481,2023-05-10,Fully Paid,Monthly EMI,570241,Mangaldoi-570241,Nisha Chopra,Female,46-55,49,1979-01-29,SC,Hindu,RENT,75K-100K,Business,641,XLG,Services, 36 months,0.1727,D,D3,Mangaldoi,208-DBS,GUWAAHATI,AS,AS,ASSAM,Mangaldoi,570241,10961-NAYAN JYOTI SARMAH,Low,35305,40768,34783,24.18,4697.05,N,N,0,Very Late,0,0,1,2017-06-19,0,May-2023
ACC001044,21,BISWANATH CHARIALI,JLG30K,15321,43886,31259,2021-04-29,Fully Paid,Quarterly EMI,740048,BISWANATH CHARIALI-740048,Nisha Patel,Female,26-35,34,1979-01-29,SC,Hindu,RENT,75K-100K,Salaried,734,XLG,Services, 36 months,0.1065,B,B2,BISWANATH CHARIALI,208-DBS,GUWAAHATI,AS,AS,ASSAM,BISWANATH,740048,13111-SHANTUMONI BORAH,Medium,15225,44027,15256,48.4,1236.02,N,N,0,On-Time,0,0,1,2021-04-29,1,Apr-2021
ACC001045,950,Mathura,JLG50K,42107,11632,40236,2017-03-31,Fully Paid,Monthly EMI,910182,Mathura-910182,Aditya Malhotra,Female,46-55,51,1979-01-29,OBC,Hindu,RENT,25K-50K,Self-Employed,389,XLG,Home Loan, 60 months,0.1991,E,E4,Mathura,176-DBS,BULANDSHAHR,UP,UP,UTTAR PRADESH,MATHURA,910182,10469-MANISH  PANDEY,High,42005,13304,41977,25.73,4725.54,N,N,2,Very Late,0,0,1,2016-11-27,0,Mar-2017
ACC001046,893,Mathura,JLG30K,11646,38874,44068,2020-04-02,Fully Paid,Quarterly EMI,910182,Mathura-910182,Aditya Joshi,Female,26-35,35,1979-01-29,General,Hindu,RENT,<25K,Business,624,XLG,Services, 36 months,0.1065,B,B2,Mathura,176-DBS,BULANDSHAHR,UP,UP,UTTAR PRADESH,MATHURA,910182,10469-MANISH  PANDEY,High,12073,39509,11530,34.45,2192.82,N,N,0,Late,0,0,1,2020-04-02,1,Apr-2020
ACC001047,228,SIRSA,JLG35K,20731,33342,23508,2015-03-12,Fully Paid,Monthly EMI,730084,SIRSA-730084,Kavya Gupta,Female,36-45,39,1979-01-29,OBC,Hindu,RENT,50K-75K,Salaried,692,XLG,Trade, 36 months,0.0991,B,B1,SIRSA,206-DBS,KARNAL,HR,HR,HARYANA,SIRSA,730084,10149-ABHISHEK MAURYA,Medium,21034,33630,20656,29.1,2461.39,N,N,1,On-Time,0,0,1,2015-03-12,1,Mar-2015
ACC001048,131,FATEHABAD,JLG44K,30292,46886,23285,2022-07-03,Fully Paid,Monthly EMI,670106,FATEHABAD-670106,Kavya Patel,Female,36-45,36,1979-01-29,ST,Sikh,RENT,100K+,Business,692,XLG,Home Loan, 36 months,0.0662,A,A2,FATEHABAD,206-DBS,KARNAL,HR,HR,HARYANA,FATEHABAD,670106,10316-DEEPAK KUMAR,Medium,31821,46420,29917,46.75,1307.92,N,N,0,On-Time,0,0,1,2019-10-13,0,Jul-2022
ACC001049,961,FATEHGARH SAHIB,JLG40K,20315,37859,31028,2015-06-22,Active,Quarterly EMI,120676,FATEHGARH SAHIB-120676,Ananya Reddy,Female,26-35,29,1979-01-29,ST,Sikh,RENT,100K+,Salaried,324,XLG,Services, 36 months,0.1727,D,D3,FATEHGARH SAHIB,102-DBS,LUDHIANA,PB,PB,PUNJAB,FATEHGARH SAHIB,120676,10037-RAJESH PRATAP,Medium,21689,39036,19896,47.47,1538.85,N,N,2,On-Time,0,0,1,2015-06-22,1,Jun-2015
ACC001050,333,FATEHABAD,JLG35K,13846,20542,44694,2020-10-03,Active,Monthly EMI,670106,FATEHABAD-670106,Diya Reddy,Female,36-45,36,1979-01-29,SC,Hindu,MORTGAGE,25K-50K,Business,796,XLG,Trade, 36 months,0.0991,B,B1,FATEHABAD,206-DBS,KARNAL,HR,HR,HARYANA,FATEHABAD,670106,10316-DEEPAK KUMAR,Medium,14389,20471,13567,2.63,776.94,N,N,1,On-Time,0,0,1,2020-03-20,0,Oct-2020
ACC001051,274,DURGAPUR,JLG35K,45642,48751,5153,2023-04-01,Active,Monthly EMI,700013,DURGAPUR-700013,Laksh Malhotra,Female,46-55,51,1979-01-29,General,Muslim,MORTGAGE,75K-100K,Self-Employed,804,XLG,Trade, 36 months,0.0991,B,B1,DURGAPUR,201-DBS,HOWRAH,WB,WB,WEST BENGAL,PASCHIM BARDHHAMAN,700013,10037-RAJESH PRATAP,Low,45338,49066,45413,13.28,4623.41,N,N,2,Very Late,0,0,1,2022-08-05,0,Apr-2023
ACC001052,234,BEHROR,JLG30K,7038,15683,24693,2023-09-01,Fully Paid,Monthly EMI,30179,BEHROR-30179,Diya Mehta,Female,36-45,38,1979-01-29,ST,Sikh,MORTGAGE,25K-50K,Business,308,XLG,Services, 36 months,0.1065,B,B2,BEHROR,301-DBS,JAIPUR,RJ,RJ,RAJASTHAN,BEHROD,30179,10055-MAHESH KUMAR PATEL,Low,7790,15967,6829,27.57,4616.03,Y,N,2,On-Time,0,1,1,2023-09-01,1,Sep-2023
ACC001053,853,DHURI,JLG30K,20274,39737,25719,2021-02-22,Fully Paid,Quarterly EMI,1030063,DHURI-1030063,Aditya Joshi,Female,26-35,35,1979-01-29,General,Hindu,RENT,<25K,Business,624,XLG,Services, 36 months,0.1065,B,B2,DHURI,102-DBS,LUDHIANA,PB,PB,PUNJAB,SANGRUR,1030063,12058-DEEPAK KUMAR,Low,19888,41542,20130,43.23,3705.24,N,N,0,On-Time,0,0,1,2017-07-14,0,Feb-2021
ACC001054,783,FATEHGARH SAHIB,JLG30K,7178,36322,41726,2022-12-21,Paid Off,Quarterly EMI,120676,FATEHGARH SAHIB-120676,Aditya Mehta,Female,36-45,38,1979-01-29,SC,Hindu,OWN,25K-50K,Business,696,XLG,Services, 36 months,0.1065,B,B2,FATEHGARH SAHIB,102-DBS,LUDHIANA,PB,PB,PUNJAB,FATEHGARH SAHIB,120676,10037-RAJESH PRATAP,Medium,7131,38109,6797,3.82,2494.64,Y,N,0,On-Time,0,1,1,2021-01-03,0,Dec-2022
ACC001055,282,FATEHGARH SAHIB,JLG44K,13785,30142,23943,2020-09-19,Fully Paid,Monthly EMI,120676,FATEHGARH SAHIB-120676,Aditya Joshi,Female,26-35,35,1979-01-29,General,Hindu,RENT,<25K,Business,624,XLG,Home Loan, 36 months,0.0662,A,A2,FATEHGARH SAHIB,102-DBS,LUDHIANA,PB,PB,PUNJAB,FATEHGARH SAHIB,120676,10037-RAJESH PRATAP,Medium,15389,32093,13428,32.46,4464.46,N,N,2,On-Time,0,0,1,2015-11-22,0,Sep-2020
ACC001056,845,DHURI,JLG30K,21273,5645,1841,2023-07-11,Fully Paid,Monthly EMI,1030063,DHURI-1030063,Meera Nair,Female,36-45,43,1979-01-29,SC,Hindu,MORTGAGE,<25K,Salaried,453,XLG,Services, 36 months,0.1065,B,B2,DHURI,102-DBS,LUDHIANA,PB,PB,PUNJAB,SANGRUR,1030063,12058-DEEPAK KUMAR,Low,21519,6541,20836,31.44,1933.23,N,N,2,On-Time,0,0,1,2017-09-30,0,Jul-2023
ACC001057,482,FATEHGARH SAHIB,JLG30K,26581,43034,30148,2020-04-04,Default,Monthly EMI,120676,FATEHGARH SAHIB-120676,Aditya Verma,Female,46-55,49,1979-01-29,ST,Sikh,RENT,50K-75K,Self-Employed,695,XLG,Services, 36 months,0.1065,B,B2,FATEHGARH SAHIB,102-DBS,LUDHIANA,PB,PB,PUNJAB,FATEHGARH SAHIB,120676,10037-RAJESH PRATAP,Medium,28217,44654,26322,48.96,3455.63,N,Y,2,On-Time,1,0,1,2020-04-04,1,Apr-2020
ACC001058,65,PALWAL,JLG44K,38033,13138,33844,2016-10-19,Paid Off,Quarterly EMI,20242,PALWAL-20242,Aditya Malhotra,Female,46-55,51,1979-01-29,OBC,Hindu,RENT,25K-50K,Self-Employed,389,XLG,Home Loan, 36 months,0.0662,A,A2,PALWAL,206-DBS,KARNAL,HR,HR,HARYANA,PALWAL,20242,10903-HEMANT SHUKLA,Medium,37582,13208,37787,1.65,1420.36,N,N,2,On-Time,0,0,1,2016-10-19,1,Oct-2016
ACC001059,717,DHURI,JLG30K,6584,5557,3135,2018-02-20,Fully Paid,Monthly EMI,1030063,DHURI-1030063,Kavya Verma,Female,36-45,37,1979-01-29,General,Hindu,RENT,<25K,Self-Employed,479,XLG,Services, 36 months,0.1065,B,B2,DHURI,102-DBS,LUDHIANA,PB,PB,PUNJAB,SANGRUR,1030063,12058-DEEPAK KUMAR,Low,6366,5680,6130,28.62,3853.68,Y,N,0,On-Time,0,1,1,2016-12-23,0,Feb-2018
ACC001060,257,Mangaldoi,JLG30K,28619,16159,9910,2023-08-20,Default,Quarterly EMI,570241,Mangaldoi-570241,Kavya Sharma,Female,26-35,26,1979-01-29,SC,Hindu,RENT,75K-100K,Business,398,XLG,Services, 36 months,0.1065,B,B2,Mangaldoi,208-DBS,GUWAAHATI,AS,AS,ASSAM,Mangaldoi,570241,10961-NAYAN JYOTI SARMAH,Low,28710,18024,28341,27.72,1276.09,N,N,2,On-Time,0,0,1,2017-03-05,0,Aug-2023
ACC001061,984,FATEHGARH SAHIB,JLG35K,25759,48939,29662,2022-03-07,Active,Monthly EMI,120676,FATEHGARH SAHIB-120676,Laksh Reddy,Female,26-35,29,1979-01-29,OBC,Hindu,RENT,75K-100K,Business,311,XLG,Trade, 36 months,0.0991,B,B1,FATEHGARH SAHIB,102-DBS,LUDHIANA,PB,PB,PUNJAB,FATEHGARH SAHIB,120676,10037-RAJESH PRATAP,Medium,27337,48511,25719,29.91,4022.49,Y,N,1,On-Time,0,1,1,2022-03-07,1,Mar-2022
ACC001062,962,MUKTSAR,JLG35K,31580,39518,30649,2019-08-17,Active,Monthly EMI,1110166,MUKTSAR-1110166,Kavya Verma,Female,36-45,39,1979-01-29,ST,Sikh,RENT,100K+,Business,791,XLG,Trade, 36 months,0.0991,B,B1,MUKTSAR,102-DBS,LUDHIANA,PB,PB,PUNJAB,SRI MUKTSAR SAHIB,1110166,11303-ASHUTOSH KUMAR SUMAN,Medium,31892,41097,31293,3.76,1812.76,N,N,1,On-Time,0,0,1,2019-08-17,1,Aug-2019
ACC001063,792,BEHROR,JLG46K,3015,18481,16793,2020-12-07,Fully Paid,Monthly EMI,30179,BEHROR-30179,Nisha Reddy,Female,36-45,42,1979-01-29,SC,Hindu,RENT,100K+,Self-Employed,668,XLG,Home Loan, 36 months,0.1825,D,D5,BEHROR,301-DBS,JAIPUR,RJ,RJ,RAJASTHAN,BEHROD,30179,10055-MAHESH KUMAR PATEL,Low,4080,19966,2870,37.57,2663.34,N,N,0,On-Time,0,0,1,2018-01-17,0,Dec-2020
ACC001064,108,DHURI,JLG35K,23968,28761,13010,2016-09-18,Active,Quarterly EMI,1030063,DHURI-1030063,Vivaan Gupta,Female,46-55,50,1979-01-29,ST,Sikh,RENT,50K-75K,Self-Employed,768,XLG,Trade, 36 months,0.0991,B,B1,DHURI,102-DBS,LUDHIANA,PB,PB,PUNJAB,SANGRUR,1030063,12058-DEEPAK KUMAR,Low,23814,29132,23497,2.56,237.11,N,N,0,Very Late,0,0,1,2016-09-18,1,Sep-2016
ACC001065,508,MUKTSAR,JLG40K,32948,44125,32675,2015-11-07,Active,Quarterly EMI,1110166,MUKTSAR-1110166,Aditya Verma,Female,46-55,49,1979-01-29,ST,Sikh,RENT,50K-75K,Self-Employed,695,XLG,Services, 36 months,0.1727,D,D3,MUKTSAR,102-DBS,LUDHIANA,PB,PB,PUNJAB,SRI MUKTSAR SAHIB,1110166,11303-ASHUTOSH KUMAR SUMAN,Medium,33707,46015,32740,16.17,3626.69,Y,N,1,On-Time,0,1,1,2015-11-07,1,Nov-2015
ACC001066,224,SANGRUR,JLG50K,21286,23846,7154,2017-04-30,Fully Paid,Monthly EMI,110159,SANGRUR-110159,Ishaan Malhotra,Female,18-25,22,1979-01-29,OBC,Hindu,RENT,75K-100K,Salaried,679,XLG,Home Loan, 60 months,0.1991,E,E4,SANGRUR,102-DBS,LUDHIANA,PB,PB,PUNJAB,SANGRUR,110159,10037-RAJESH PRATAP,Low,21319,24924,21073,8.03,4200.37,N,N,2,Late,0,0,1,2016-10-21,0,Apr-2017
ACC001067,153,JALANDHAR,JLG30K,13656,37971,3588,2017-02-19,Paid Off,Monthly EMI,160051,JALANDHAR-160051,Kavya Mehta,Female,46-55,52,1979-01-29,General,Muslim,RENT,<25K,Business,390,XLG,Services, 36 months,0.1065,B,B2,JALANDHAR,102-DBS,LUDHIANA,PB,PB,PUNJAB,JALANDHAR,160051,10067-AKSHAY KUMAR,Low,14753,39073,13195,20.24,316.23,N,N,1,On-Time,0,0,1,2017-02-19,1,Feb-2017
ACC001068,701,SANGRUR,JLG30K,47214,31428,39904,2020-10-27,Fully Paid,Quarterly EMI,110159,SANGRUR-110159,Ananya Malhotra,Female,36-45,44,1979-01-29,SC,Hindu,MORTGAGE,<25K,Self-Employed,361,XLG,Services, 36 months,0.1065,B,B2,SANGRUR,102-DBS,LUDHIANA,PB,PB,PUNJAB,SANGRUR,110159,10037-RAJESH PRATAP,Low,48614,31546,46722,18.1,4957.59,N,N,0,Late,0,0,1,2015-12-27,0,Oct-2020
ACC001069,862,DHURI,JLG30K,5748,15564,27974,2018-10-08,Fully Paid,Monthly EMI,1030063,DHURI-1030063,Nisha Verma,Female,18-25,22,1979-01-29,ST,Sikh,MORTGAGE,100K+,Salaried,564,XLG,Services, 36 months,0.1065,B,B2,DHURI,102-DBS,LUDHIANA,PB,PB,PUNJAB,SANGRUR,1030063,12058-DEEPAK KUMAR,Low,7418,17519,5458,20.2,2577.16,N,N,0,Late,0,0,1,2018-10-08,1,Oct-2018
ACC001070,521,DHURI,JLG35K,16836,7854,27875,2021-05-27,Paid Off,Quarterly EMI,1030063,DHURI-1030063,Aarav Malhotra,Female,46-55,47,1979-01-29,Minority,Muslim,RENT,<25K,Salaried,526,XLG,Trade, 36 months,0.0991,B,B1,DHURI,102-DBS,LUDHIANA,PB,PB,PUNJAB,SANGRUR,1030063,12058-DEEPAK KUMAR,Low,17656,7563,16749,27.73,3526.61,N,N,2,Late,0,0,1,2016-06-15,0,May-2021
ACC001071,949,DURGAPUR,JLG30K,38957,30974,20540,2021-05-07,Paid Off,Monthly EMI,700013,DURGAPUR-700013,Laksh Joshi,Female,36-45,36,1979-01-29,OBC,Christian,RENT,100K+,Self-Employed,357,XLG,Services, 36 months,0.1065,B,B2,DURGAPUR,201-DBS,HOWRAH,WB,WB,WEST BENGAL,PASCHIM BARDHHAMAN,700013,10037-RAJESH PRATAP,Low,39670,31486,38512,0.96,3411.05,N,N,0,On-Time,0,0,1,2021-05-07,1,May-2021
ACC001072,336,DHURI,JLG35K,19119,5027,27677,2022-01-20,Paid Off,Quarterly EMI,1030063,DHURI-1030063,Laksh Mehta,Female,36-45,44,1979-01-29,General,Muslim,MORTGAGE,<25K,Business,686,XLG,Trade, 36 months,0.0991,B,B1,DHURI,102-DBS,LUDHIANA,PB,PB,PUNJAB,SANGRUR,1030063,12058-DEEPAK KUMAR,Low,18894,5543,18686,11.79,2394.56,N,N,1,Late,0,0,1,2016-05-18,0,Jan-2022
ACC001073,418,Mathura,JLG30K,4292,49882,34813,2023-08-25,Paid Off,Monthly EMI,910182,Mathura-910182,Ananya Verma,Female,46-55,51,1979-01-29,OBC,Hindu,MORTGAGE,25K-50K,Self-Employed,770,XLG,Services, 36 months,0.1065,B,B2,Mathura,176-DBS,BULANDSHAHR,UP,UP,UTTAR PRADESH,MATHURA,910182,10469-MANISH  PANDEY,High,6260,50266,4188,45.74,3800.49,N,N,2,On-Time,0,0,1,2023-08-25,1,Aug-2023
ACC001074,580,SANGRUR,JLG35K,44480,10863,2750,2022-07-29,Paid Off,Monthly EMI,110159,SANGRUR-110159,Aditya Sharma,Female,26-35,32,1979-01-29,General,Hindu,RENT,50K-75K,Self-Employed,821,XLG,Trade, 36 months,0.0991,B,B1,SANGRUR,102-DBS,LUDHIANA,PB,PB,PUNJAB,SANGRUR,110159,10037-RAJESH PRATAP,Low,45671,12370,44198,45.07,417.8,Y,N,2,On-Time,0,1,1,2019-01-28,0,Jul-2022
ACC001075,192,Mathura,JLG35K,26392,45311,6638,2015-05-25,Paid Off,Monthly EMI,910182,Mathura-910182,Aarav Malhotra,Female,46-55,53,1979-01-29,Minority,Muslim,RENT,25K-50K,Business,812,XLG,Trade, 36 months,0.0991,B,B1,Mathura,176-DBS,BULANDSHAHR,UP,UP,UTTAR PRADESH,MATHURA,910182,10469-MANISH  PANDEY,High,27985,46102,25983,45.52,2716.16,N,N,1,Late,0,0,1,2015-02-22,0,May-2015
ACC001076,219,MUKTSAR,JLG30K,19384,41524,12271,2015-12-14,Paid Off,Monthly EMI,1110166,MUKTSAR-1110166,Vivaan Patel,Female,46-55,51,1979-01-29,SC,Hindu,MORTGAGE,100K+,Business,375,XLG,Services, 36 months,0.1065,B,B2,MUKTSAR,102-DBS,LUDHIANA,PB,PB,PUNJAB,SRI MUKTSAR SAHIB,1110166,11303-ASHUTOSH KUMAR SUMAN,Medium,19994,43134,19209,26.42,2270.99,N,N,2,Late,0,0,1,2015-12-14,1,Dec-2015
ACC001077,65,DHURI,JLG50K,2611,47542,31561,2023-09-17,Active,Quarterly EMI,1030063,DHURI-1030063,Aditya Malhotra,Female,46-55,51,1979-01-29,OBC,Hindu,RENT,25K-50K,Self-Employed,389,XLG,Home Loan, 60 months,0.1991,E,E4,DHURI,102-DBS,LUDHIANA,PB,PB,PUNJAB,SANGRUR,1030063,12058-DEEPAK KUMAR,Low,4282,47322,2574,14.97,3199.55,N,N,2,On-Time,0,0,1,2016-10-19,0,Sep-2023
ACC001078,38,Mathura,JLG39K,19620,31861,9853,2019-05-27,Paid Off,Monthly EMI,910182,Mathura-910182,Aditya Sharma,Female,26-35,32,1979-01-29,General,Hindu,RENT,50K-75K,Self-Employed,821,XLG,Agriculture, 36 months,0.0662,A,A2,Mathura,176-DBS,BULANDSHAHR,UP,UP,UTTAR PRADESH,MATHURA,910182,10469-MANISH  PANDEY,High,19936,31556,19163,11.63,2702.83,N,N,2,On-Time,0,0,1,2019-05-27,1,May-2019
ACC001079,289,DURGAPUR,JLG30K,43829,4322,28422,2018-04-16,Fully Paid,Monthly EMI,700013,DURGAPUR-700013,Diya Sharma,Female,26-35,34,1979-01-29,ST,Sikh,MORTGAGE,100K+,Self-Employed,341,XLG,Services, 36 months,0.1065,B,B2,DURGAPUR,201-DBS,HOWRAH,WB,WB,WEST BENGAL,PASCHIM BARDHHAMAN,700013,10037-RAJESH PRATAP,Low,45224,5088,43735,36.73,3848.36,N,N,0,On-Time,0,0,1,2016-03-20,0,Apr-2018
ACC001080,272,MODINAGAR,JLG35K,13910,10291,10856,2021-10-30,Fully Paid,Monthly EMI,410521,MODINAGAR-410521,Ananya Sharma,Female,26-35,29,1979-01-29,General,Hindu,MORTGAGE,<25K,Self-Employed,712,XLG,Trade, 36 months,0.0991,B,B1,MODINAGAR,176-DBS,BULANDSHAHR,UP,UP,UTTAR PRADESH,MODINAGAR,410521,12116-ANIL KUMAR,Low,14391,11948,13892,29.44,408.01,N,N,1,On-Time,0,0,1,2021-10-30,1,Oct-2021
ACC001081,41,DURGAPUR,JLG30K,13486,31341,32889,2017-11-21,Active,Monthly EMI,700013,DURGAPUR-700013,Ishaan Sharma,Female,26-35,26,1979-01-29,General,Hindu,RENT,25K-50K,Salaried,522,XLG,Services, 36 months,0.1065,B,B2,DURGAPUR,201-DBS,HOWRAH,WB,WB,WEST BENGAL,PASCHIM BARDHHAMAN,700013,10037-RAJESH PRATAP,Low,14237,33237,13337,4.23,4668.47,N,Y,2,Late,1,0,1,2017-11-21,1,Nov-2017
ACC001082,942,DURGAPUR,JLG30K,2569,38001,23791,2021-01-28,Default,Quarterly EMI,700013,DURGAPUR-700013,Ananya Mehta,Female,26-35,30,1979-01-29,ST,Sikh,RENT,75K-100K,Business,783,XLG,Services, 36 months,0.1065,B,B2,DURGAPUR,201-DBS,HOWRAH,WB,WB,WEST BENGAL,PASCHIM BARDHHAMAN,700013,10037-RAJESH PRATAP,Low,3141,39039,2452,40.96,1478.79,N,N,1,Late,0,0,1,2017-12-13,0,Jan-2021
ACC001083,548,Mangaldoi,JLG30K,34509,34357,4662,2015-08-10,Fully Paid,Quarterly EMI,570241,Mangaldoi-570241,Nisha Reddy,Female,36-45,42,1979-01-29,SC,Hindu,RENT,100K+,Self-Employed,668,XLG,Services, 36 months,0.1065,B,B2,Mangaldoi,208-DBS,GUWAAHATI,AS,AS,ASSAM,Mangaldoi,570241,10961-NAYAN JYOTI SARMAH,Low,34158,34352,34059,22.17,1007.09,N,Y,1,On-Time,1,0,1,2015-08-10,1,Aug-2015
ACC001084,354,DURGAPUR,JLG30K,31746,20517,30969,2022-01-17,Default,Monthly EMI,700013,DURGAPUR-700013,Nisha Malhotra,Female,36-45,36,1979-01-29,SC,Hindu,MORTGAGE,100K+,Self-Employed,489,XLG,Services, 36 months,0.1065,B,B2,DURGAPUR,201-DBS,HOWRAH,WB,WB,WEST BENGAL,PASCHIM BARDHHAMAN,700013,10037-RAJESH PRATAP,Low,32433,21679,31376,15.65,1705.6,N,N,1,On-Time,0,0,1,2018-12-26,0,Jan-2022
ACC001085,168,CHHATA,JLG30K,38635,29984,16928,2019-08-11,Fully Paid,Monthly EMI,910020,CHHATA-910020,Laksh Malhotra,Female,46-55,51,1979-01-29,General,Muslim,MORTGAGE,75K-100K,Self-Employed,804,XLG,Services, 36 months,0.1065,B,B2,CHHATA,176-DBS,BULANDSHAHR,UP,UP,UTTAR PRADESH,MATHURA,910020,10047-ANIL KUMAR,High,40609,30918,38618,19.53,1239.05,N,N,1,On-Time,0,0,1,2015-09-30,0,Aug-2019
ACC001086,839,BILASPUR,JLG35K,13317,27211,26162,2022-10-26,Default,Monthly EMI,240005,BILASPUR-240005,Aditya Malhotra,Female,46-55,51,1979-01-29,OBC,Hindu,RENT,25K-50K,Self-Employed,389,XLG,Trade, 36 months,0.0991,B,B1,BILASPUR,207-DBS,RAIPUR,CG,CG,CHATTISGARH,BILASPUR,240005,10886-MANISH KUMAR DWIVEDI,Low,14382,27877,13244,22.21,1238.22,Y,Y,1,On-Time,1,1,1,2017-11-17,0,Oct-2022
ACC001087,326,FATEHGARH SAHIB,JLG35K,4476,31635,25759,2017-09-25,Fully Paid,Monthly EMI,120676,FATEHGARH SAHIB-120676,Ananya Nair,Female,36-45,44,1979-01-29,ST,Sikh,RENT,50K-75K,Self-Employed,638,XLG,Trade, 36 months,0.0991,B,B1,FATEHGARH SAHIB,102-DBS,LUDHIANA,PB,PB,PUNJAB,FATEHGARH SAHIB,120676,10037-RAJESH PRATAP,Medium,6419,32779,3988,29.46,1194.42,Y,Y,0,On-Time,1,1,1,2017-09-25,1,Sep-2017
ACC001088,845,UJJAIN,JLG30K,32551,49887,44065,2017-10-17,Paid Off,Monthly EMI,1510002,UJJAIN-1510002,Meera Nair,Female,36-45,43,1979-01-29,SC,Hindu,MORTGAGE,<25K,Salaried,453,XLG,Services, 36 months,0.1065,B,B2,UJJAIN,200-DBS,BHOPAL,MP,MP,MADHYA PRADESH,UJJAIN,1510002,12915-FAIZAL KHAN,High,33205,50406,32202,28.41,753.26,N,N,2,Very Late,0,0,1,2017-09-30,0,Oct-2017
ACC001089,483,GUWAHATI,JLG30K,48695,19160,21124,2021-11-21,Paid Off,Monthly EMI,560090,GUWAHATI-560090,Laksh Gupta,Female,46-55,52,1979-01-29,SC,Hindu,RENT,75K-100K,Salaried,584,XLG,Services, 36 months,0.1065,B,B2,GUWAHATI,208-DBS,GUWAAHATI,AS,AS,ASSAM,Guwahati,560090,11955-LEKHAN KONWAR,Medium,50671,19301,48648,14.3,1524.77,Y,N,0,On-Time,0,1,1,2021-11-21,1,Nov-2021
ACC001090,319,MODINAGAR,JLG35K,24884,38208,27574,2018-02-15,Fully Paid,Monthly EMI,410521,MODINAGAR-410521,Kavya Malhotra,Female,36-45,36,1979-01-29,ST,Sikh,RENT,<25K,Salaried,514,XLG,Trade, 36 months,0.0991,B,B1,MODINAGAR,176-DBS,BULANDSHAHR,UP,UP,UTTAR PRADESH,MODINAGAR,410521,12116-ANIL KUMAR,Low,24678,38600,24438,15.69,375.3,N,N,0,On-Time,0,0,1,2018-02-15,1,Feb-2018
ACC001091,366,CUTTACK,JLG30K,18858,3861,22773,2016-06-19,Fully Paid,Monthly EMI,630081,CUTTACK-630081,Meera Nair,Female,46-55,49,1979-01-29,ST,Sikh,OWN,50K-75K,Salaried,408,XLG,Services, 36 months,0.1065,B,B2,CUTTACK,107-DBS,BHUBANESWAR,OR,OR,ODISHA,CUTTACK,630081,12061-PINAKAPANI KANUNGO,High,19293,4913,18710,42.24,3047.4,N,N,1,On-Time,0,0,1,2016-06-19,1,Jun-2016
ACC001092,395,KAROND,JLG29K,49642,5331,22305,2020-01-26,Fully Paid,Quarterly EMI,1320004,KAROND-1320004,Meera Chopra,Female,46-55,53,1979-01-29,ST,Sikh,RENT,75K-100K,Business,551,XLG,Trade, 60 months,0.1727,D,D3,KAROND,200-DBS,BHOPAL,MP,MP,MADHYA PRADESH,BHOPAL,1320004,12758-ROHIT KUMAR JAISWAL,Medium,49855,7058,49330,13.46,4406.63,N,N,2,Late,0,0,1,2020-01-26,1,Jan-2020
ACC001093,435,ASANSOL,JLG44K,11593,46445,31922,2022-09-02,Active,Quarterly EMI,690076,ASANSOL-690076,Nisha Chopra,Female,46-55,52,1979-01-29,General,Hindu,RENT,100K+,Salaried,322,XLG,Home Loan, 36 months,0.0662,A,A2,ASANSOL,201-DBS,HOWRAH,WB,WB,WEST BENGAL,PASCHIM BARDHHAMAN,690076,10035-ABHAY TOMER,Medium,13264,48079,11198,16.84,767.01,N,N,2,Very Late,0,0,1,2021-06-30,0,Sep-2022
ACC001094,572,BEHROR,JLG30K,3170,40050,33179,2023-12-21,Default,Monthly EMI,30179,BEHROR-30179,Laksh Gupta,Female,46-55,52,1979-01-29,SC,Hindu,RENT,75K-100K,Salaried,584,XLG,Services, 36 months,0.1065,B,B2,BEHROR,301-DBS,JAIPUR,RJ,RJ,RAJASTHAN,BEHROD,30179,10055-MAHESH KUMAR PATEL,Low,3937,39877,2900,31.8,203.43,N,N,0,On-Time,0,0,1,2021-05-07,0,Dec-2023
ACC001095,229,PAOTA,JLG50K,20906,32374,6489,2019-12-21,Fully Paid,Quarterly EMI,90149,PAOTA-90149,Vivaan Reddy,Female,36-45,37,1979-01-29,OBC,Hindu,RENT,25K-50K,Salaried,426,XLG,Home Loan, 60 months,0.1991,E,E4,PAOTA,301-DBS,JAIPUR,RJ,RJ,RAJASTHAN,jaipur,90149,10043-RAVI MISHRA,Low,21621,32153,20798,20.98,3536.42,N,N,2,On-Time,0,0,1,2019-12-21,1,Dec-2019
ACC001096,200,DURGAPUR,JLG30K,22104,39644,35394,2020-10-04,Active,Quarterly EMI,700013,DURGAPUR-700013,Laksh Sharma,Female,26-35,31,1979-01-29,SC,Hindu,RENT,100K+,Self-Employed,672,XLG,Services, 36 months,0.1065,B,B2,DURGAPUR,201-DBS,HOWRAH,WB,WB,WEST BENGAL,PASCHIM BARDHHAMAN,700013,10037-RAJESH PRATAP,Low,23350,39968,22101,4.47,1828.72,N,N,0,On-Time,0,0,1,2015-02-01,0,Oct-2020
ACC001097,282,Mathura,JLG35K,23761,45501,25314,2015-11-22,Default,Monthly EMI,910182,Mathura-910182,Aditya Joshi,Female,26-35,35,1979-01-29,General,Hindu,RENT,<25K,Business,624,XLG,Trade, 36 months,0.0991,B,B1,Mathura,176-DBS,BULANDSHAHR,UP,UP,UTTAR PRADESH,MATHURA,910182,10469-MANISH  PANDEY,High,24969,45216,23424,14.71,1859.67,N,Y,0,On-Time,1,0,1,2015-11-22,1,Nov-2015
ACC001098,950,MUKTSAR,JLG30K,48866,35739,33835,2020-07-23,Fully Paid,Monthly EMI,1110166,MUKTSAR-1110166,Aditya Malhotra,Female,46-55,51,1979-01-29,OBC,Hindu,RENT,25K-50K,Self-Employed,389,XLG,Services, 36 months,0.1065,B,B2,MUKTSAR,102-DBS,LUDHIANA,PB,PB,PUNJAB,SRI MUKTSAR SAHIB,1110166,11303-ASHUTOSH KUMAR SUMAN,Medium,50386,35455,48619,18.12,4475.47,N,N,0,On-Time,0,0,1,2016-11-27,0,Jul-2020
ACC001099,983,JORHAT,JLG46K,30562,18062,23033,2015-02-28,Active,Quarterly EMI,850152,JORHAT-850152,Nisha Verma,Female,18-25,22,1979-01-29,ST,Sikh,MORTGAGE,100K+,Salaried,564,XLG,Home Loan, 36 months,0.1825,D,D5,JORHAT,208-DBS,GUWAAHATI,AS,AS,ASSAM,JORHAT,850152,10961-NAYAN JYOTI SARMAH,High,31197,19239,30519,17.8,3144.41,N,N,2,Late,0,0,1,2015-02-28,1,Feb-2015
ACC001100,933,MUKTSAR,JLG35K,47914,43515,43481,2022-08-15,Paid Off,Quarterly EMI,1110166,MUKTSAR-1110166,Meera Joshi,Female,46-55,53,1979-01-29,ST,Sikh,RENT,<25K,Salaried,529,XLG,Trade, 36 months,0.0991,B,B1,MUKTSAR,102-DBS,LUDHIANA,PB,PB,PUNJAB,SRI MUKTSAR SAHIB,1110166,11303-ASHUTOSH KUMAR SUMAN,Medium,49494,43809,47572,25.95,4112.05,N,N,1,On-Time,0,0,1,2017-02-12,0,Aug-2022
ACC001101,498,DHURI,JLG35K,20471,18171,12445,2015-06-13,Default,Quarterly EMI,1030063,DHURI-1030063,Meera Patel,Female,26-35,28,1979-01-29,SC,Hindu,RENT,25K-50K,Business,385,XLG,Trade, 36 months,0.0991,B,B1,DHURI,102-DBS,LUDHIANA,PB,PB,PUNJAB,SANGRUR,1030063,12058-DEEPAK KUMAR,Low,22222,20099,20166,10.57,3295.78,N,N,2,On-Time,0,0,1,2015-06-13,1,Jun-2015
ACC001102,902,ASANSOL,JLG30K,26404,3693,27351,2022-03-02,Fully Paid,Monthly EMI,690076,ASANSOL-690076,Meera Verma,Female,26-35,34,1979-01-29,ST,Sikh,RENT,100K+,Self-Employed,464,XLG,Services, 36 months,0.1065,B,B2,ASANSOL,201-DBS,HOWRAH,WB,WB,WEST BENGAL,PASCHIM BARDHHAMAN,690076,10035-ABHAY TOMER,Medium,27921,4649,25935,24.46,4976.33,N,N,2,On-Time,0,0,1,2022-03-02,1,Mar-2022
ACC001103,613,DHURI,JLG30K,13610,18299,28492,2018-01-05,Default,Quarterly EMI,1030063,DHURI-1030063,Nisha Patel,Female,36-45,41,1979-01-29,General,Hindu,RENT,100K+,Salaried,399,XLG,Services, 36 months,0.1065,B,B2,DHURI,102-DBS,LUDHIANA,PB,PB,PUNJAB,SANGRUR,1030063,12058-DEEPAK KUMAR,Low,14534,20054,13478,30.26,3075.73,N,N,2,On-Time,0,0,1,2015-10-21,0,Jan-2018
ACC001104,562,PATIALA,JLG50K,7409,11749,3503,2022-01-10,Paid Off,Quarterly EMI,100186,PATIALA-100186,Kavya Malhotra,Female,26-35,34,1979-01-29,ST,Sikh,MORTGAGE,75K-100K,Business,328,XLG,Home Loan, 60 months,0.1991,E,E4,PATIALA,102-DBS,LUDHIANA,PB,PB,PUNJAB,PATIALA,100186,10420-MUNENDRA  SINGH,Medium,8553,12204,6935,22.96,1485.7,N,N,0,Very Late,0,0,1,2017-04-02,0,Jan-2022
ACC001105,802,HABRA,JLG30K,22724,43155,17369,2022-06-23,Fully Paid,Monthly EMI,650051,HABRA-650051,Laksh Sharma,Female,46-55,46,1979-01-29,Minority,Muslim,RENT,<25K,Self-Employed,512,XLG,Services, 36 months,0.1065,B,B2,HABRA,201-DBS,HOWRAH,WB,WB,WEST BENGAL,HABRA,650051,12361-RITESH KUMAR SINHA,Low,23341,42753,22516,28.86,1332.66,N,N,2,Late,0,0,1,2022-06-02,0,Jun-2022
ACC001106,609,DURGAPUR,JLG30K,40033,22817,25933,2020-08-18,Active,Monthly EMI,700013,DURGAPUR-700013,Kavya Reddy,Female,46-55,49,1979-01-29,Minority,Muslim,RENT,<25K,Salaried,442,XLG,Services, 36 months,0.1065,B,B2,DURGAPUR,201-DBS,HOWRAH,WB,WB,WEST BENGAL,PASCHIM BARDHHAMAN,700013,10037-RAJESH PRATAP,Low,41997,24425,39680,36.55,2203.69,N,N,1,On-Time,0,0,1,2016-07-02,0,Aug-2020
ACC001107,683,CHHATA,JLG35K,10225,37910,42965,2020-07-11,Active,Monthly EMI,910020,CHHATA-910020,Ananya Reddy,Female,26-35,29,1979-01-29,ST,Sikh,RENT,100K+,Salaried,324,XLG,Trade, 36 months,0.0991,B,B1,CHHATA,176-DBS,BULANDSHAHR,UP,UP,UTTAR PRADESH,MATHURA,910020,10047-ANIL KUMAR,High,11026,38258,9908,2.61,443.66,N,N,0,On-Time,0,0,1,2016-02-27,0,Jul-2020
ACC001108,373,DURGAPUR,JLG40K,46557,15680,19039,2022-09-04,Default,Monthly EMI,700013,DURGAPUR-700013,Meera Gupta,Female,26-35,29,1979-01-29,ST,Sikh,RENT,75K-100K,Self-Employed,369,XLG,Services, 36 months,0.1727,D,D3,DURGAPUR,201-DBS,HOWRAH,WB,WB,WEST BENGAL,PASCHIM BARDHHAMAN,700013,10037-RAJESH PRATAP,Low,47113,17344,46452,4.39,3328.23,N,N,1,Very Late,0,0,1,2016-03-16,0,Sep-2022
ACC001109,137,DHURI,JLG35K,14107,4352,43086,2017-10-03,Fully Paid,Quarterly EMI,1030063,DHURI-1030063,Ananya Nair,Female,36-45,44,1979-01-29,ST,Sikh,RENT,50K-75K,Self-Employed,638,XLG,Trade, 36 months,0.0991,B,B1,DHURI,102-DBS,LUDHIANA,PB,PB,PUNJAB,SANGRUR,1030063,12058-DEEPAK KUMAR,Low,14391,6191,13905,30.83,3018.88,N,N,0,On-Time,0,0,1,2017-10-03,1,Oct-2017
ACC001110,116,Bardhaman,JLG50K,3433,16076,28857,2022-09-12,Fully Paid,Monthly EMI,610198,Bardhaman-610198,Nisha Joshi,Female,26-35,35,1979-01-29,ST,Sikh,RENT,<25K,Business,697,XLG,Home Loan, 60 months,0.1991,E,E4,Bardhaman,201-DBS,HOWRAH,WB,WB,WEST BENGAL,Barddhaman,610198,10035-ABHAY TOMER,Medium,4161,16730,3270,45.8,893.6,N,N,0,On-Time,0,0,1,2017-03-25,0,Sep-2022
ACC001111,189,PANIPAT,JLG30K,47125,2780,16808,2022-12-22,Paid Off,Quarterly EMI,60004,PANIPAT-60004,Meera Mehta,Female,46-55,49,1979-01-29,Minority,Muslim,MORTGAGE,<25K,Salaried,825,XLG,Services, 36 months,0.1065,B,B2,PANIPAT,206-DBS,KARNAL,HR,HR,HARYANA,PANIPAT,60004,10204-SAIF  ALI,Medium,48442,4241,46660,17.0,2251.6,N,N,1,On-Time,0,0,1,2016-12-18,0,Dec-2022
ACC001112,887,BEHROR,JLG35K,38934,30820,17882,2017-11-13,Fully Paid,Monthly EMI,30179,BEHROR-30179,Laksh Sharma,Female,26-35,29,1979-01-29,ST,Sikh,MORTGAGE,<25K,Self-Employed,695,XLG,Trade, 36 months,0.0991,B,B1,BEHROR,301-DBS,JAIPUR,RJ,RJ,RAJASTHAN,BEHROD,30179,10055-MAHESH KUMAR PATEL,Low,39884,32614,38546,24.82,2482.01,N,N,1,On-Time,0,0,1,2017-06-18,0,Nov-2017
ACC001113,355,KAROND,JLG35K,39787,32460,14928,2022-03-02,Fully Paid,Monthly EMI,1320004,KAROND-1320004,Ishaan Patel,Female,36-45,39,1979-01-29,Minority,Muslim,RENT,75K-100K,Self-Employed,472,XLG,Trade, 36 months,0.0991,B,B1,KAROND,200-DBS,BHOPAL,MP,MP,MADHYA PRADESH,BHOPAL,1320004,12758-ROHIT KUMAR JAISWAL,Medium,40094,33750,39634,44.18,2665.93,N,N,1,On-Time,0,0,1,2017-10-05,0,Mar-2022
ACC001114,793,MUKTSAR,JLG40K,39524,4846,14973,2018-11-19,Fully Paid,Quarterly EMI,1110166,MUKTSAR-1110166,Aditya Joshi,Female,46-55,54,1979-01-29,OBC,Hindu,RENT,50K-75K,Business,357,XLG,Services, 36 months,0.1727,D,D3,MUKTSAR,102-DBS,LUDHIANA,PB,PB,PUNJAB,SRI MUKTSAR SAHIB,1110166,11303-ASHUTOSH KUMAR SUMAN,Medium,40311,6437,39378,23.79,3929.04,N,N,2,Very Late,0,0,1,2018-11-19,1,Nov-2018
ACC001115,129,MAWANA,JLG29K,44330,9355,27167,2015-07-29,Paid Off,Monthly EMI,800018,MAWANA-800018,Aditya Reddy,Female,36-45,38,1979-01-29,ST,Sikh,RENT,75K-100K,Self-Employed,467,XLG,Trade, 60 months,0.1727,D,D3,MAWANA,176-DBS,BULANDSHAHR,UP,UP,UTTAR PRADESH,MEERUT,800018,11183-ANIL KUMAR,Medium,45158,9182,44176,33.68,3679.32,Y,N,0,On-Time,0,1,1,2015-07-29,1,Jul-2015
ACC001116,115,SIWAN,JLG30K,6511,6403,2409,2020-06-05,Fully Paid,Monthly EMI,790102,SIWAN-790102,Laksh Malhotra,Female,36-45,38,1979-01-29,ST,Sikh,MORTGAGE,50K-75K,Salaried,485,XLG,Services, 36 months,0.1065,B,B2,SIWAN,209-DBS,PATNA,BR,BR,BIHAR,SIWAN,790102,10827-AJEET KUMAR PANDEY,Medium,7051,7210,6247,22.22,4422.55,N,N,0,On-Time,0,0,1,2019-04-21,0,Jun-2020
ACC001117,319,BULANDSHAHR,JLG30K,38320,33218,25766,2019-09-16,Fully Paid,Quarterly EMI,10068,BULANDSHAHR-10068,Kavya Malhotra,Female,36-45,36,1979-01-29,ST,Sikh,RENT,<25K,Salaried,514,XLG,Services, 36 months,0.1065,B,B2,BULANDSHAHR,176-DBS,BULANDSHAHR,UP,UP,UTTAR PRADESH,BULANDSHAHAR,10068,10057-NANDI SHANKAR,High,39891,33578,37914,3.21,3147.31,N,N,2,On-Time,0,0,1,2018-02-15,0,Sep-2019
ACC001118,970,PATIALA,JLG30K,36540,26668,33276,2016-12-19,Fully Paid,Monthly EMI,100186,PATIALA-100186,Diya Sharma,Female,26-35,34,1979-01-29,ST,Sikh,MORTGAGE,100K+,Self-Employed,341,XLG,Services, 36 months,0.1065,B,B2,PATIALA,102-DBS,LUDHIANA,PB,PB,PUNJAB,PATIALA,100186,10420-MUNENDRA  SINGH,Medium,36208,26205,36173,37.45,4668.67,N,N,1,On-Time,0,0,1,2015-10-07,0,Dec-2016
ACC001119,140,MUKTSAR,JLG30K,40095,42005,43514,2016-11-23,Active,Quarterly EMI,1110166,MUKTSAR-1110166,Nisha Nair,Female,26-35,28,1979-01-29,ST,Sikh,MORTGAGE,25K-50K,Self-Employed,641,XLG,Services, 36 months,0.1065,B,B2,MUKTSAR,102-DBS,LUDHIANA,PB,PB,PUNJAB,SRI MUKTSAR SAHIB,1110166,11303-ASHUTOSH KUMAR SUMAN,Medium,40074,42493,39785,28.57,661.93,N,N,1,On-Time,0,0,1,2016-02-05,0,Nov-2016
ACC001120,261,SANGRUR,JLG30K,48877,42576,20622,2019-01-01,Default,Quarterly EMI,110159,SANGRUR-110159,Kavya Gupta,Female,36-45,39,1979-01-29,OBC,Hindu,RENT,50K-75K,Salaried,692,XLG,Services, 36 months,0.1065,B,B2,SANGRUR,102-DBS,LUDHIANA,PB,PB,PUNJAB,SANGRUR,110159,10037-RAJESH PRATAP,Low,49855,42639,48577,33.53,825.3,N,N,0,Late,0,0,1,2019-01-01,1,Jan-2019
ACC001121,238,BUXAR,JLG35K,6990,17703,31161,2023-03-02,Fully Paid,Quarterly EMI,710002,BUXAR-710002,Laksh Sharma,Female,26-35,31,1979-01-29,SC,Hindu,RENT,100K+,Self-Employed,672,XLG,Trade, 36 months,0.0991,B,B1,BUXAR,209-DBS,PATNA,BR,BR,BIHAR,BUXAR,710002,10055-MAHESH KUMAR PATEL,Medium,7325,18975,6930,30.89,1494.34,N,N,2,Late,0,0,1,2023-03-02,1,Mar-2023
ACC001122,328,BEHROR,JLG30K,42724,38142,29919,2017-11-06,Fully Paid,Quarterly EMI,30179,BEHROR-30179,Nisha Joshi,Female,26-35,35,1979-01-29,ST,Sikh,RENT,<25K,Business,697,XLG,Services, 36 months,0.1065,B,B2,BEHROR,301-DBS,JAIPUR,RJ,RJ,RAJASTHAN,BEHROD,30179,10055-MAHESH KUMAR PATEL,Low,42863,37876,42364,0.7,297.95,N,N,2,On-Time,0,0,1,2017-11-06,1,Nov-2017
ACC001123,379,BEHROR,JLG44K,18931,4094,12152,2019-04-02,Paid Off,Quarterly EMI,30179,BEHROR-30179,Nisha Joshi,Female,26-35,35,1979-01-29,ST,Sikh,RENT,<25K,Business,697,XLG,Home Loan, 36 months,0.0662,A,A2,BEHROR,301-DBS,JAIPUR,RJ,RJ,RAJASTHAN,BEHROD,30179,10055-MAHESH KUMAR PATEL,Low,20369,5397,18615,36.93,551.81,N,N,2,On-Time,0,0,1,2019-04-02,1,Apr-2019
ACC001124,899,MUKTSAR,JLG30K,34662,46380,2691,2019-10-25,Paid Off,Quarterly EMI,1110166,MUKTSAR-1110166,Laksh Sharma,Female,36-45,37,1979-01-29,Minority,Muslim,RENT,<25K,Self-Employed,740,XLG,Services, 36 months,0.1065,B,B2,MUKTSAR,102-DBS,LUDHIANA,PB,PB,PUNJAB,SRI MUKTSAR SAHIB,1110166,11303-ASHUTOSH KUMAR SUMAN,Medium,35929,48261,34365,49.14,3452.42,N,N,1,On-Time,0,0,1,2015-10-05,0,Oct-2019
ACC001125,565,FATEHGARH SAHIB,JLG35K,32034,15529,13255,2021-12-03,Fully Paid,Monthly EMI,120676,FATEHGARH SAHIB-120676,Vivaan Nair,Female,46-55,49,1979-01-29,General,Muslim,RENT,100K+,Salaried,519,XLG,Trade, 36 months,0.0991,B,B1,FATEHGARH SAHIB,102-DBS,LUDHIANA,PB,PB,PUNJAB,FATEHGARH SAHIB,120676,10037-RAJESH PRATAP,Medium,32431,17465,31568,14.65,1069.09,N,N,2,Late,0,0,1,2019-10-24,0,Dec-2021
ACC001126,777,DURGAPUR,JLG30K,33108,26794,33582,2018-04-02,Fully Paid,Quarterly EMI,700013,DURGAPUR-700013,Meera Reddy,Female,46-55,49,1979-01-29,ST,Hindu,OWN,75K-100K,Salaried,374,XLG,Services, 36 months,0.1065,B,B2,DURGAPUR,201-DBS,HOWRAH,WB,WB,WEST BENGAL,PASCHIM BARDHHAMAN,700013,10037-RAJESH PRATAP,Low,33412,27232,32649,40.79,773.48,N,N,1,On-Time,0,0,1,2018-04-02,1,Apr-2018
ACC001127,545,DHURI,JLG50K,14910,12540,33868,2023-07-19,Fully Paid,Monthly EMI,1030063,DHURI-1030063,Ananya Mehta,Female,26-35,30,1979-01-29,ST,Sikh,RENT,75K-100K,Business,783,XLG,Home Loan, 60 months,0.1991,E,E4,DHURI,102-DBS,LUDHIANA,PB,PB,PUNJAB,SANGRUR,1030063,12058-DEEPAK KUMAR,Low,15401,12360,14530,25.71,3367.0,N,N,1,Late,0,0,1,2018-03-19,0,Jul-2023
ACC001128,103,PATIALA,JLG35K,49300,42409,9972,2017-02-25,Active,Quarterly EMI,100186,PATIALA-100186,Nisha Verma,Female,18-25,24,1979-01-29,ST,Sikh,RENT,<25K,Salaried,443,XLG,Trade, 36 months,0.0991,B,B1,PATIALA,102-DBS,LUDHIANA,PB,PB,PUNJAB,PATIALA,100186,10420-MUNENDRA  SINGH,Medium,49639,42693,48941,32.86,1420.07,N,N,1,Late,0,0,1,2017-02-25,1,Feb-2017
ACC001129,282,FATEHGARH SAHIB,JLG30K,42250,7489,40041,2023-03-26,Fully Paid,Quarterly EMI,120676,FATEHGARH SAHIB-120676,Aditya Joshi,Female,26-35,35,1979-01-29,General,Hindu,RENT,<25K,Business,624,XLG,Services, 36 months,0.1065,B,B2,FATEHGARH SAHIB,102-DBS,LUDHIANA,PB,PB,PUNJAB,FATEHGARH SAHIB,120676,10037-RAJESH PRATAP,Medium,42937,9327,41859,5.36,2181.52,N,Y,2,On-Time,1,0,1,2015-11-22,0,Mar-2023
ACC001130,989,ASANSOL,JLG30K,13756,17450,20514,2019-02-25,Active,Quarterly EMI,690076,ASANSOL-690076,Kavya Mehta,Female,36-45,45,1973-03-14,General,Muslim,OWN,50K-75K,Business,490,XLG,Services, 36 months,0.1065,B,B2,ASANSOL,201-DBS,HOWRAH,WB,WB,WEST BENGAL,PASCHIM BARDHHAMAN,690076,10035-ABHAY TOMER,Medium,15490,19178,13409,7.28,353.59,Y,N,2,On-Time,0,1,1,2019-02-25,1,Feb-2019
ACC001131,771,Mangaldoi,JLG30K,23862,24874,13594,2016-09-03,Fully Paid,Monthly EMI,570241,Mangaldoi-570241,Aarav Reddy,Female,46-55,55,1979-01-29,General,Muslim,MORTGAGE,<25K,Self-Employed,750,XLG,Services, 36 months,0.1065,B,B2,Mangaldoi,208-DBS,GUWAAHATI,AS,AS,ASSAM,Mangaldoi,570241,10961-NAYAN JYOTI SARMAH,Low,23622,25599,23389,18.98,3159.37,N,N,0,On-Time,0,0,1,2016-09-03,1,Sep-2016
ACC001132,319,HAPUR,JLG30K,2378,6845,23147,2021-09-02,Paid Off,Monthly EMI,210563,HAPUR-210563,Kavya Malhotra,Female,36-45,36,1979-01-29,ST,Sikh,RENT,<25K,Salaried,514,XLG,Services, 36 months,0.1065,B,B2,HAPUR,176-DBS,BULANDSHAHR,UP,UP,UTTAR PRADESH,HAPUR,210563,10183-RISHABH PANT,Low,2365,8337,1912,28.59,2430.17,N,N,0,On-Time,0,0,1,2018-02-15,0,Sep-2021
ACC001133,579,SEHORE,JLG44K,17670,3454,13207,2015-02-07,Paid Off,Quarterly EMI,1440051,SEHORE-1440051,Nisha Joshi,Female,26-35,33,1979-01-29,General,Hindu,MORTGAGE,50K-75K,Self-Employed,731,XLG,Home Loan, 36 months,0.0662,A,A2,SEHORE,200-DBS,BHOPAL,MP,MP,MADHYA PRADESH,SEHORE,1440051,10063-VIR SINGH,High,17931,5277,17649,31.45,1389.99,N,N,0,On-Time,0,0,1,2015-02-07,1,Feb-2015
ACC001134,404,KURUKSHETRA,JLG30K,40537,9116,6144,2020-10-13,Fully Paid,Quarterly EMI,70364,KURUKSHETRA-70364,Vivaan Joshi,Female,26-35,29,1979-01-29,Minority,Hindu,MORTGAGE,75K-100K,Business,395,XLG,Services, 36 months,0.1065,B,B2,KURUKSHETRA,206-DBS,KARNAL,HR,HR,HARYANA,KURUKSHETRA,70364,10028-AAYUSH PANDEY,Medium,41297,10751,40436,14.27,266.77,N,N,0,On-Time,0,0,1,2016-05-16,0,Oct-2020
ACC001135,317,BEHROR,JLG35K,24551,37678,26940,2018-07-24,Default,Quarterly EMI,30179,BEHROR-30179,Vivaan Joshi,Female,26-35,33,1986-06-15,SC,Sikh,MORTGAGE,75K-100K,Self-Employed,847,XLG,Trade, 36 months,0.0991,B,B1,BEHROR,301-DBS,JAIPUR,RJ,RJ,RAJASTHAN,BEHROD,30179,10055-MAHESH KUMAR PATEL,Low,24270,37499,24299,26.47,2641.4,N,N,2,On-Time,0,0,1,2018-07-24,1,Jul-2018
ACC001136,716,BILASPUR,JLG46K,18908,35939,7554,2018-07-31,Fully Paid,Monthly EMI,240005,BILASPUR-240005,Nisha Nair,Female,26-35,28,1979-01-29,ST,Sikh,MORTGAGE,25K-50K,Self-Employed,641,XLG,Home Loan, 36 months,0.1825,D,D5,BILASPUR,207-DBS,RAIPUR,CG,CG,CHATTISGARH,BILASPUR,240005,10886-MANISH KUMAR DWIVEDI,Low,19007,35913,18719,46.27,1592.75,N,N,1,On-Time,0,0,1,2016-11-23,0,Jul-2018
ACC001137,419,DHARMANAGAR,JLG30K,16508,16849,32888,2019-06-01,Fully Paid,Quarterly EMI,1230018,DHARMANAGAR-1230018,Diya Patel,Female,18-25,39,1979-01-29,ST,Sikh,MORTGAGE,<25K,Salaried,476,XLG,Services, 36 months,0.1065,B,B2,DHARMANAGAR,303-DBS,GUWAAHATI,TR,TR,TRIPURA,NORTH TRIPURA,1230018,12526-OKRAM AMOLENDU SINGHA,High,16389,17925,16063,22.23,2437.88,Y,N,1,Very Late,0,1,1,2017-03-21,0,Jun-2019
ACC001138,450,DHARMANAGAR,JLG30K,48005,36245,3622,2017-07-18,Fully Paid,Quarterly EMI,1230018,DHARMANAGAR-1230018,Laksh Sharma,Female,36-45,37,1979-01-29,Minority,Muslim,RENT,<25K,Self-Employed,740,XLG,Services, 36 months,0.1065,B,B2,DHARMANAGAR,303-DBS,GUWAAHATI,TR,TR,TRIPURA,NORTH TRIPURA,1230018,12526-OKRAM AMOLENDU SINGHA,High,49187,36353,47579,41.69,4642.61,N,N,1,On-Time,0,0,1,2015-01-20,0,Jul-2017
ACC001139,851,SAMRALA,JLG35K,36735,43609,26917,2019-03-08,Fully Paid,Quarterly EMI,130067,SAMRALA-130067,Aditya Joshi,Female,46-55,54,1979-01-29,OBC,Hindu,RENT,50K-75K,Business,357,XLG,Trade, 36 months,0.0991,B,B1,SAMRALA,102-DBS,LUDHIANA,PB,PB,PUNJAB,SAMRALA,130067,10050-GAUTAM SINGH,Low,36909,44291,36510,29.81,2656.3,N,N,0,On-Time,0,0,1,2019-03-08,1,Mar-2019
ACC001140,730,SANGRUR,JLG35K,8007,37714,5727,2015-12-21,Fully Paid,Monthly EMI,110159,SANGRUR-110159,Aarav Verma,Female,26-35,33,1979-01-29,ST,Sikh,MORTGAGE,25K-50K,Salaried,754,XLG,Trade, 36 months,0.0991,B,B1,SANGRUR,102-DBS,LUDHIANA,PB,PB,PUNJAB,SANGRUR,110159,10037-RAJESH PRATAP,Low,7822,38836,7611,19.76,1232.83,N,N,0,On-Time,0,0,1,2015-12-21,1,Dec-2015
ACC001141,663,DURGAPUR,JLG30K,17329,34518,44835,2015-08-16,Fully Paid,Monthly EMI,700013,DURGAPUR-700013,Ananya Reddy,Female,18-25,39,1979-01-29,General,Muslim,MORTGAGE,<25K,Self-Employed,660,XLG,Services, 36 months,0.1065,B,B2,DURGAPUR,201-DBS,HOWRAH,WB,WB,WEST BENGAL,PASCHIM BARDHHAMAN,700013,10037-RAJESH PRATAP,Low,19107,36508,16970,16.52,1408.57,Y,N,1,On-Time,0,1,1,2015-08-16,1,Aug-2015
ACC001142,549,BISWANATH CHARIALI,JLG30K,48805,21950,23705,2018-08-20,Fully Paid,Monthly EMI,740048,BISWANATH CHARIALI-740048,Aarav Patel,Female,26-35,31,1979-01-29,ST,Sikh,MORTGAGE,50K-75K,Business,462,XLG,Services, 36 months,0.1065,B,B2,BISWANATH CHARIALI,208-DBS,GUWAAHATI,AS,AS,ASSAM,BISWANATH,740048,13111-SHANTUMONI BORAH,Medium,50138,23582,48680,5.4,4958.93,N,N,2,On-Time,0,0,1,2018-08-20,1,Aug-2018
ACC001143,27,MUKTSAR,JLG44K,28102,13777,5505,2019-01-25,Paid Off,Quarterly EMI,1110166,MUKTSAR-1110166,Kavya Sharma,Female,36-45,42,1975-08-16,General,Hindu,MORTGAGE,50K-75K,Salaried,393,XLG,Home Loan, 36 months,0.0662,A,A2,MUKTSAR,102-DBS,LUDHIANA,PB,PB,PUNJAB,SRI MUKTSAR SAHIB,1110166,11303-ASHUTOSH KUMAR SUMAN,Medium,29620,14577,27683,23.05,3323.88,N,N,1,Very Late,0,0,1,2017-03-28,0,Jan-2019
ACC001144,391,Mathura,JLG30K,30546,28206,41746,2018-04-29,Default,Quarterly EMI,910182,Mathura-910182,Kavya Patel,Female,36-45,36,1979-01-29,ST,Sikh,RENT,100K+,Business,692,XLG,Services, 36 months,0.1065,B,B2,Mathura,176-DBS,BULANDSHAHR,UP,UP,UTTAR PRADESH,MATHURA,910182,10469-MANISH  PANDEY,High,30229,29654,30435,32.06,3341.73,N,N,2,On-Time,0,0,1,2018-04-29,1,Apr-2018
ACC001145,909,Mathura,JLG45K,34105,20867,19550,2019-12-02,Paid Off,Quarterly EMI,910182,Mathura-910182,Ananya Mehta,Female,26-35,30,1979-01-29,ST,Sikh,RENT,75K-100K,Business,783,XLG,Agriculture, 36 months,0.0751,A,A3,Mathura,176-DBS,BULANDSHAHR,UP,UP,UTTAR PRADESH,MATHURA,910182,10469-MANISH  PANDEY,High,35400,22076,33958,25.38,452.21,N,N,0,On-Time,0,0,1,2019-05-28,0,Dec-2019
ACC001146,656,SANGRUR,JLG30K,36952,39075,2954,2015-04-27,Active,Monthly EMI,110159,SANGRUR-110159,Kavya Chopra,Female,36-45,43,1979-01-29,General,Muslim,OWN,100K+,Business,300,XLG,Services, 36 months,0.1065,B,B2,SANGRUR,102-DBS,LUDHIANA,PB,PB,PUNJAB,SANGRUR,110159,10037-RAJESH PRATAP,Low,37624,39446,36663,38.86,4480.27,N,N,1,Late,0,0,1,2015-04-27,1,Apr-2015
ACC001147,433,SIWAN,JLG30K,22091,9050,10847,2021-01-05,Fully Paid,Monthly EMI,790102,SIWAN-790102,Vivaan Reddy,Female,36-45,37,1979-01-29,OBC,Hindu,RENT,25K-50K,Salaried,426,XLG,Services, 36 months,0.1065,B,B2,SIWAN,209-DBS,PATNA,BR,BR,BIHAR,SIWAN,790102,10827-AJEET KUMAR PANDEY,Medium,21849,10742,21699,14.14,1983.14,N,N,0,On-Time,0,0,1,2015-08-18,0,Jan-2021
ACC001148,956,Mangaldoi,JLG35K,41134,8667,16210,2015-09-11,Paid Off,Monthly EMI,570241,Mangaldoi-570241,Kavya Mehta,Female,26-35,31,1979-01-29,ST,Muslim,RENT,<25K,Self-Employed,466,XLG,Trade, 36 months,0.0991,B,B1,Mangaldoi,208-DBS,GUWAAHATI,AS,AS,ASSAM,Mangaldoi,570241,10961-NAYAN JYOTI SARMAH,Low,41171,10587,41134,1.02,3860.66,N,N,2,On-Time,0,0,1,2015-09-11,1,Sep-2015
ACC001149,305,MUKTSAR,JLG30K,11589,24079,4661,2018-10-06,Paid Off,Quarterly EMI,1110166,MUKTSAR-1110166,Aditya Mehta,Female,26-35,32,1979-01-29,ST,Sikh,RENT,75K-100K,Salaried,666,XLG,Services, 36 months,0.1065,B,B2,MUKTSAR,102-DBS,LUDHIANA,PB,PB,PUNJAB,SRI MUKTSAR SAHIB,1110166,11303-ASHUTOSH KUMAR SUMAN,Medium,13551,23687,11141,22.08,908.38,N,N,2,On-Time,0,0,1,2015-05-25,0,Oct-2018
ACC001150,603,BEHROR,JLG35K,47814,40382,7162,2023-08-21,Paid Off,Monthly EMI,30179,BEHROR-30179,Laksh Patel,Female,46-55,46,1979-01-29,General,Hindu,RENT,50K-75K,Business,467,XLG,Trade, 36 months,0.0991,B,B1,BEHROR,301-DBS,JAIPUR,RJ,RJ,RAJASTHAN,BEHROD,30179,10055-MAHESH KUMAR PATEL,Low,49456,40219,47767,1.51,1294.33,N,N,0,On-Time,0,0,1,2018-02-19,0,Aug-2023
ACC001151,498,TEZPUR,JLG35K,9378,37989,26933,2022-06-29,Active,Quarterly EMI,680026,TEZPUR-680026,Meera Patel,Female,26-35,28,1979-01-29,SC,Hindu,RENT,25K-50K,Business,385,XLG,Trade, 36 months,0.0991,B,B1,TEZPUR,208-DBS,GUWAAHATI,AS,AS,ASSAM,SONITPUR,680026,11055-MANAS PROTIM HAZARIKA,Medium,9507,37647,9330,4.52,4894.71,N,N,1,On-Time,0,0,1,2015-06-13,0,Jun-2022
ACC001152,477,KURUKSHETRA,JLG30K,3688,23183,1504,2017-10-03,Active,Quarterly EMI,70364,KURUKSHETRA-70364,Nisha Verma,Female,26-35,35,1979-01-29,SC,Hindu,RENT,75K-100K,Salaried,792,XLG,Services, 36 months,0.1065,B,B2,KURUKSHETRA,206-DBS,KARNAL,HR,HR,HARYANA,KURUKSHETRA,70364,10028-AAYUSH PANDEY,Medium,5205,25089,3262,0.86,3559.94,N,N,0,Very Late,0,0,1,2017-10-03,1,Oct-2017
ACC001153,817,Mathura,JLG30K,37950,32902,4973,2022-03-12,Default,Quarterly EMI,910182,Mathura-910182,Meera Malhotra,Female,46-55,50,1979-01-29,Minority,Muslim,RENT,<25K,Salaried,416,XLG,Services, 36 months,0.1065,B,B2,Mathura,176-DBS,BULANDSHAHR,UP,UP,UTTAR PRADESH,MATHURA,910182,10469-MANISH  PANDEY,High,39889,33063,37782,37.93,2688.1,N,N,0,Late,0,0,1,2019-11-16,0,Mar-2022
ACC001154,130,DHURI,JLG35K,30231,46376,27518,2020-07-01,Default,Monthly EMI,1030063,DHURI-1030063,Vivaan Verma,Female,26-35,34,1985-09-29,ST,Sikh,MORTGAGE,100K+,Self-Employed,469,XLG,Trade, 36 months,0.0991,B,B1,DHURI,102-DBS,LUDHIANA,PB,PB,PUNJAB,SANGRUR,1030063,12058-DEEPAK KUMAR,Low,29772,47077,30222,20.3,4202.51,N,N,1,On-Time,0,0,1,2015-03-16,0,Jul-2020
ACC001155,181,SANGRUR,JLG46K,23165,25444,8058,2021-04-08,Paid Off,Quarterly EMI,110159,SANGRUR-110159,Kavya Gupta,Female,36-45,43,1979-01-29,Minority,Muslim,RENT,<25K,Self-Employed,528,XLG,Home Loan, 36 months,0.1825,D,D5,SANGRUR,102-DBS,LUDHIANA,PB,PB,PUNJAB,SANGRUR,110159,10037-RAJESH PRATAP,Low,23850,26617,23101,50.0,3681.55,N,N,2,On-Time,0,0,1,2021-04-08,1,Apr-2021
ACC001156,429,DHURI,JLG35K,13506,9092,18218,2017-09-14,Paid Off,Quarterly EMI,1030063,DHURI-1030063,Ishaan Gupta,Female,26-35,28,1979-01-29,SC,Hindu,RENT,100K+,Business,536,XLG,Trade, 36 months,0.0991,B,B1,DHURI,102-DBS,LUDHIANA,PB,PB,PUNJAB,SANGRUR,1030063,12058-DEEPAK KUMAR,Low,14613,10179,13274,37.81,3459.3,N,N,2,On-Time,0,0,1,2017-09-14,1,Sep-2017
ACC001157,405,JALANDHAR,JLG46K,4082,43211,41140,2023-12-04,Fully Paid,Monthly EMI,160051,JALANDHAR-160051,Kavya Gupta,Female,36-45,43,1979-01-29,Minority,Muslim,RENT,<25K,Self-Employed,528,XLG,Home Loan, 36 months,0.1825,D,D5,JALANDHAR,102-DBS,LUDHIANA,PB,PB,PUNJAB,JALANDHAR,160051,10067-AKSHAY KUMAR,Low,4420,43398,3620,21.01,4627.42,N,N,2,On-Time,0,0,1,2020-05-29,0,Dec-2023
ACC001158,26,SIVASAGAR,JLG35K,12471,47993,5257,2018-07-07,Paid Off,Quarterly EMI,880038,SIVASAGAR-880038,Meera Sharma,Female,18-25,22,1995-12-14,General,Hindu,RENT,<25K,Salaried,346,XLG,Trade, 36 months,0.0991,B,B1,SIVASAGAR,208-DBS,GUWAAHATI,AS,AS,ASSAM,SIVASAGAR,880038,12359-SAMIUR RAHMAN,High,13014,49225,12171,46.17,1060.51,N,N,0,On-Time,0,0,1,2017-05-03,0,Jul-2018
ACC001159,824,ASANSOL,JLG30K,25161,45519,22830,2018-12-31,Fully Paid,Monthly EMI,690076,ASANSOL-690076,Laksh Reddy,Female,26-35,31,1979-01-29,SC,Hindu,RENT,25K-50K,Salaried,315,XLG,Services, 36 months,0.1065,B,B2,ASANSOL,201-DBS,HOWRAH,WB,WB,WEST BENGAL,PASCHIM BARDHHAMAN,690076,10035-ABHAY TOMER,Medium,26702,46115,25131,8.64,2743.1,N,N,0,On-Time,0,0,1,2016-03-28,0,Dec-2018
ACC001160,811,DURGAPUR,JLG30K,31986,22308,10999,2022-03-28,Active,Monthly EMI,700013,DURGAPUR-700013,Aditya Malhotra,Female,46-55,51,1979-01-29,OBC,Hindu,RENT,25K-50K,Self-Employed,389,XLG,Services, 36 months,0.1065,B,B2,DURGAPUR,201-DBS,HOWRAH,WB,WB,WEST BENGAL,PASCHIM BARDHHAMAN,700013,10037-RAJESH PRATAP,Low,31503,24268,31619,37.99,4599.22,N,N,1,On-Time,0,0,1,2022-03-28,1,Mar-2022
ACC001161,690,NEEM KA THANA,JLG35K,38917,49352,38883,2022-01-19,Fully Paid,Monthly EMI,80001,NEEM KA THANA-80001,Kavya Reddy,Female,18-25,23,1979-01-29,General,Hindu,RENT,25K-50K,Business,503,XLG,Trade, 36 months,0.0991,B,B1,NEEM KA THANA,301-DBS,JAIPUR,RJ,RJ,RAJASTHAN,NEEM KA THANA,80001,10043-RAVI MISHRA,High,38485,49965,38526,22.57,4268.39,N,N,1,On-Time,0,0,1,2022-01-19,1,Jan-2022
ACC001162,6,BUXAR,JLG35K,37160,17760,30229,2016-07-05,Paid Off,Monthly EMI,710002,BUXAR-710002,Ishaan Mehta,Female,18-25,23,1979-01-29,OBC,Hindu,RENT,100K+,Business,416,XLG,Trade, 36 months,0.0991,B,B1,BUXAR,209-DBS,PATNA,BR,BR,BIHAR,BUXAR,710002,10055-MAHESH KUMAR PATEL,Medium,37774,18130,36883,36.64,2962.93,N,N,0,On-Time,0,0,1,2016-07-05,1,Jul-2016
ACC001163,86,JALANDHAR,JLG30K,32107,18030,17867,2018-12-07,Fully Paid,Quarterly EMI,160051,JALANDHAR-160051,Laksh Nair,Female,36-45,38,1979-01-29,Minority,Muslim,RENT,<25K,Self-Employed,578,XLG,Services, 36 months,0.1065,B,B2,JALANDHAR,102-DBS,LUDHIANA,PB,PB,PUNJAB,JALANDHAR,160051,10067-AKSHAY KUMAR,Low,31630,19536,31948,14.0,3889.27,N,N,2,On-Time,0,0,1,2017-04-14,0,Dec-2018
ACC001164,894,ASANSOL,JLG30K,35110,31640,26430,2020-10-21,Fully Paid,Quarterly EMI,690076,ASANSOL-690076,Laksh Malhotra,Female,46-55,51,1979-01-29,General,Muslim,MORTGAGE,75K-100K,Self-Employed,804,XLG,Services, 36 months,0.1065,B,B2,ASANSOL,201-DBS,HOWRAH,WB,WB,WEST BENGAL,PASCHIM BARDHHAMAN,690076,10035-ABHAY TOMER,Medium,34778,32711,34896,18.78,483.59,N,N,1,On-Time,0,0,1,2020-10-21,1,Oct-2020
ACC001165,723,Mathura,JLG35K,43469,2841,35523,2019-10-19,Paid Off,Quarterly EMI,910182,Mathura-910182,Ananya Nair,Female,36-45,44,1979-01-29,ST,Sikh,RENT,50K-75K,Self-Employed,638,XLG,Trade, 36 months,0.0991,B,B1,Mathura,176-DBS,BULANDSHAHR,UP,UP,UTTAR PRADESH,MATHURA,910182,10469-MANISH  PANDEY,High,44471,2763,43216,26.87,2686.26,Y,N,0,On-Time,0,1,1,2017-06-26,0,Oct-2019
ACC001166,30,PATIALA,JLG30K,8784,6476,20129,2018-08-11,Fully Paid,Monthly EMI,100186,PATIALA-100186,Vivaan Gupta,Female,36-45,38,1979-01-29,General,Hindu,MORTGAGE,75K-100K,Business,517,XLG,Services, 36 months,0.1065,B,B2,PATIALA,102-DBS,LUDHIANA,PB,PB,PUNJAB,PATIALA,100186,10420-MUNENDRA  SINGH,Medium,10230,6482,8676,4.24,302.07,Y,N,1,On-Time,0,1,1,2016-05-04,0,Aug-2018
ACC001167,201,MUKTSAR,JLG35K,6420,3913,24091,2016-08-12,Fully Paid,Monthly EMI,1110166,MUKTSAR-1110166,Kavya Chopra,Female,36-45,36,1979-01-29,Minority,Muslim,RENT,75K-100K,Self-Employed,307,XLG,Trade, 36 months,0.0991,B,B1,MUKTSAR,102-DBS,LUDHIANA,PB,PB,PUNJAB,SRI MUKTSAR SAHIB,1110166,11303-ASHUTOSH KUMAR SUMAN,Medium,7385,5346,6171,12.32,1762.0,N,N,2,Late,0,0,1,2016-04-10,0,Aug-2016
ACC001168,3,Mathura,JLG39K,45457,3325,44100,2018-12-11,Fully Paid,Quarterly EMI,910182,Mathura-910182,Laksh Joshi,Female,36-45,36,1979-01-29,OBC,Christian,RENT,100K+,Self-Employed,357,XLG,Agriculture, 36 months,0.0662,A,A2,Mathura,176-DBS,BULANDSHAHR,UP,UP,UTTAR PRADESH,MATHURA,910182,10469-MANISH  PANDEY,High,45620,4650,45092,22.62,1715.34,N,N,0,On-Time,0,0,1,2018-10-27,0,Dec-2018
ACC001169,10,PAOTA,JLG30K,38587,26802,36770,2021-11-07,Paid Off,Monthly EMI,90149,PAOTA-90149,Ishaan Mehta,Female,36-45,39,1979-01-29,OBC,Hindu,OWN,50K-75K,Self-Employed,812,XLG,Services, 36 months,0.1065,B,B2,PAOTA,301-DBS,JAIPUR,RJ,RJ,RAJASTHAN,jaipur,90149,10043-RAVI MISHRA,Low,38262,28385,38310,5.69,877.08,N,N,0,Late,0,0,1,2018-01-06,0,Nov-2021
ACC001170,638,Mathura,JLG35K,47333,37795,17014,2017-08-13,Fully Paid,Quarterly EMI,910182,Mathura-910182,Vivaan Gupta,Female,56-63,57,1979-01-29,General,Muslim,RENT,75K-100K,Business,472,XLG,Trade, 36 months,0.0991,B,B1,Mathura,176-DBS,BULANDSHAHR,UP,UP,UTTAR PRADESH,MATHURA,910182,10469-MANISH  PANDEY,High,47030,38769,47118,1.54,3763.17,N,N,0,On-Time,0,0,1,2017-08-13,1,Aug-2017
ACC001171,856,Mathura,JLG35K,28645,37941,23436,2018-03-18,Paid Off,Monthly EMI,910182,Mathura-910182,Aarav Sharma,Female,46-55,46,1979-01-29,SC,Hindu,RENT,100K+,Business,459,XLG,Trade, 36 months,0.0991,B,B1,Mathura,176-DBS,BULANDSHAHR,UP,UP,UTTAR PRADESH,MATHURA,910182,10469-MANISH  PANDEY,High,29233,39562,28173,17.89,2975.11,N,N,2,Very Late,0,0,1,2015-09-04,0,Mar-2018
ACC001172,961,AGRA,JLG29K,35537,24189,27974,2022-07-11,Paid Off,Monthly EMI,140056,AGRA-140056,Ananya Reddy,Female,26-35,29,1979-01-29,ST,Sikh,RENT,100K+,Salaried,324,XLG,Trade, 60 months,0.1727,D,D3,AGRA,176-DBS,BULANDSHAHR,UP,UP,UTTAR PRADESH,AGRA,140056,10161-RAM AVTAR,Medium,35675,23724,35262,19.65,1629.6,N,N,2,On-Time,0,0,1,2015-06-22,0,Jul-2022
ACC001173,487,PATIALA,JLG35K,41723,48131,21904,2022-04-11,Paid Off,Quarterly EMI,100186,PATIALA-100186,Kavya Gupta,Female,26-35,35,1979-01-29,ST,Sikh,RENT,50K-75K,Business,721,XLG,Trade, 36 months,0.0991,B,B1,PATIALA,102-DBS,LUDHIANA,PB,PB,PUNJAB,PATIALA,100186,10420-MUNENDRA  SINGH,Medium,41614,50031,41375,18.96,159.76,N,N,0,On-Time,0,0,1,2021-03-06,0,Apr-2022
ACC001174,598,CHHATA,JLG35K,28467,46272,1888,2019-11-03,Paid Off,Monthly EMI,910020,CHHATA-910020,Nisha Patel,Female,36-45,41,1979-01-29,General,Hindu,RENT,100K+,Salaried,399,XLG,Trade, 36 months,0.0991,B,B1,CHHATA,176-DBS,BULANDSHAHR,UP,UP,UTTAR PRADESH,MATHURA,910020,10047-ANIL KUMAR,High,29347,45963,28047,21.12,2648.18,Y,N,0,On-Time,0,1,1,2017-09-05,0,Nov-2019
ACC001175,814,SANGRUR,JLG35K,25712,15365,6335,2022-02-02,Paid Off,Quarterly EMI,110159,SANGRUR-110159,Ananya Malhotra,Female,46-55,54,1979-01-29,Minority,Muslim,RENT,25K-50K,Self-Employed,433,XLG,Trade, 36 months,0.0991,B,B1,SANGRUR,102-DBS,LUDHIANA,PB,PB,PUNJAB,SANGRUR,110159,10037-RAJESH PRATAP,Low,26794,17182,25381,5.2,4822.97,Y,N,2,On-Time,0,1,1,2021-10-05,0,Feb-2022
ACC001176,955,MUKTSAR,JLG29K,10100,5009,16599,2018-01-15,Paid Off,Monthly EMI,1110166,MUKTSAR-1110166,Laksh Reddy,Female,36-45,36,1979-01-29,OBC,Hindu,OWN,50K-75K,Business,787,XLG,Trade, 60 months,0.1727,D,D3,MUKTSAR,102-DBS,LUDHIANA,PB,PB,PUNJAB,SRI MUKTSAR SAHIB,1110166,11303-ASHUTOSH KUMAR SUMAN,Medium,10581,4895,9913,48.59,2754.82,N,N,2,On-Time,0,0,1,2015-02-10,0,Jan-2018
ACC001177,921,BEHROR,JLG35K,6476,36388,36639,2020-08-09,Fully Paid,Monthly EMI,30179,BEHROR-30179,Aditya Mehta,Female,26-35,32,1979-01-29,ST,Sikh,RENT,75K-100K,Salaried,666,XLG,Trade, 36 months,0.0991,B,B1,BEHROR,301-DBS,JAIPUR,RJ,RJ,RAJASTHAN,BEHROD,30179,10055-MAHESH KUMAR PATEL,Low,8444,38013,6145,17.76,135.47,N,N,0,Late,0,0,1,2020-08-09,1,Aug-2020
ACC001178,501,Mangaldoi,JLG30K,20959,14033,41507,2020-05-12,Fully Paid,Monthly EMI,570241,Mangaldoi-570241,Vivaan Gupta,Female,46-55,46,1979-01-29,ST,Sikh,OWN,75K-100K,Business,481,XLG,Services, 36 months,0.1065,B,B2,Mangaldoi,208-DBS,GUWAAHATI,AS,AS,ASSAM,Mangaldoi,570241,10961-NAYAN JYOTI SARMAH,Low,21658,15597,20555,27.59,3352.77,N,Y,0,On-Time,1,0,1,2016-09-27,0,May-2020
ACC001179,37,SANGRUR,JLG30K,14302,23962,28224,2016-11-10,Fully Paid,Quarterly EMI,110159,SANGRUR-110159,Nisha Chopra,Female,46-55,52,1979-01-29,General,Hindu,RENT,100K+,Salaried,322,XLG,Services, 36 months,0.1065,B,B2,SANGRUR,102-DBS,LUDHIANA,PB,PB,PUNJAB,SANGRUR,110159,10037-RAJESH PRATAP,Low,16106,25263,13861,22.11,4037.27,N,N,0,On-Time,0,0,1,2016-05-18,0,Nov-2016
ACC001180,992,DHURI,JLG30K,42045,13492,22359,2015-08-31,Paid Off,Quarterly EMI,1030063,DHURI-1030063,Ishaan Joshi,Female,36-45,43,1979-01-29,General,Hindu,RENT,100K+,Salaried,675,XLG,Services, 36 months,0.1065,B,B2,DHURI,102-DBS,LUDHIANA,PB,PB,PUNJAB,SANGRUR,1030063,12058-DEEPAK KUMAR,Low,42740,13511,41988,1.61,2377.0,N,N,1,On-Time,0,0,1,2015-08-31,1,Aug-2015
ACC001181,636,SANGRUR,JLG35K,42022,20325,14426,2021-12-02,Paid Off,Quarterly EMI,110159,SANGRUR-110159,Vivaan Patel,Female,46-55,51,1979-01-29,SC,Hindu,MORTGAGE,100K+,Business,375,XLG,Trade, 36 months,0.0991,B,B1,SANGRUR,102-DBS,LUDHIANA,PB,PB,PUNJAB,SANGRUR,110159,10037-RAJESH PRATAP,Low,42727,21094,41803,48.61,3735.42,N,Y,1,On-Time,1,0,1,2021-12-02,1,Dec-2021
ACC001182,817,Mathura,JLG30K,28485,13932,37335,2021-12-24,Paid Off,Quarterly EMI,910182,Mathura-910182,Meera Malhotra,Female,46-55,50,1979-01-29,Minority,Muslim,RENT,<25K,Salaried,416,XLG,Services, 36 months,0.1065,B,B2,Mathura,176-DBS,BULANDSHAHR,UP,UP,UTTAR PRADESH,MATHURA,910182,10469-MANISH  PANDEY,High,30069,14807,28027,6.65,4902.27,N,N,2,On-Time,0,0,1,2019-11-16,0,Dec-2021
ACC001183,426,BILASPUR,JLG30K,8662,7692,44569,2015-09-07,Active,Quarterly EMI,240005,BILASPUR-240005,Aarav Malhotra,Female,46-55,53,1979-01-29,Minority,Muslim,RENT,25K-50K,Business,812,XLG,Services, 36 months,0.1065,B,B2,BILASPUR,207-DBS,RAIPUR,CG,CG,CHATTISGARH,BILASPUR,240005,10886-MANISH KUMAR DWIVEDI,Low,9413,8168,8273,8.94,4064.83,Y,N,1,On-Time,0,1,1,2015-09-07,1,Sep-2015
ACC001184,150,BUXAR,JLG35K,15068,4099,20581,2016-09-04,Active,Monthly EMI,710002,BUXAR-710002,Diya Verma,Female,26-35,35,1979-01-29,ST,Sikh,MORTGAGE,25K-50K,Self-Employed,744,XLG,Trade, 36 months,0.0991,B,B1,BUXAR,209-DBS,PATNA,BR,BR,BIHAR,BUXAR,710002,10055-MAHESH KUMAR PATEL,Medium,14806,5760,14776,29.26,1880.16,N,N,0,On-Time,0,0,1,2016-09-04,1,Sep-2016
ACC001185,864,MUKTSAR,JLG30K,25754,43919,32921,2022-10-26,Active,Monthly EMI,1110166,MUKTSAR-1110166,Aditya Patel,Female,26-35,27,1979-01-29,ST,Sikh,MORTGAGE,75K-100K,Salaried,600,XLG,Services, 36 months,0.1065,B,B2,MUKTSAR,102-DBS,LUDHIANA,PB,PB,PUNJAB,SRI MUKTSAR SAHIB,1110166,11303-ASHUTOSH KUMAR SUMAN,Medium,25946,44355,25617,26.29,2747.29,N,N,2,On-Time,0,0,1,2016-01-15,0,Oct-2022
ACC001186,747,CHHATA,JLG30K,37456,12403,36536,2016-11-29,Paid Off,Monthly EMI,910020,CHHATA-910020,Ishaan Sharma,Female,46-55,46,1979-01-29,ST,Sikh,MORTGAGE,100K+,Business,522,XLG,Services, 36 months,0.1065,B,B2,CHHATA,176-DBS,BULANDSHAHR,UP,UP,UTTAR PRADESH,MATHURA,910020,10047-ANIL KUMAR,High,38346,12142,37331,17.88,4089.61,N,Y,0,On-Time,1,0,1,2016-11-29,1,Nov-2016
ACC001187,175,Mangaldoi,JLG30K,10823,32195,25234,2015-01-03,Paid Off,Monthly EMI,570241,Mangaldoi-570241,Meera Mehta,Female,36-45,45,1979-01-29,Minority,Muslim,RENT,75K-100K,Business,357,XLG,Services, 36 months,0.1065,B,B2,Mangaldoi,208-DBS,GUWAAHATI,AS,AS,ASSAM,Mangaldoi,570241,10961-NAYAN JYOTI SARMAH,Low,12822,33763,10660,47.51,2379.11,N,N,0,On-Time,0,0,1,2015-01-03,1,Jan-2015
ACC001188,708,DHURI,JLG30K,26583,30487,21324,2018-03-23,Fully Paid,Quarterly EMI,1030063,DHURI-1030063,Nisha Reddy,Female,36-45,38,1979-01-29,General,Muslim,RENT,50K-75K,Self-Employed,755,XLG,Services, 36 months,0.1065,B,B2,DHURI,102-DBS,LUDHIANA,PB,PB,PUNJAB,SANGRUR,1030063,12058-DEEPAK KUMAR,Low,27601,31515,26154,3.32,300.77,Y,N,1,On-Time,0,1,1,2015-02-02,0,Mar-2018
ACC001189,488,MAWANA,JLG30K,40723,32812,10855,2020-10-27,Default,Monthly EMI,800018,MAWANA-800018,Aditya Joshi,Female,26-35,35,1979-01-29,General,Hindu,RENT,<25K,Business,624,XLG,Services, 36 months,0.1065,B,B2,MAWANA,176-DBS,BULANDSHAHR,UP,UP,UTTAR PRADESH,MEERUT,800018,11183-ANIL KUMAR,Medium,40275,33224,40311,25.91,819.01,N,N,0,On-Time,0,0,1,2020-10-27,1,Oct-2020
ACC001190,416,JORHAT,JLG30K,34763,25144,20609,2020-05-20,Fully Paid,Monthly EMI,850152,JORHAT-850152,Laksh Gupta,Female,46-55,52,1979-01-29,SC,Hindu,RENT,75K-100K,Salaried,584,XLG,Services, 36 months,0.1065,B,B2,JORHAT,208-DBS,GUWAAHATI,AS,AS,ASSAM,JORHAT,850152,10961-NAYAN JYOTI SARMAH,High,35473,26882,34397,17.84,651.9,Y,N,1,On-Time,0,1,1,2017-01-18,0,May-2020
ACC001191,23,TEZPUR,JLG30K,31835,7675,42205,2018-09-25,Fully Paid,Monthly EMI,680026,TEZPUR-680026,Ananya Sharma,Female,26-35,32,1979-01-29,OBC,Hindu,RENT,100K+,Self-Employed,584,XLG,Services, 36 months,0.1065,B,B2,TEZPUR,208-DBS,GUWAAHATI,AS,AS,ASSAM,SONITPUR,680026,11055-MANAS PROTIM HAZARIKA,Medium,31475,7787,31712,26.22,1131.88,N,N,1,Late,0,0,1,2018-01-23,0,Sep-2018
ACC001192,694,DHURI,JLG46K,2880,22575,28014,2016-05-06,Paid Off,Monthly EMI,1030063,DHURI-1030063,Meera Gupta,Female,26-35,29,1979-01-29,ST,Sikh,RENT,75K-100K,Self-Employed,369,XLG,Home Loan, 36 months,0.1825,D,D5,DHURI,102-DBS,LUDHIANA,PB,PB,PUNJAB,SANGRUR,1030063,12058-DEEPAK KUMAR,Low,3138,23846,2858,26.44,4972.84,N,N,2,On-Time,0,0,1,2016-05-06,1,May-2016
ACC001193,278,SANGRUR,JLG30K,20303,10348,23000,2019-03-24,Fully Paid,Monthly EMI,110159,SANGRUR-110159,Laksh Sharma,Female,26-35,31,1979-01-29,SC,Hindu,RENT,100K+,Self-Employed,672,XLG,Services, 36 months,0.1065,B,B2,SANGRUR,102-DBS,LUDHIANA,PB,PB,PUNJAB,SANGRUR,110159,10037-RAJESH PRATAP,Low,19840,10290,20278,17.73,2855.99,Y,N,0,On-Time,0,1,1,2019-03-24,1,Mar-2019
ACC001194,831,PAOTA,JLG30K,44549,8551,11276,2020-02-11,Paid Off,Quarterly EMI,90149,PAOTA-90149,Aditya Joshi,Female,46-55,54,1979-01-29,OBC,Hindu,RENT,50K-75K,Business,357,XLG,Services, 36 months,0.1065,B,B2,PAOTA,301-DBS,JAIPUR,RJ,RJ,RAJASTHAN,jaipur,90149,10043-RAVI MISHRA,Low,44574,9567,44417,46.38,3943.41,N,N,2,Very Late,0,0,1,2017-01-22,0,Feb-2020
ACC001195,583,KURUKSHETRA,JLG30K,22465,39431,12142,2020-07-26,Fully Paid,Quarterly EMI,70364,KURUKSHETRA-70364,Nisha Malhotra,Female,36-45,42,1979-01-29,SC,Hindu,RENT,25K-50K,Self-Employed,717,XLG,Services, 36 months,0.1065,B,B2,KURUKSHETRA,206-DBS,KARNAL,HR,HR,HARYANA,KURUKSHETRA,70364,10028-AAYUSH PANDEY,Medium,24191,41408,22386,24.47,332.82,N,N,1,On-Time,0,0,1,2020-07-11,0,Jul-2020
ACC001196,214,JALANDHAR,JLG35K,20921,7400,10028,2017-11-10,Fully Paid,Monthly EMI,160051,JALANDHAR-160051,Aarav Patel,Female,26-35,31,1979-01-29,ST,Sikh,MORTGAGE,50K-75K,Business,462,XLG,Trade, 36 months,0.0991,B,B1,JALANDHAR,102-DBS,LUDHIANA,PB,PB,PUNJAB,JALANDHAR,160051,10067-AKSHAY KUMAR,Low,21227,8800,20479,42.58,3497.25,Y,N,2,On-Time,0,1,1,2017-02-15,0,Nov-2017
ACC001197,584,MUKTSAR,JLG35K,33447,17333,4418,2017-03-07,Paid Off,Monthly EMI,1110166,MUKTSAR-1110166,Ishaan Mehta,Female,18-25,23,1979-01-29,OBC,Hindu,RENT,100K+,Business,416,XLG,Trade, 36 months,0.0991,B,B1,MUKTSAR,102-DBS,LUDHIANA,PB,PB,PUNJAB,SRI MUKTSAR SAHIB,1110166,11303-ASHUTOSH KUMAR SUMAN,Medium,34894,18264,32958,14.81,4408.65,N,N,0,On-Time,0,0,1,2016-04-08,0,Mar-2017
ACC001198,667,SANGRUR,JLG29K,12791,24712,7045,2017-11-11,Active,Monthly EMI,110159,SANGRUR-110159,Ananya Reddy,Female,26-35,29,1979-01-29,ST,Sikh,RENT,100K+,Salaried,324,XLG,Trade, 60 months,0.1727,D,D3,SANGRUR,102-DBS,LUDHIANA,PB,PB,PUNJAB,SANGRUR,110159,10037-RAJESH PRATAP,Low,12875,26279,12439,2.58,1798.54,N,N,0,On-Time,0,0,1,2017-11-11,1,Nov-2017
ACC001199,615,ASANSOL,JLG30K,44505,6518,38260,2017-06-15,Paid Off,Monthly EMI,690076,ASANSOL-690076,Vivaan Patel,Female,46-55,55,1979-01-29,General,Muslim,MORTGAGE,25K-50K,Self-Employed,489,XLG,Services, 36 months,0.1065,B,B2,ASANSOL,201-DBS,HOWRAH,WB,WB,WEST BENGAL,PASCHIM BARDHHAMAN,690076,10035-ABHAY TOMER,Medium,44464,7236,44119,26.21,3929.11,N,N,1,On-Time,0,0,1,2017-06-15,1,Jun-2017
ACC001200,489,MUKTSAR,JLG30K,43081,34342,23039,2015-03-10,Fully Paid,Quarterly EMI,1110166,MUKTSAR-1110166,Vivaan Reddy,Female,36-45,37,1979-01-29,OBC,Hindu,RENT,25K-50K,Salaried,426,XLG,Services, 36 months,0.1065,B,B2,MUKTSAR,102-DBS,LUDHIANA,PB,PB,PUNJAB,SRI MUKTSAR SAHIB,1110166,11303-ASHUTOSH KUMAR SUMAN,Medium,43826,36029,42989,16.39,2942.92,N,N,1,On-Time,0,0,1,2015-03-10,1,Mar-2015
ACC001201,785,DHURI,JLG30K,10012,31744,25783,2022-01-06,Paid Off,Monthly EMI,1030063,DHURI-1030063,Diya Sharma,Female,26-35,34,1979-01-29,ST,Sikh,MORTGAGE,100K+,Self-Employed,341,XLG,Services, 36 months,0.1065,B,B2,DHURI,102-DBS,LUDHIANA,PB,PB,PUNJAB,SANGRUR,1030063,12058-DEEPAK KUMAR,Low,10543,31629,9830,41.14,1098.66,N,N,1,Late,0,0,1,2015-03-24,0,Jan-2022
ACC001202,9,BEHROR,JLG30K,38159,43313,23041,2018-09-13,Active,Monthly EMI,30179,BEHROR-30179,Aditya Joshi,Female,46-55,54,1979-01-29,OBC,Hindu,RENT,50K-75K,Business,357,XLG,Services, 36 months,0.1065,B,B2,BEHROR,301-DBS,JAIPUR,RJ,RJ,RAJASTHAN,BEHROD,30179,10055-MAHESH KUMAR PATEL,Low,39357,43399,37790,34.34,4882.4,N,N,0,On-Time,0,0,1,2018-09-13,1,Sep-2018
ACC001203,720,AGRA,JLG44K,24308,5431,13469,2021-07-31,Default,Quarterly EMI,140056,AGRA-140056,Ananya Patel,Female,36-45,43,1979-01-29,Minority,Muslim,RENT,75K-100K,Salaried,558,XLG,Home Loan, 36 months,0.0662,A,A2,AGRA,176-DBS,BULANDSHAHR,UP,UP,UTTAR PRADESH,AGRA,140056,10161-RAM AVTAR,Medium,25360,6060,23860,18.97,3731.82,N,N,2,On-Time,0,0,1,2021-07-31,1,Jul-2021
ACC001204,459,MAWANA,JLG35K,29608,13468,4583,2018-03-21,Paid Off,Monthly EMI,800018,MAWANA-800018,Nisha Verma,Female,26-35,35,1979-01-29,SC,Hindu,RENT,75K-100K,Salaried,792,XLG,Trade, 36 months,0.0991,B,B1,MAWANA,176-DBS,BULANDSHAHR,UP,UP,UTTAR PRADESH,MEERUT,800018,11183-ANIL KUMAR,Medium,29564,12991,29169,33.61,726.69,N,N,2,On-Time,0,0,1,2018-03-21,1,Mar-2018
ACC001205,993,Mathura,JLG30K,30859,3576,40010,2019-04-15,Paid Off,Monthly EMI,910182,Mathura-910182,Nisha Chopra,Female,26-35,28,1979-01-29,General,Hindu,RENT,<25K,Self-Employed,553,XLG,Services, 36 months,0.1065,B,B2,Mathura,176-DBS,BULANDSHAHR,UP,UP,UTTAR PRADESH,MATHURA,910182,10469-MANISH  PANDEY,High,31305,3821,30514,32.07,1532.45,N,N,0,On-Time,0,0,1,2019-04-15,1,Apr-2019
ACC001206,370,UJJAIN,JLG30K,18163,5105,18023,2023-05-05,Fully Paid,Quarterly EMI,1510002,UJJAIN-1510002,Vivaan Patel,Female,46-55,55,1979-01-29,General,Muslim,MORTGAGE,25K-50K,Self-Employed,489,XLG,Services, 36 months,0.1065,B,B2,UJJAIN,200-DBS,BHOPAL,MP,MP,MADHYA PRADESH,UJJAIN,1510002,12915-FAIZAL KHAN,High,17875,4805,17918,6.65,2162.12,N,N,2,On-Time,0,0,1,2023-05-05,1,May-2023
ACC001207,959,TEZPUR,JLG30K,10242,45413,20271,2015-01-20,Paid Off,Quarterly EMI,680026,TEZPUR-680026,Nisha Reddy,Female,36-45,42,1979-01-29,SC,Hindu,RENT,100K+,Self-Employed,668,XLG,Services, 36 months,0.1065,B,B2,TEZPUR,208-DBS,GUWAAHATI,AS,AS,ASSAM,SONITPUR,680026,11055-MANAS PROTIM HAZARIKA,Medium,11105,47002,10116,13.89,1566.81,N,N,2,On-Time,0,0,1,2015-01-20,1,Jan-2015
ACC001208,877,DHURI,JLG35K,12180,39739,21574,2016-05-03,Active,Quarterly EMI,1030063,DHURI-1030063,Vivaan Joshi,Female,26-35,29,1979-01-29,Minority,Hindu,MORTGAGE,75K-100K,Business,395,XLG,Trade, 36 months,0.0991,B,B1,DHURI,102-DBS,LUDHIANA,PB,PB,PUNJAB,SANGRUR,1030063,12058-DEEPAK KUMAR,Low,13491,41169,11761,36.65,282.22,N,N,1,On-Time,0,0,1,2016-03-27,0,May-2016
ACC001209,785,DHURI,JLG35K,30569,30330,5411,2023-03-20,Paid Off,Monthly EMI,1030063,DHURI-1030063,Diya Sharma,Female,26-35,34,1979-01-29,ST,Sikh,MORTGAGE,100K+,Self-Employed,341,XLG,Trade, 36 months,0.0991,B,B1,DHURI,102-DBS,LUDHIANA,PB,PB,PUNJAB,SANGRUR,1030063,12058-DEEPAK KUMAR,Low,32559,30305,30254,9.54,4963.64,N,N,0,Late,0,0,1,2015-03-24,0,Mar-2023
ACC001210,554,JALANDHAR,JLG30K,27561,26815,30459,2022-12-08,Paid Off,Quarterly EMI,160051,JALANDHAR-160051,Ananya Reddy,Female,18-25,22,1979-01-29,General,Hindu,MORTGAGE,75K-100K,Business,640,XLG,Services, 36 months,0.1065,B,B2,JALANDHAR,102-DBS,LUDHIANA,PB,PB,PUNJAB,JALANDHAR,160051,10067-AKSHAY KUMAR,Low,27779,26550,27493,32.25,489.27,N,N,1,On-Time,0,0,1,2021-07-03,0,Dec-2022
ACC001211,510,CHHAPRA,JLG35K,18124,16246,13471,2021-03-19,Active,Monthly EMI,380112,CHHAPRA-380112,Diya Sharma,Female,26-35,34,1979-01-29,ST,Sikh,MORTGAGE,100K+,Self-Employed,341,XLG,Trade, 36 months,0.0991,B,B1,CHHAPRA,209-DBS,PATNA,BR,BR,BIHAR,CHHAPRA,380112,11867-VIKRANT KUMAR VICKY,High,17915,18016,17778,4.3,4947.25,N,N,1,On-Time,0,0,1,2016-04-25,0,Mar-2021
ACC001212,617,SANGRUR,JLG35K,3736,26941,31374,2019-12-10,Fully Paid,Quarterly EMI,110159,SANGRUR-110159,Kavya Gupta,Female,36-45,39,1979-01-29,OBC,Hindu,RENT,50K-75K,Salaried,692,XLG,Trade, 36 months,0.0991,B,B1,SANGRUR,102-DBS,LUDHIANA,PB,PB,PUNJAB,SANGRUR,110159,10037-RAJESH PRATAP,Low,4690,27002,3631,3.7,1837.22,N,N,2,On-Time,0,0,1,2019-10-06,0,Dec-2019
ACC001213,330,MAWANA,JLG35K,4020,19806,21634,2022-03-26,Fully Paid,Quarterly EMI,800018,MAWANA-800018,Vivaan Gupta,Female,36-45,38,1979-01-29,General,Hindu,MORTGAGE,75K-100K,Business,517,XLG,Trade, 36 months,0.0991,B,B1,MAWANA,176-DBS,BULANDSHAHR,UP,UP,UTTAR PRADESH,MEERUT,800018,11183-ANIL KUMAR,Medium,4175,19750,3887,26.17,4357.11,N,N,2,On-Time,0,0,1,2022-03-26,1,Mar-2022
ACC001214,60,DURGAPUR,JLG35K,37364,4473,22640,2020-05-16,Fully Paid,Monthly EMI,700013,DURGAPUR-700013,Ananya Chopra,Female,36-45,45,1979-01-29,SC,Hindu,RENT,75K-100K,Salaried,311,XLG,Trade, 36 months,0.0991,B,B1,DURGAPUR,201-DBS,HOWRAH,WB,WB,WEST BENGAL,PASCHIM BARDHHAMAN,700013,10037-RAJESH PRATAP,Low,38189,5764,37184,13.13,1325.26,N,N,0,On-Time,0,0,1,2018-04-19,0,May-2020
ACC001215,606,PAOTA,JLG40K,9687,29288,43758,2021-01-07,Active,Quarterly EMI,90149,PAOTA-90149,Diya Reddy,Female,36-45,40,1979-12-28,ST,Sikh,RENT,<25K,Self-Employed,810,XLG,Services, 36 months,0.1727,D,D3,PAOTA,301-DBS,JAIPUR,RJ,RJ,RAJASTHAN,jaipur,90149,10043-RAVI MISHRA,Low,10764,29866,9360,17.35,2242.97,N,N,0,Late,0,0,1,2015-12-23,0,Jan-2021
ACC001216,2,JAMMU,JLG35K,35954,24800,38649,2023-10-09,Fully Paid,Monthly EMI,720081,JAMMU-720081,Meera Chopra,Female,36-45,36,1979-01-29,OBC,Christian,RENT,75K-100K,Self-Employed,419,XLG,Trade, 36 months,0.0991,B,B1,JAMMU,201-DBS,LUDHIANA,JK,JK,JAMMU & KASHMIR,JAMMU,720081,10588-POONAM DEVI,High,37767,25875,35929,39.4,349.87,N,N,1,On-Time,0,0,1,2018-08-16,0,Oct-2023
ACC001217,474,DHURI,JLG30K,41634,38981,37499,2019-07-15,Fully Paid,Monthly EMI,1030063,DHURI-1030063,Ananya Sharma,Female,46-55,52,1979-01-29,Minority,Muslim,RENT,<25K,Business,557,XLG,Services, 36 months,0.1065,B,B2,DHURI,102-DBS,LUDHIANA,PB,PB,PUNJAB,SANGRUR,1030063,12058-DEEPAK KUMAR,Low,42685,40706,41139,38.31,2449.49,N,N,2,On-Time,0,0,1,2019-07-15,1,Jul-2019
ACC001218,494,Mathura,JLG35K,45967,29653,21689,2018-05-28,Active,Quarterly EMI,910182,Mathura-910182,Ananya Malhotra,Female,46-55,54,1979-01-29,Minority,Muslim,RENT,25K-50K,Self-Employed,433,XLG,Trade, 36 months,0.0991,B,B1,Mathura,176-DBS,BULANDSHAHR,UP,UP,UTTAR PRADESH,MATHURA,910182,10469-MANISH  PANDEY,High,46375,29995,45473,20.25,3512.44,N,N,0,On-Time,0,0,1,2015-05-30,0,May-2018
ACC001219,602,HABRA,JLG30K,10790,13629,43151,2023-09-01,Active,Monthly EMI,650051,HABRA-650051,Vivaan Gupta,Female,46-55,50,1979-01-29,ST,Sikh,RENT,50K-75K,Self-Employed,768,XLG,Services, 36 months,0.1065,B,B2,HABRA,201-DBS,HOWRAH,WB,WB,WEST BENGAL,HABRA,650051,12361-RITESH KUMAR SINHA,Low,11444,13518,10763,5.42,1334.09,Y,N,1,On-Time,0,1,1,2016-08-21,0,Sep-2023
ACC001220,730,CHHATA,JLG30K,31253,32347,13585,2022-04-10,Fully Paid,Monthly EMI,910020,CHHATA-910020,Aarav Verma,Female,26-35,33,1979-01-29,ST,Sikh,MORTGAGE,25K-50K,Salaried,754,XLG,Services, 36 months,0.1065,B,B2,CHHATA,176-DBS,BULANDSHAHR,UP,UP,UTTAR PRADESH,MATHURA,910020,10047-ANIL KUMAR,High,31207,33523,31225,3.76,1041.65,N,N,1,On-Time,0,0,1,2015-12-21,0,Apr-2022
ACC001221,40,Mangaldoi,JLG30K,46403,44400,33417,2015-11-05,Paid Off,Monthly EMI,570241,Mangaldoi-570241,Kavya Verma,Female,36-45,37,1979-01-29,General,Hindu,RENT,<25K,Self-Employed,479,XLG,Services, 36 months,0.1065,B,B2,Mangaldoi,208-DBS,GUWAAHATI,AS,AS,ASSAM,Mangaldoi,570241,10961-NAYAN JYOTI SARMAH,Low,47495,44760,46397,24.34,3526.88,N,N,0,On-Time,0,0,1,2015-11-05,1,Nov-2015
ACC001222,22,MUKTSAR,JLG35K,36642,18966,19703,2021-01-07,Fully Paid,Quarterly EMI,1110166,MUKTSAR-1110166,Meera Patel,Female,26-35,28,1979-01-29,SC,Hindu,RENT,25K-50K,Business,385,XLG,Trade, 36 months,0.0991,B,B1,MUKTSAR,102-DBS,LUDHIANA,PB,PB,PUNJAB,SRI MUKTSAR SAHIB,1110166,11303-ASHUTOSH KUMAR SUMAN,Medium,36787,19029,36335,28.91,722.21,N,N,2,On-Time,0,0,1,2017-07-29,0,Jan-2021
ACC001223,834,DHURI,JLG35K,40272,16479,41042,2020-04-10,Paid Off,Quarterly EMI,1030063,DHURI-1030063,Aditya Joshi,Female,26-35,35,1979-01-29,General,Hindu,RENT,<25K,Business,624,XLG,Trade, 36 months,0.0991,B,B1,DHURI,102-DBS,LUDHIANA,PB,PB,PUNJAB,SANGRUR,1030063,12058-DEEPAK KUMAR,Low,40724,16685,40223,39.58,751.67,N,N,1,On-Time,0,0,1,2020-04-10,1,Apr-2020
ACC001224,421,BEHROR,JLG30K,16581,8516,8603,2017-05-05,Active,Quarterly EMI,30179,BEHROR-30179,Diya Sharma,Female,26-35,34,1979-01-29,ST,Sikh,MORTGAGE,100K+,Self-Employed,341,XLG,Services, 36 months,0.1065,B,B2,BEHROR,301-DBS,JAIPUR,RJ,RJ,RAJASTHAN,BEHROD,30179,10055-MAHESH KUMAR PATEL,Low,16676,10298,16171,47.71,674.62,N,N,2,On-Time,0,0,1,2017-05-05,1,May-2017
ACC001225,864,BEHROR,JLG35K,4351,12672,17075,2016-03-05,Active,Quarterly EMI,30179,BEHROR-30179,Aditya Patel,Female,26-35,27,1979-01-29,ST,Sikh,MORTGAGE,75K-100K,Salaried,600,XLG,Trade, 36 months,0.0991,B,B1,BEHROR,301-DBS,JAIPUR,RJ,RJ,RAJASTHAN,BEHROD,30179,10055-MAHESH KUMAR PATEL,Low,5284,12899,3980,48.62,2906.87,N,N,2,Late,0,0,1,2016-01-15,0,Mar-2016
ACC001226,853,FATEHABAD,JLG50K,28523,3137,14535,2018-04-01,Fully Paid,Monthly EMI,670106,FATEHABAD-670106,Aditya Joshi,Female,26-35,35,1979-01-29,General,Hindu,RENT,<25K,Business,624,XLG,Home Loan, 60 months,0.1991,E,E4,FATEHABAD,206-DBS,KARNAL,HR,HR,HARYANA,FATEHABAD,670106,10316-DEEPAK KUMAR,Medium,28346,3406,28293,8.82,4170.11,N,N,2,On-Time,0,0,1,2017-07-14,0,Apr-2018
ACC001227,890,SHAHDOL,JLG30K,36203,8719,31196,2020-12-27,Fully Paid,Monthly EMI,1550006,SHAHDOL-1550006,Ishaan Nair,Female,18-25,24,1979-01-29,SC,Hindu,MORTGAGE,<25K,Business,491,XLG,Services, 36 months,0.1065,B,B2,SHAHDOL,200-DBS,BHOPAL,MP,MP,MADHYA PRADESH,SHAHDOL,1550006,10021-MAHENDRA PRATAP SINGH,Medium,36995,8745,35841,44.27,2462.33,N,N,1,On-Time,0,0,1,2018-11-07,0,Dec-2020
ACC001228,359,JALANDHAR,JLG35K,9818,15403,4456,2020-10-24,Fully Paid,Quarterly EMI,160051,JALANDHAR-160051,Vivaan Verma,Female,46-55,52,1979-01-29,ST,Sikh,RENT,100K+,Salaried,626,XLG,Trade, 36 months,0.0991,B,B1,JALANDHAR,102-DBS,LUDHIANA,PB,PB,PUNJAB,JALANDHAR,160051,10067-AKSHAY KUMAR,Low,10233,16333,9559,3.19,2971.33,N,N,0,On-Time,0,0,1,2017-11-07,0,Oct-2020
ACC001229,685,CHHATA,JLG30K,31084,4952,17800,2016-04-13,Fully Paid,Quarterly EMI,910020,CHHATA-910020,Meera Sharma,Female,36-45,43,1979-01-29,Minority,Muslim,RENT,100K+,Self-Employed,672,XLG,Services, 36 months,0.1065,B,B2,CHHATA,176-DBS,BULANDSHAHR,UP,UP,UTTAR PRADESH,MATHURA,910020,10047-ANIL KUMAR,High,31335,6516,30912,33.33,3712.56,N,Y,1,On-Time,1,0,1,2016-04-13,1,Apr-2016
ACC001230,321,DURGAPUR,JLG30K,34184,35847,12617,2016-05-02,Paid Off,Quarterly EMI,700013,DURGAPUR-700013,Kavya Chopra,Female,18-25,23,1979-01-29,General,Hindu,RENT,75K-100K,Business,588,XLG,Services, 36 months,0.1065,B,B2,DURGAPUR,201-DBS,HOWRAH,WB,WB,WEST BENGAL,PASCHIM BARDHHAMAN,700013,10037-RAJESH PRATAP,Low,34915,37659,34145,2.52,4331.65,N,N,1,On-Time,0,0,1,2015-11-19,0,May-2016
ACC001231,96,AGRA,JLG30K,11969,46521,25675,2018-01-30,Active,Quarterly EMI,140056,AGRA-140056,Meera Joshi,Female,26-35,31,1988-05-24,ST,Sikh,OWN,<25K,Business,532,XLG,Services, 36 months,0.1065,B,B2,AGRA,176-DBS,BULANDSHAHR,UP,UP,UTTAR PRADESH,AGRA,140056,10161-RAM AVTAR,Medium,11610,47608,11575,38.63,438.08,N,N,1,On-Time,0,0,1,2015-01-27,0,Jan-2018
ACC001232,896,AGRA,JLG30K,27529,2076,19941,2020-05-31,Fully Paid,Monthly EMI,140056,AGRA-140056,Aarav Malhotra,Female,46-55,53,1979-01-29,Minority,Muslim,RENT,25K-50K,Business,812,XLG,Services, 36 months,0.1065,B,B2,AGRA,176-DBS,BULANDSHAHR,UP,UP,UTTAR PRADESH,AGRA,140056,10161-RAM AVTAR,Medium,27378,1946,27463,36.92,3475.37,N,N,1,On-Time,0,0,1,2020-05-31,1,May-2020
ACC001233,704,HAPUR,JLG29K,39211,13494,11564,2021-07-12,Paid Off,Monthly EMI,210563,HAPUR-210563,Aarav Malhotra,Female,46-55,53,1979-01-29,Minority,Muslim,RENT,25K-50K,Business,812,XLG,Trade, 60 months,0.1727,D,D3,HAPUR,176-DBS,BULANDSHAHR,UP,UP,UTTAR PRADESH,HAPUR,210563,10183-RISHABH PANT,Low,40798,13380,38842,29.13,4805.46,N,N,1,Very Late,0,0,1,2015-04-02,0,Jul-2021
ACC001234,83,DHURI,JLG30K,43414,49507,40740,2015-04-20,Fully Paid,Quarterly EMI,1030063,DHURI-1030063,Ishaan Reddy,Female,26-35,33,1979-01-29,General,Muslim,RENT,<25K,Self-Employed,336,XLG,Services, 36 months,0.1065,B,B2,DHURI,102-DBS,LUDHIANA,PB,PB,PUNJAB,SANGRUR,1030063,12058-DEEPAK KUMAR,Low,43899,49500,42984,14.4,4605.27,Y,N,1,On-Time,0,1,1,2015-04-20,1,Apr-2015
ACC001235,187,CHHATA,JLG30K,37488,38685,32144,2023-11-10,Paid Off,Monthly EMI,910020,CHHATA-910020,Laksh Sharma,Female,56-63,56,1979-01-29,Minority,Muslim,MORTGAGE,75K-100K,Business,532,XLG,Services, 36 months,0.1065,B,B2,CHHATA,176-DBS,BULANDSHAHR,UP,UP,UTTAR PRADESH,MATHURA,910020,10047-ANIL KUMAR,High,38321,40223,37159,24.18,4115.23,N,N,1,On-Time,0,0,1,2018-01-24,0,Nov-2023
ACC001236,969,JORHAT,JLG35K,13646,11306,35764,2023-11-26,Fully Paid,Quarterly EMI,850152,JORHAT-850152,Ananya Malhotra,Female,36-45,44,1979-01-29,SC,Hindu,MORTGAGE,<25K,Self-Employed,361,XLG,Trade, 36 months,0.0991,B,B1,JORHAT,208-DBS,GUWAAHATI,AS,AS,ASSAM,JORHAT,850152,10961-NAYAN JYOTI SARMAH,High,13523,12957,13416,42.55,2214.51,N,N,0,On-Time,0,0,1,2022-01-30,0,Nov-2023
ACC001237,65,SEHORE,JLG30K,32146,49107,17643,2020-10-19,Paid Off,Monthly EMI,1440051,SEHORE-1440051,Aditya Malhotra,Female,46-55,51,1979-01-29,OBC,Hindu,RENT,25K-50K,Self-Employed,389,XLG,Services, 36 months,0.1065,B,B2,SEHORE,200-DBS,BHOPAL,MP,MP,MADHYA PRADESH,SEHORE,1440051,10063-VIR SINGH,High,33730,50277,31880,26.78,4728.61,N,N,0,Late,0,0,1,2016-10-19,0,Oct-2020
ACC001238,454,DURGAPUR,JLG30K,27718,43446,30563,2020-06-30,Active,Quarterly EMI,700013,DURGAPUR-700013,Diya Joshi,Female,36-45,43,1979-01-29,SC,Christian,RENT,50K-75K,Self-Employed,645,XLG,Services, 36 months,0.1065,B,B2,DURGAPUR,201-DBS,HOWRAH,WB,WB,WEST BENGAL,PASCHIM BARDHHAMAN,700013,10037-RAJESH PRATAP,Low,28597,44740,27603,27.89,720.88,N,N,2,On-Time,0,0,1,2018-07-12,0,Jun-2020
ACC001239,211,DHURI,JLG30K,2660,38767,6761,2016-10-29,Fully Paid,Monthly EMI,1030063,DHURI-1030063,Aditya Mehta,Female,26-35,32,1979-01-29,ST,Sikh,RENT,75K-100K,Salaried,666,XLG,Services, 36 months,0.1065,B,B2,DHURI,102-DBS,LUDHIANA,PB,PB,PUNJAB,SANGRUR,1030063,12058-DEEPAK KUMAR,Low,3446,40256,2465,49.49,2633.02,N,N,1,Very Late,0,0,1,2016-08-01,0,Oct-2016
ACC001240,41,AGRA,JLG35K,29328,19257,17588,2020-03-16,Default,Monthly EMI,140056,AGRA-140056,Ishaan Sharma,Female,26-35,26,1979-01-29,General,Hindu,RENT,25K-50K,Salaried,522,XLG,Trade, 36 months,0.0991,B,B1,AGRA,176-DBS,BULANDSHAHR,UP,UP,UTTAR PRADESH,AGRA,140056,10161-RAM AVTAR,Medium,29430,18771,29190,47.11,1591.75,N,N,0,On-Time,0,0,1,2017-11-21,0,Mar-2020
ACC001241,403,MUKTSAR,JLG30K,26052,33109,36876,2017-10-25,Fully Paid,Quarterly EMI,1110166,MUKTSAR-1110166,Aarav Reddy,Female,46-55,55,1979-01-29,General,Muslim,MORTGAGE,<25K,Self-Employed,750,XLG,Services, 36 months,0.1065,B,B2,MUKTSAR,102-DBS,LUDHIANA,PB,PB,PUNJAB,SRI MUKTSAR SAHIB,1110166,11303-ASHUTOSH KUMAR SUMAN,Medium,26640,33575,25936,49.85,644.19,N,N,1,On-Time,0,0,1,2016-09-08,0,Oct-2017
ACC001242,192,MUKTSAR,JLG30K,2258,49238,13580,2015-02-22,Paid Off,Quarterly EMI,1110166,MUKTSAR-1110166,Aarav Malhotra,Female,46-55,53,1979-01-29,Minority,Muslim,RENT,25K-50K,Business,812,XLG,Services, 36 months,0.1065,B,B2,MUKTSAR,102-DBS,LUDHIANA,PB,PB,PUNJAB,SRI MUKTSAR SAHIB,1110166,11303-ASHUTOSH KUMAR SUMAN,Medium,4188,48875,1944,1.43,3649.87,Y,N,0,Late,0,1,1,2015-02-22,1,Feb-2015
ACC001243,404,SANGRUR,JLG30K,35544,49017,44067,2016-05-16,Paid Off,Monthly EMI,110159,SANGRUR-110159,Vivaan Joshi,Female,26-35,29,1979-01-29,Minority,Hindu,MORTGAGE,75K-100K,Business,395,XLG,Services, 36 months,0.1065,B,B2,SANGRUR,102-DBS,LUDHIANA,PB,PB,PUNJAB,SANGRUR,110159,10037-RAJESH PRATAP,Low,35138,48746,35125,14.61,3252.41,N,N,0,On-Time,0,0,1,2016-05-16,1,May-2016
ACC001244,372,PALWAL,JLG30K,43484,19416,30785,2022-12-24,Paid Off,Monthly EMI,20242,PALWAL-20242,Ananya Mehta,Female,26-35,30,1979-01-29,ST,Sikh,RENT,75K-100K,Business,783,XLG,Services, 36 months,0.1065,B,B2,PALWAL,206-DBS,KARNAL,HR,HR,HARYANA,PALWAL,20242,10903-HEMANT SHUKLA,Medium,43672,20031,43287,4.4,1369.26,N,N,0,On-Time,0,0,1,2016-09-28,0,Dec-2022
ACC001245,843,DURGAPUR,JLG35K,11767,15579,24690,2015-08-10,Default,Quarterly EMI,700013,DURGAPUR-700013,Ishaan Mehta,Female,26-35,31,1979-01-29,ST,Sikh,RENT,50K-75K,Business,696,XLG,Trade, 36 months,0.0991,B,B1,DURGAPUR,201-DBS,HOWRAH,WB,WB,WEST BENGAL,PASCHIM BARDHHAMAN,700013,10037-RAJESH PRATAP,Low,12716,16871,11520,14.2,3223.39,N,N,0,On-Time,0,0,1,2015-05-03,0,Aug-2015
ACC001246,591,BEHROR,JLG30K,17473,27908,22875,2023-07-04,Active,Monthly EMI,30179,BEHROR-30179,Aarav Malhotra,Female,46-55,53,1979-01-29,Minority,Muslim,RENT,25K-50K,Business,812,XLG,Services, 36 months,0.1065,B,B2,BEHROR,301-DBS,JAIPUR,RJ,RJ,RAJASTHAN,BEHROD,30179,10055-MAHESH KUMAR PATEL,Low,17759,28428,17284,7.58,4587.86,N,N,1,On-Time,0,0,1,2023-07-04,1,Jul-2023
ACC001247,129,BULANDSHAHR,JLG30K,15423,30268,42002,2020-10-20,Fully Paid,Quarterly EMI,10068,BULANDSHAHR-10068,Aditya Reddy,Female,36-45,38,1979-01-29,ST,Sikh,RENT,75K-100K,Self-Employed,467,XLG,Services, 36 months,0.1065,B,B2,BULANDSHAHR,176-DBS,BULANDSHAHR,UP,UP,UTTAR PRADESH,BULANDSHAHAR,10068,10057-NANDI SHANKAR,High,16258,30397,14940,6.28,4597.5,N,N,2,Very Late,0,0,1,2015-07-29,0,Oct-2020
ACC001248,356,BEHROR,JLG30K,27097,39117,20930,2019-02-23,Fully Paid,Monthly EMI,30179,BEHROR-30179,Diya Patel,Female,36-45,44,1979-01-29,General,Hindu,MORTGAGE,25K-50K,Salaried,601,XLG,Services, 36 months,0.1065,B,B2,BEHROR,301-DBS,JAIPUR,RJ,RJ,RAJASTHAN,BEHROD,30179,10055-MAHESH KUMAR PATEL,Low,28180,41086,26882,2.82,2379.11,N,N,2,On-Time,0,0,1,2019-02-23,1,Feb-2019
ACC001249,412,PATIALA,JLG40K,47254,41480,2751,2023-09-14,Fully Paid,Quarterly EMI,100186,PATIALA-100186,Meera Joshi,Female,36-45,42,1979-01-29,ST,Sikh,RENT,25K-50K,Salaried,534,XLG,Services, 36 months,0.1727,D,D3,PATIALA,102-DBS,LUDHIANA,PB,PB,PUNJAB,PATIALA,100186,10420-MUNENDRA  SINGH,Medium,49165,41035,46947,32.14,4698.99,N,N,0,Very Late,0,0,1,2016-07-29,0,Sep-2023
ACC001250,242,KURUKSHETRA,JLG44K,8633,32538,18384,2019-09-10,Active,Quarterly EMI,70364,KURUKSHETRA-70364,Kavya Verma,Female,36-45,37,1979-01-29,General,Hindu,RENT,<25K,Self-Employed,479,XLG,Home Loan, 36 months,0.0662,A,A2,KURUKSHETRA,206-DBS,KARNAL,HR,HR,HARYANA,KURUKSHETRA,70364,10028-AAYUSH PANDEY,Medium,9560,34109,8280,48.34,2836.88,N,N,1,On-Time,0,0,1,2015-10-15,0,Sep-2019
ACC001251,730,DHURI,JLG30K,33515,30901,36471,2016-03-04,Default,Quarterly EMI,1030063,DHURI-1030063,Aarav Verma,Female,26-35,33,1979-01-29,ST,Sikh,MORTGAGE,25K-50K,Salaried,754,XLG,Services, 36 months,0.1065,B,B2,DHURI,102-DBS,LUDHIANA,PB,PB,PUNJAB,SANGRUR,1030063,12058-DEEPAK KUMAR,Low,34111,31536,33166,47.87,1761.49,N,N,0,Very Late,0,0,1,2015-12-21,0,Mar-2016
ACC001252,512,DURGAPUR,JLG30K,10960,7566,43625,2019-11-10,Fully Paid,Monthly EMI,700013,DURGAPUR-700013,Laksh Chopra,Female,46-55,55,1964-04-22,Minority,Muslim,RENT,100K+,Self-Employed,502,XLG,Services, 36 months,0.1065,B,B2,DURGAPUR,201-DBS,HOWRAH,WB,WB,WEST BENGAL,PASCHIM BARDHHAMAN,700013,10037-RAJESH PRATAP,Low,12698,8899,10604,36.11,4355.23,N,N,0,On-Time,0,0,1,2018-02-12,0,Nov-2019
ACC001253,427,HABRA,JLG30K,36072,4752,40611,2015-10-10,Fully Paid,Quarterly EMI,650051,HABRA-650051,Ishaan Sharma,Female,46-55,46,1979-01-29,ST,Sikh,MORTGAGE,100K+,Business,522,XLG,Services, 36 months,0.1065,B,B2,HABRA,201-DBS,HOWRAH,WB,WB,WEST BENGAL,HABRA,650051,12361-RITESH KUMAR SINHA,Low,37232,4657,35940,10.66,2228.19,N,N,2,On-Time,0,0,1,2015-10-10,1,Oct-2015
ACC001254,340,Mathura,JLG30K,24852,16580,7003,2020-08-13,Fully Paid,Monthly EMI,910182,Mathura-910182,Kavya Gupta,Female,36-45,43,1979-01-29,Minority,Muslim,RENT,<25K,Self-Employed,528,XLG,Services, 36 months,0.1065,B,B2,Mathura,176-DBS,BULANDSHAHR,UP,UP,UTTAR PRADESH,MATHURA,910182,10469-MANISH  PANDEY,High,24584,16714,24407,31.05,1683.22,N,N,2,Very Late,0,0,1,2020-08-13,1,Aug-2020
ACC001255,69,BEHROR,JLG30K,41195,47210,4129,2016-03-27,Fully Paid,Monthly EMI,30179,BEHROR-30179,Nisha Patel,Female,18-25,21,1979-01-29,General,Hindu,RENT,25K-50K,Salaried,800,XLG,Services, 36 months,0.1065,B,B2,BEHROR,301-DBS,JAIPUR,RJ,RJ,RAJASTHAN,BEHROD,30179,10055-MAHESH KUMAR PATEL,Low,42770,48947,41049,49.12,3072.15,N,N,0,On-Time,0,0,1,2016-03-27,1,Mar-2016
ACC001256,786,DHURI,JLG35K,6972,44220,27115,2019-10-19,Fully Paid,Quarterly EMI,1030063,DHURI-1030063,Diya Patel,Female,36-45,44,1979-01-29,General,Hindu,MORTGAGE,25K-50K,Salaried,601,XLG,Trade, 36 months,0.0991,B,B1,DHURI,102-DBS,LUDHIANA,PB,PB,PUNJAB,SANGRUR,1030063,12058-DEEPAK KUMAR,Low,7766,45116,6538,2.5,3106.55,N,N,0,On-Time,0,0,1,2019-10-01,0,Oct-2019
ACC001257,173,SANGRUR,JLG30K,40956,29928,29929,2021-01-29,Paid Off,Monthly EMI,110159,SANGRUR-110159,Meera Malhotra,Female,46-55,50,1979-01-29,Minority,Muslim,RENT,<25K,Salaried,416,XLG,Services, 36 months,0.1065,B,B2,SANGRUR,102-DBS,LUDHIANA,PB,PB,PUNJAB,SANGRUR,110159,10037-RAJESH PRATAP,Low,41746,29672,40788,27.28,1922.71,N,N,0,On-Time,0,0,1,2016-08-13,0,Jan-2021
ACC001258,660,DURGAPUR,JLG46K,32954,24339,42395,2021-02-25,Active,Quarterly EMI,700013,DURGAPUR-700013,Aditya Sharma,Female,26-35,32,1979-01-29,General,Hindu,RENT,50K-75K,Self-Employed,821,XLG,Home Loan, 36 months,0.1825,D,D5,DURGAPUR,201-DBS,HOWRAH,WB,WB,WEST BENGAL,PASCHIM BARDHHAMAN,700013,10037-RAJESH PRATAP,Low,33514,24547,32857,23.26,2356.32,Y,N,0,On-Time,0,1,1,2021-02-25,1,Feb-2021
ACC001259,68,JALANDHAR,JLG35K,26873,2219,23642,2019-02-18,Fully Paid,Quarterly EMI,160051,JALANDHAR-160051,Kavya Malhotra,Female,36-45,41,1979-01-29,OBC,Hindu,RENT,25K-50K,Salaried,495,XLG,Trade, 36 months,0.0991,B,B1,JALANDHAR,102-DBS,LUDHIANA,PB,PB,PUNJAB,JALANDHAR,160051,10067-AKSHAY KUMAR,Low,26529,3796,26518,15.13,1738.97,Y,N,2,Late,0,1,1,2018-11-09,0,Feb-2019
ACC001260,813,DURGAPUR,JLG35K,2922,21358,39401,2023-10-12,Paid Off,Monthly EMI,700013,DURGAPUR-700013,Kavya Verma,Female,36-45,39,1979-01-29,ST,Sikh,RENT,100K+,Business,791,XLG,Trade, 36 months,0.0991,B,B1,DURGAPUR,201-DBS,HOWRAH,WB,WB,WEST BENGAL,PASCHIM BARDHHAMAN,700013,10037-RAJESH PRATAP,Low,3193,22464,2493,1.03,590.87,N,N,0,On-Time,0,0,1,2022-07-21,0,Oct-2023
ACC001261,239,FATEHGARH SAHIB,JLG30K,10100,17637,4016,2022-03-04,Fully Paid,Monthly EMI,120676,FATEHGARH SAHIB-120676,Kavya Malhotra,Female,26-35,33,1985-05-30,General,Hindu,RENT,100K+,Self-Employed,716,XLG,Services, 36 months,0.1065,B,B2,FATEHGARH SAHIB,102-DBS,LUDHIANA,PB,PB,PUNJAB,FATEHGARH SAHIB,120676,10037-RAJESH PRATAP,Medium,11662,18482,9859,29.44,212.69,N,N,1,On-Time,0,0,1,2018-10-03,0,Mar-2022
ACC001262,620,JORHAT,JLG46K,26587,49395,26732,2018-07-26,Default,Quarterly EMI,850152,JORHAT-850152,Aditya Joshi,Female,26-35,35,1979-01-29,General,Hindu,RENT,<25K,Business,624,XLG,Home Loan, 36 months,0.1825,D,D5,JORHAT,208-DBS,GUWAAHATI,AS,AS,ASSAM,JORHAT,850152,10961-NAYAN JYOTI SARMAH,High,27017,49874,26337,32.3,859.33,N,N,0,On-Time,0,0,1,2015-11-08,0,Jul-2018
ACC001263,201,ASANSOL,JLG30K,11367,33433,21100,2022-05-30,Fully Paid,Monthly EMI,690076,ASANSOL-690076,Kavya Chopra,Female,36-45,36,1979-01-29,Minority,Muslim,RENT,75K-100K,Self-Employed,307,XLG,Services, 36 months,0.1065,B,B2,ASANSOL,201-DBS,HOWRAH,WB,WB,WEST BENGAL,PASCHIM BARDHHAMAN,690076,10035-ABHAY TOMER,Medium,11776,34592,11165,15.57,3493.6,N,N,0,On-Time,0,0,1,2016-04-10,0,May-2022
ACC001264,204,KAROND,JLG30K,20173,27690,11356,2023-07-18,Fully Paid,Quarterly EMI,1320004,KAROND-1320004,Nisha Malhotra,Female,36-45,36,1979-01-29,SC,Hindu,MORTGAGE,100K+,Self-Employed,489,XLG,Services, 36 months,0.1065,B,B2,KAROND,200-DBS,BHOPAL,MP,MP,MADHYA PRADESH,BHOPAL,1320004,12758-ROHIT KUMAR JAISWAL,Medium,21742,28142,19939,41.22,1173.5,N,N,0,On-Time,0,0,1,2019-09-05,0,Jul-2023
ACC001265,393,Mangaldoi,JLG30K,47066,15241,13698,2019-06-15,Active,Quarterly EMI,570241,Mangaldoi-570241,Nisha Patel,Female,36-45,41,1979-01-29,General,Hindu,RENT,100K+,Salaried,399,XLG,Services, 36 months,0.1065,B,B2,Mangaldoi,208-DBS,GUWAAHATI,AS,AS,ASSAM,Mangaldoi,570241,10961-NAYAN JYOTI SARMAH,Low,47036,17142,46975,19.62,4991.57,N,N,2,On-Time,0,0,1,2015-02-16,0,Jun-2019
ACC001266,49,Mangaldoi,JLG30K,8330,36849,1962,2022-07-27,Paid Off,Quarterly EMI,570241,Mangaldoi-570241,Aarav Sharma,Female,46-55,46,1979-01-29,SC,Hindu,RENT,100K+,Business,459,XLG,Services, 36 months,0.1065,B,B2,Mangaldoi,208-DBS,GUWAAHATI,AS,AS,ASSAM,Mangaldoi,570241,10961-NAYAN JYOTI SARMAH,Low,8404,37143,8193,27.55,2621.01,N,N,2,On-Time,0,0,1,2015-02-26,0,Jul-2022
ACC001267,301,HAPUR,JLG30K,17027,44890,29491,2021-03-04,Paid Off,Monthly EMI,210563,HAPUR-210563,Aditya Reddy,Female,26-35,29,1979-01-29,General,Muslim,RENT,50K-75K,Business,647,XLG,Services, 36 months,0.1065,B,B2,HAPUR,176-DBS,BULANDSHAHR,UP,UP,UTTAR PRADESH,HAPUR,210563,10183-RISHABH PANT,Low,17005,46525,16528,36.85,4722.97,N,N,0,On-Time,0,0,1,2020-04-08,0,Mar-2021
ACC001268,790,DHURI,JLG35K,2445,38840,7189,2021-09-11,Fully Paid,Monthly EMI,1030063,DHURI-1030063,Diya Verma,Female,26-35,35,1979-01-29,ST,Sikh,MORTGAGE,25K-50K,Self-Employed,744,XLG,Trade, 36 months,0.0991,B,B1,DHURI,102-DBS,LUDHIANA,PB,PB,PUNJAB,SANGRUR,1030063,12058-DEEPAK KUMAR,Low,1977,38841,2092,36.29,4263.92,N,N,0,On-Time,0,0,1,2019-10-14,0,Sep-2021
ACC001269,532,UJJAIN,JLG50K,39939,22539,23742,2018-09-12,Default,Monthly EMI,1510002,UJJAIN-1510002,Diya Verma,Female,26-35,35,1979-01-29,ST,Sikh,MORTGAGE,25K-50K,Self-Employed,744,XLG,Home Loan, 60 months,0.1991,E,E4,UJJAIN,200-DBS,BHOPAL,MP,MP,MADHYA PRADESH,UJJAIN,1510002,12915-FAIZAL KHAN,High,40505,24480,39746,9.32,614.66,N,N,0,On-Time,0,0,1,2018-09-12,1,Sep-2018
ACC001270,406,SHAHDOL,JLG30K,48115,16961,24834,2017-05-09,Paid Off,Quarterly EMI,1550006,SHAHDOL-1550006,Ananya Reddy,Female,18-25,39,1979-01-29,General,Muslim,MORTGAGE,<25K,Self-Employed,660,XLG,Services, 36 months,0.1065,B,B2,SHAHDOL,200-DBS,BHOPAL,MP,MP,MADHYA PRADESH,SHAHDOL,1550006,10021-MAHENDRA PRATAP SINGH,Medium,47788,18589,47710,4.0,3747.29,N,Y,1,Very Late,1,0,1,2017-05-09,1,May-2017
ACC001271,4,DHURI,JLG30K,42101,5876,26566,2015-05-30,Default,Quarterly EMI,1030063,DHURI-1030063,Diya Joshi,Female,36-45,43,1979-01-29,SC,Christian,RENT,50K-75K,Self-Employed,645,XLG,Services, 36 months,0.1065,B,B2,DHURI,102-DBS,LUDHIANA,PB,PB,PUNJAB,SANGRUR,1030063,12058-DEEPAK KUMAR,Low,42659,6835,41832,18.63,2004.76,N,N,1,On-Time,0,0,1,2015-05-30,1,May-2015
ACC001272,759,BULANDSHAHR,JLG30K,18457,37850,25034,2016-01-21,Fully Paid,Quarterly EMI,10068,BULANDSHAHR-10068,Kavya Verma,Female,36-45,39,1979-01-29,ST,Sikh,RENT,100K+,Business,791,XLG,Services, 36 months,0.1065,B,B2,BULANDSHAHR,176-DBS,BULANDSHAHR,UP,UP,UTTAR PRADESH,BULANDSHAHAR,10068,10057-NANDI SHANKAR,High,18972,38707,18158,40.9,2528.44,N,N,1,On-Time,0,0,1,2016-01-21,1,Jan-2016
ACC001273,293,BILASPUR,JLG35K,28942,22101,43752,2020-12-13,Active,Quarterly EMI,240005,BILASPUR-240005,Laksh Reddy,Female,26-35,31,1979-01-29,SC,Hindu,RENT,25K-50K,Salaried,315,XLG,Trade, 36 months,0.0991,B,B1,BILASPUR,207-DBS,RAIPUR,CG,CG,CHATTISGARH,BILASPUR,240005,10886-MANISH KUMAR DWIVEDI,Low,29445,22141,28899,31.47,2884.94,N,N,2,On-Time,0,0,1,2017-01-18,0,Dec-2020
ACC001274,738,SIVASAGAR,JLG30K,16292,18134,15261,2019-12-13,Fully Paid,Monthly EMI,880038,SIVASAGAR-880038,Laksh Patel,Female,46-55,46,1979-01-29,General,Hindu,RENT,50K-75K,Business,467,XLG,Services, 36 months,0.1065,B,B2,SIVASAGAR,208-DBS,GUWAAHATI,AS,AS,ASSAM,SIVASAGAR,880038,12359-SAMIUR RAHMAN,High,18015,19055,16032,17.25,4966.73,N,N,2,On-Time,0,0,1,2019-12-13,1,Dec-2019
ACC001275,83,DHURI,JLG30K,34831,18421,2651,2018-08-19,Paid Off,Quarterly EMI,1030063,DHURI-1030063,Ishaan Reddy,Female,26-35,33,1979-01-29,General,Muslim,RENT,<25K,Self-Employed,336,XLG,Services, 36 months,0.1065,B,B2,DHURI,102-DBS,LUDHIANA,PB,PB,PUNJAB,SANGRUR,1030063,12058-DEEPAK KUMAR,Low,34833,19251,34735,44.02,245.06,N,N,1,On-Time,0,0,1,2015-04-20,0,Aug-2018
ACC001276,828,TEZPUR,JLG35K,44352,22824,40649,2016-04-24,Paid Off,Monthly EMI,680026,TEZPUR-680026,Kavya Mehta,Female,46-55,52,1979-01-29,General,Muslim,RENT,<25K,Business,390,XLG,Trade, 36 months,0.0991,B,B1,TEZPUR,208-DBS,GUWAAHATI,AS,AS,ASSAM,SONITPUR,680026,11055-MANAS PROTIM HAZARIKA,Medium,44481,23125,43970,8.21,2129.88,Y,N,1,Very Late,0,1,1,2016-04-24,1,Apr-2016
ACC001277,440,PATIALA,JLG30K,35021,7771,11609,2020-11-18,Active,Monthly EMI,100186,PATIALA-100186,Kavya Chopra,Female,18-25,23,1979-01-29,General,Hindu,RENT,75K-100K,Business,588,XLG,Services, 36 months,0.1065,B,B2,PATIALA,102-DBS,LUDHIANA,PB,PB,PUNJAB,PATIALA,100186,10420-MUNENDRA  SINGH,Medium,35055,9268,34647,34.6,2066.6,N,N,2,On-Time,0,0,1,2020-11-18,1,Nov-2020
ACC001278,938,MAHASAMUND,JLG30K,21719,26006,23102,2017-01-08,Active,Quarterly EMI,250029,MAHASAMUND-250029,Kavya Malhotra,Female,26-35,34,1979-01-29,ST,Sikh,MORTGAGE,75K-100K,Business,328,XLG,Services, 36 months,0.1065,B,B2,MAHASAMUND,207-DBS,RAIPUR,CG,CG,CHATTISGARH,MAHASAMUND,250029,11640-NITISH KUMAR,High,22230,26992,21684,45.72,3784.39,N,N,2,On-Time,0,0,1,2017-01-08,1,Jan-2017
ACC001279,681,BEHROR,JLG35K,45815,14325,9084,2020-10-16,Fully Paid,Quarterly EMI,30179,BEHROR-30179,Kavya Malhotra,Female,26-35,34,1979-01-29,ST,Sikh,MORTGAGE,75K-100K,Business,328,XLG,Trade, 36 months,0.0991,B,B1,BEHROR,301-DBS,JAIPUR,RJ,RJ,RAJASTHAN,BEHROD,30179,10055-MAHESH KUMAR PATEL,Low,47754,16244,45535,35.53,1758.03,N,N,1,Late,0,0,1,2016-03-09,0,Oct-2020
ACC001280,935,FATEHGARH SAHIB,JLG30K,42201,25685,2155,2023-05-29,Fully Paid,Quarterly EMI,120676,FATEHGARH SAHIB-120676,Nisha Chopra,Female,46-55,49,1979-01-29,SC,Hindu,RENT,75K-100K,Business,641,XLG,Services, 36 months,0.1065,B,B2,FATEHGARH SAHIB,102-DBS,LUDHIANA,PB,PB,PUNJAB,FATEHGARH SAHIB,120676,10037-RAJESH PRATAP,Medium,42725,26650,41975,24.93,2102.01,N,N,2,Late,0,0,1,2017-11-14,0,May-2023
ACC001281,372,CHHATA,JLG30K,7958,4729,20501,2016-09-28,Fully Paid,Quarterly EMI,910020,CHHATA-910020,Ananya Mehta,Female,26-35,30,1979-01-29,ST,Sikh,RENT,75K-100K,Business,783,XLG,Services, 36 months,0.1065,B,B2,CHHATA,176-DBS,BULANDSHAHR,UP,UP,UTTAR PRADESH,MATHURA,910020,10047-ANIL KUMAR,High,8452,5748,7878,15.49,2926.33,N,N,2,On-Time,0,0,1,2016-09-28,1,Sep-2016
ACC001282,623,Mathura,JLG30K,12341,23690,4619,2023-01-07,Fully Paid,Quarterly EMI,910182,Mathura-910182,Vivaan Verma,Female,46-55,52,1979-01-29,ST,Sikh,RENT,100K+,Salaried,626,XLG,Services, 36 months,0.1065,B,B2,Mathura,176-DBS,BULANDSHAHR,UP,UP,UTTAR PRADESH,MATHURA,910182,10469-MANISH  PANDEY,High,12815,23711,11864,3.96,1928.8,N,N,0,On-Time,0,0,1,2015-04-03,0,Jan-2023
ACC001283,494,Mathura,JLG30K,29364,5694,25623,2017-01-08,Paid Off,Quarterly EMI,910182,Mathura-910182,Ananya Malhotra,Female,46-55,54,1979-01-29,Minority,Muslim,RENT,25K-50K,Self-Employed,433,XLG,Services, 36 months,0.1065,B,B2,Mathura,176-DBS,BULANDSHAHR,UP,UP,UTTAR PRADESH,MATHURA,910182,10469-MANISH  PANDEY,High,29312,5651,29087,6.22,2992.08,N,N,2,On-Time,0,0,1,2015-05-30,0,Jan-2017
ACC001284,731,MUKTSAR,JLG35K,16128,7335,34019,2017-01-14,Active,Quarterly EMI,1110166,MUKTSAR-1110166,Aarav Joshi,Female,18-25,22,1997-10-27,General,Hindu,RENT,<25K,Salaried,516,XLG,Trade, 36 months,0.0991,B,B1,MUKTSAR,102-DBS,LUDHIANA,PB,PB,PUNJAB,SRI MUKTSAR SAHIB,1110166,11303-ASHUTOSH KUMAR SUMAN,Medium,16680,9160,16015,14.92,394.91,N,N,2,On-Time,0,0,1,2016-09-22,0,Jan-2017
ACC001285,190,MUKTSAR,JLG35K,47037,9731,7151,2020-12-17,Fully Paid,Monthly EMI,1110166,MUKTSAR-1110166,Kavya Reddy,Female,46-55,49,1979-01-29,Minority,Muslim,RENT,<25K,Salaried,442,XLG,Trade, 36 months,0.0991,B,B1,MUKTSAR,102-DBS,LUDHIANA,PB,PB,PUNJAB,SRI MUKTSAR SAHIB,1110166,11303-ASHUTOSH KUMAR SUMAN,Medium,49033,9503,46776,25.13,640.83,Y,N,2,Late,0,1,1,2020-12-17,1,Dec-2020
ACC001286,866,SAMRALA,JLG35K,16782,4242,28148,2022-06-15,Active,Quarterly EMI,130067,SAMRALA-130067,Nisha Chopra,Female,46-55,49,1979-01-29,SC,Hindu,RENT,75K-100K,Business,641,XLG,Trade, 36 months,0.0991,B,B1,SAMRALA,102-DBS,LUDHIANA,PB,PB,PUNJAB,SAMRALA,130067,10050-GAUTAM SINGH,Low,18559,4000,16583,12.3,856.95,N,N,0,Late,0,0,1,2022-06-15,1,Jun-2022
ACC001287,121,SANGRUR,JLG30K,7110,14070,16959,2018-12-14,Active,Monthly EMI,110159,SANGRUR-110159,Meera Joshi,Female,36-45,42,1979-01-29,ST,Sikh,RENT,25K-50K,Salaried,534,XLG,Services, 36 months,0.1065,B,B2,SANGRUR,102-DBS,LUDHIANA,PB,PB,PUNJAB,SANGRUR,110159,10037-RAJESH PRATAP,Low,7207,15874,6932,19.55,1990.39,Y,N,1,On-Time,0,1,1,2018-12-14,1,Dec-2018
ACC001288,356,CHHATA,JLG29K,36514,16047,17332,2019-05-25,Active,Monthly EMI,910020,CHHATA-910020,Diya Patel,Female,36-45,44,1979-01-29,General,Hindu,MORTGAGE,25K-50K,Salaried,601,XLG,Trade, 60 months,0.1727,D,D3,CHHATA,176-DBS,BULANDSHAHR,UP,UP,UTTAR PRADESH,MATHURA,910020,10047-ANIL KUMAR,High,38402,15561,36333,26.08,4678.88,N,N,2,On-Time,0,0,1,2019-02-23,0,May-2019
ACC001289,938,CHHATA,JLG46K,16599,32440,33087,2019-11-08,Paid Off,Quarterly EMI,910020,CHHATA-910020,Kavya Malhotra,Female,26-35,34,1979-01-29,ST,Sikh,MORTGAGE,75K-100K,Business,328,XLG,Home Loan, 36 months,0.1825,D,D5,CHHATA,176-DBS,BULANDSHAHR,UP,UP,UTTAR PRADESH,MATHURA,910020,10047-ANIL KUMAR,High,17141,32057,16172,19.17,2934.16,N,N,0,On-Time,0,0,1,2017-01-08,0,Nov-2019
ACC001290,415,MAWANA,JLG35K,12205,42752,3977,2020-04-13,Paid Off,Quarterly EMI,800018,MAWANA-800018,Meera Joshi,Female,36-45,42,1979-01-29,ST,Sikh,RENT,25K-50K,Salaried,534,XLG,Trade, 36 months,0.0991,B,B1,MAWANA,176-DBS,BULANDSHAHR,UP,UP,UTTAR PRADESH,MEERUT,800018,11183-ANIL KUMAR,Medium,12063,43079,11721,48.18,1996.34,N,N,1,On-Time,0,0,1,2020-04-13,1,Apr-2020
ACC001291,68,AGRA,JLG40K,21546,12598,43615,2022-11-12,Fully Paid,Quarterly EMI,140056,AGRA-140056,Kavya Malhotra,Female,36-45,41,1979-01-29,OBC,Hindu,RENT,25K-50K,Salaried,495,XLG,Services, 36 months,0.1727,D,D3,AGRA,176-DBS,BULANDSHAHR,UP,UP,UTTAR PRADESH,AGRA,140056,10161-RAM AVTAR,Medium,22099,12432,21524,28.19,4540.89,N,N,0,Late,0,0,1,2018-11-09,0,Nov-2022
ACC001292,715,HAPUR,JLG35K,29047,7072,2322,2022-08-23,Default,Monthly EMI,210563,HAPUR-210563,Kavya Gupta,Female,26-35,35,1979-01-29,ST,Sikh,RENT,50K-75K,Business,721,XLG,Trade, 36 months,0.0991,B,B1,HAPUR,176-DBS,BULANDSHAHR,UP,UP,UTTAR PRADESH,HAPUR,210563,10183-RISHABH PANT,Low,28837,7009,28716,16.47,4268.0,N,N,1,On-Time,0,0,1,2022-08-23,1,Aug-2022
ACC001293,833,Mathura,JLG35K,28848,42284,38339,2018-06-14,Paid Off,Monthly EMI,910182,Mathura-910182,Nisha Verma,Female,18-25,22,1979-01-29,ST,Sikh,MORTGAGE,100K+,Salaried,564,XLG,Trade, 36 months,0.0991,B,B1,Mathura,176-DBS,BULANDSHAHR,UP,UP,UTTAR PRADESH,MATHURA,910182,10469-MANISH  PANDEY,High,30443,42153,28633,44.41,1511.93,Y,N,2,On-Time,0,1,1,2016-10-21,0,Jun-2018
ACC001294,283,MADHUBANI,JLG30K,9714,34171,5129,2022-09-05,Paid Off,Quarterly EMI,1140044,MADHUBANI-1140044,Ishaan Reddy,Female,26-35,33,1979-01-29,General,Muslim,RENT,<25K,Self-Employed,336,XLG,Services, 36 months,0.1065,B,B2,MADHUBANI,209-DBS,PATNA,BR,BR,BIHAR,MADHUBANI,1140044,10514-MANISH KUMAR MISHRA,Medium,10411,34905,9624,40.93,4740.96,N,N,2,On-Time,0,0,1,2019-04-04,0,Sep-2022
ACC001295,508,CHHAPRA,JLG35K,19930,27951,28116,2015-12-16,Fully Paid,Monthly EMI,380112,CHHAPRA-380112,Aditya Verma,Female,46-55,49,1979-01-29,ST,Sikh,RENT,50K-75K,Self-Employed,695,XLG,Trade, 36 months,0.0991,B,B1,CHHAPRA,209-DBS,PATNA,BR,BR,BIHAR,CHHAPRA,380112,11867-VIKRANT KUMAR VICKY,High,20194,28556,19557,39.8,3251.6,N,N,2,On-Time,0,0,1,2015-11-07,0,Dec-2015
ACC001296,790,KAROND,JLG30K,37107,23803,42484,2019-10-14,Active,Monthly EMI,1320004,KAROND-1320004,Diya Verma,Female,26-35,35,1979-01-29,ST,Sikh,MORTGAGE,25K-50K,Self-Employed,744,XLG,Services, 36 months,0.1065,B,B2,KAROND,200-DBS,BHOPAL,MP,MP,MADHYA PRADESH,BHOPAL,1320004,12758-ROHIT KUMAR JAISWAL,Medium,39064,23317,36950,12.72,3945.19,N,N,2,On-Time,0,0,1,2019-10-14,1,Oct-2019
ACC001297,12,Mathura,JLG35K,20507,11997,35506,2018-04-22,Fully Paid,Monthly EMI,910182,Mathura-910182,Meera Sharma,Female,36-45,45,1979-01-29,OBC,Hindu,OWN,75K-100K,Business,417,XLG,Trade, 36 months,0.0991,B,B1,Mathura,176-DBS,BULANDSHAHR,UP,UP,UTTAR PRADESH,MATHURA,910182,10469-MANISH  PANDEY,High,21917,13952,20337,26.7,3015.7,N,N,0,Late,0,0,1,2017-04-22,0,Apr-2018
ACC001298,349,PATIALA,JLG30K,26825,37802,30415,2022-07-25,Active,Quarterly EMI,100186,PATIALA-100186,Kavya Reddy,Female,18-25,23,1979-01-29,General,Hindu,RENT,25K-50K,Business,503,XLG,Services, 36 months,0.1065,B,B2,PATIALA,102-DBS,LUDHIANA,PB,PB,PUNJAB,PATIALA,100186,10420-MUNENDRA  SINGH,Medium,28518,38781,26465,34.54,3756.16,N,N,2,On-Time,0,0,1,2015-03-14,0,Jul-2022
ACC001299,193,BILASPUR,JLG30K,37724,9271,22799,2020-03-23,Paid Off,Quarterly EMI,240005,BILASPUR-240005,Meera Sharma,Female,36-45,43,1979-01-29,Minority,Muslim,RENT,100K+,Self-Employed,672,XLG,Services, 36 months,0.1065,B,B2,BILASPUR,207-DBS,RAIPUR,CG,CG,CHATTISGARH,BILASPUR,240005,10886-MANISH KUMAR DWIVEDI,Low,37873,8927,37547,34.46,914.32,N,N,2,On-Time,0,0,1,2015-11-10,0,Mar-2020
ACC001300,602,BULANDSHAHR,JLG35K,43242,3552,17918,2016-08-21,Default,Quarterly EMI,10068,BULANDSHAHR-10068,Vivaan Gupta,Female,46-55,50,1979-01-29,ST,Sikh,RENT,50K-75K,Self-Employed,768,XLG,Trade, 36 months,0.0991,B,B1,BULANDSHAHR,176-DBS,BULANDSHAHR,UP,UP,UTTAR PRADESH,BULANDSHAHAR,10068,10057-NANDI SHANKAR,High,44994,3695,42745,41.34,1980.83,N,N,1,On-Time,0,0,1,2016-08-21,1,Aug-2016
ACC001301,583,DHURI,JLG35K,24035,24794,17192,2020-07-11,Fully Paid,Quarterly EMI,1030063,DHURI-1030063,Nisha Malhotra,Female,36-45,42,1979-01-29,SC,Hindu,RENT,25K-50K,Self-Employed,717,XLG,Trade, 36 months,0.0991,B,B1,DHURI,102-DBS,LUDHIANA,PB,PB,PUNJAB,SANGRUR,1030063,12058-DEEPAK KUMAR,Low,23943,25088,23615,25.58,2434.55,N,N,0,On-Time,0,0,1,2020-07-11,1,Jul-2020
ACC001302,303,BEHROR,JLG35K,3302,11333,5237,2017-12-14,Active,Monthly EMI,30179,BEHROR-30179,Ananya Reddy,Female,18-25,39,1979-01-29,General,Muslim,MORTGAGE,<25K,Self-Employed,660,XLG,Trade, 36 months,0.0991,B,B1,BEHROR,301-DBS,JAIPUR,RJ,RJ,RAJASTHAN,BEHROD,30179,10055-MAHESH KUMAR PATEL,Low,3687,11416,2860,0.16,1160.08,N,N,0,Late,0,0,1,2017-12-14,1,Dec-2017
ACC001303,84,SANGRUR,JLG30K,33841,37469,35556,2020-08-23,Fully Paid,Quarterly EMI,110159,SANGRUR-110159,Nisha Reddy,Female,36-45,42,1979-01-29,SC,Hindu,RENT,100K+,Self-Employed,668,XLG,Services, 36 months,0.1065,B,B2,SANGRUR,102-DBS,LUDHIANA,PB,PB,PUNJAB,SANGRUR,110159,10037-RAJESH PRATAP,Low,34496,39438,33533,13.92,4594.92,N,N,2,Very Late,0,0,1,2018-02-24,0,Aug-2020
ACC001304,130,NEEM KA THANA,JLG30K,30482,36475,22259,2015-03-16,Paid Off,Monthly EMI,80001,NEEM KA THANA-80001,Vivaan Verma,Female,26-35,34,1985-09-29,ST,Sikh,MORTGAGE,100K+,Self-Employed,469,XLG,Services, 36 months,0.1065,B,B2,NEEM KA THANA,301-DBS,JAIPUR,RJ,RJ,RAJASTHAN,NEEM KA THANA,80001,10043-RAVI MISHRA,High,32017,36751,30449,44.03,138.04,Y,N,2,On-Time,0,1,1,2015-03-16,1,Mar-2015
ACC001305,955,DHURI,JLG35K,36622,48787,34553,2015-02-10,Active,Monthly EMI,1030063,DHURI-1030063,Laksh Reddy,Female,36-45,36,1979-01-29,OBC,Hindu,OWN,50K-75K,Business,787,XLG,Trade, 36 months,0.0991,B,B1,DHURI,102-DBS,LUDHIANA,PB,PB,PUNJAB,SANGRUR,1030063,12058-DEEPAK KUMAR,Low,36933,50036,36178,35.51,3444.08,N,N,1,On-Time,0,0,1,2015-02-10,1,Feb-2015
ACC001306,593,SANGRUR,JLG30K,36649,28933,1975,2018-02-04,Paid Off,Quarterly EMI,110159,SANGRUR-110159,Vivaan Gupta,Female,56-63,57,1979-01-29,General,Muslim,RENT,75K-100K,Business,472,XLG,Services, 36 months,0.1065,B,B2,SANGRUR,102-DBS,LUDHIANA,PB,PB,PUNJAB,SANGRUR,110159,10037-RAJESH PRATAP,Low,36309,29985,36361,23.89,3938.62,N,N,0,On-Time,0,0,1,2016-02-14,0,Feb-2018
ACC001307,777,ASANSOL,JLG30K,10976,30335,23882,2022-10-18,Paid Off,Quarterly EMI,690076,ASANSOL-690076,Meera Reddy,Female,46-55,49,1979-01-29,ST,Hindu,OWN,75K-100K,Salaried,374,XLG,Services, 36 months,0.1065,B,B2,ASANSOL,201-DBS,HOWRAH,WB,WB,WEST BENGAL,PASCHIM BARDHHAMAN,690076,10035-ABHAY TOMER,Medium,11872,29837,10638,5.99,125.92,N,N,1,Late,0,0,1,2018-04-02,0,Oct-2022
ACC001308,987,MUKTSAR,JLG30K,43687,29958,35728,2019-01-06,Fully Paid,Quarterly EMI,1110166,MUKTSAR-1110166,Meera Joshi,Female,46-55,53,1979-01-29,ST,Sikh,RENT,<25K,Salaried,529,XLG,Services, 36 months,0.1065,B,B2,MUKTSAR,102-DBS,LUDHIANA,PB,PB,PUNJAB,SRI MUKTSAR SAHIB,1110166,11303-ASHUTOSH KUMAR SUMAN,Medium,44562,30008,43531,43.26,1440.33,N,N,2,On-Time,0,0,1,2019-01-06,1,Jan-2019
ACC001309,825,BEHROR,JLG30K,20260,43663,35972,2015-12-26,Paid Off,Quarterly EMI,30179,BEHROR-30179,Aditya Joshi,Female,46-55,54,1979-01-29,OBC,Hindu,RENT,50K-75K,Business,357,XLG,Services, 36 months,0.1065,B,B2,BEHROR,301-DBS,JAIPUR,RJ,RJ,RAJASTHAN,BEHROD,30179,10055-MAHESH KUMAR PATEL,Low,21550,43348,20049,24.01,2280.94,Y,N,1,On-Time,0,1,1,2015-12-26,1,Dec-2015
ACC001310,354,SANGRUR,JLG35K,47714,35656,25352,2019-10-19,Active,Quarterly EMI,110159,SANGRUR-110159,Nisha Malhotra,Female,36-45,36,1979-01-29,SC,Hindu,MORTGAGE,100K+,Self-Employed,489,XLG,Trade, 36 months,0.0991,B,B1,SANGRUR,102-DBS,LUDHIANA,PB,PB,PUNJAB,SANGRUR,110159,10037-RAJESH PRATAP,Low,48028,36698,47598,36.53,4598.09,N,N,0,On-Time,0,0,1,2018-12-26,0,Oct-2019
ACC001311,180,BEHROR,JLG30K,4570,34250,9707,2016-10-28,Fully Paid,Quarterly EMI,30179,BEHROR-30179,Laksh Chopra,Female,46-55,55,1964-04-22,Minority,Muslim,RENT,100K+,Self-Employed,502,XLG,Services, 36 months,0.1065,B,B2,BEHROR,301-DBS,JAIPUR,RJ,RJ,RAJASTHAN,BEHROD,30179,10055-MAHESH KUMAR PATEL,Low,4597,36204,4254,35.66,2072.58,N,N,0,On-Time,0,0,1,2016-10-28,1,Oct-2016
ACC001312,928,CUTTACK,JLG35K,28581,11766,37900,2020-07-30,Active,Quarterly EMI,630081,CUTTACK-630081,Nisha Verma,Female,26-35,35,1979-01-29,SC,Hindu,RENT,75K-100K,Salaried,792,XLG,Trade, 36 months,0.0991,B,B1,CUTTACK,107-DBS,BHUBANESWAR,OR,OR,ODISHA,CUTTACK,630081,12061-PINAKAPANI KANUNGO,High,28390,13141,28474,32.11,418.19,N,N,2,On-Time,0,0,1,2018-10-08,0,Jul-2020
ACC001313,606,MUKTSAR,JLG30K,24998,25884,10034,2017-06-13,Paid Off,Monthly EMI,1110166,MUKTSAR-1110166,Diya Reddy,Female,36-45,40,1979-12-28,ST,Sikh,RENT,<25K,Self-Employed,810,XLG,Services, 36 months,0.1065,B,B2,MUKTSAR,102-DBS,LUDHIANA,PB,PB,PUNJAB,SRI MUKTSAR SAHIB,1110166,11303-ASHUTOSH KUMAR SUMAN,Medium,25873,27399,24751,46.41,3532.74,N,Y,0,On-Time,1,0,1,2015-12-23,0,Jun-2017
ACC001314,563,JAMMU,JLG35K,29420,42992,36363,2023-10-17,Paid Off,Quarterly EMI,720081,JAMMU-720081,Ishaan Gupta,Female,26-35,28,1979-01-29,SC,Hindu,RENT,100K+,Business,536,XLG,Trade, 36 months,0.0991,B,B1,JAMMU,201-DBS,LUDHIANA,JK,JK,JAMMU & KASHMIR,JAMMU,720081,10588-POONAM DEVI,High,30941,42880,29282,7.28,3597.83,N,N,2,On-Time,0,0,1,2021-04-12,0,Oct-2023
ACC001315,96,BEHROR,JLG30K,18755,14337,23281,2015-01-27,Default,Quarterly EMI,30179,BEHROR-30179,Meera Joshi,Female,26-35,31,1988-05-24,ST,Sikh,OWN,<25K,Business,532,XLG,Services, 36 months,0.1065,B,B2,BEHROR,301-DBS,JAIPUR,RJ,RJ,RAJASTHAN,BEHROD,30179,10055-MAHESH KUMAR PATEL,Low,18954,15760,18689,44.12,970.46,Y,N,0,Late,0,1,1,2015-01-27,1,Jan-2015
ACC001316,613,MAWANA,JLG41K,30928,45585,4983,2015-10-21,Fully Paid,Quarterly EMI,800018,MAWANA-800018,Nisha Patel,Female,36-45,41,1979-01-29,General,Hindu,RENT,100K+,Salaried,399,XLG,Services, 36 months,0.1465,C,C3,MAWANA,176-DBS,BULANDSHAHR,UP,UP,UTTAR PRADESH,MEERUT,800018,11183-ANIL KUMAR,Medium,30436,45359,30638,23.74,4604.07,N,N,0,On-Time,0,0,1,2015-10-21,1,Oct-2015
ACC001317,136,DIBRUGARH,JLG30K,10611,10925,5414,2018-02-23,Fully Paid,Quarterly EMI,1050013,DIBRUGARH-1050013,Kavya Gupta,Female,26-35,35,1979-01-29,ST,Sikh,RENT,50K-75K,Business,721,XLG,Services, 36 months,0.1065,B,B2,DIBRUGARH,208-DBS,GUWAAHATI,AS,AS,ASSAM,DIBRUGARH,1050013,10961-NAYAN JYOTI SARMAH,Low,12538,11289,10422,34.09,4556.74,N,N,2,On-Time,0,0,1,2018-02-23,1,Feb-2018
ACC001318,237,DURGAPUR,JLG30K,47042,46847,8735,2017-06-13,Fully Paid,Monthly EMI,700013,DURGAPUR-700013,Kavya Malhotra,Female,26-35,33,1985-05-30,General,Hindu,RENT,100K+,Self-Employed,716,XLG,Services, 36 months,0.1065,B,B2,DURGAPUR,201-DBS,HOWRAH,WB,WB,WEST BENGAL,PASCHIM BARDHHAMAN,700013,10037-RAJESH PRATAP,Low,47618,47454,46837,2.96,852.65,N,N,1,On-Time,0,0,1,2017-06-13,1,Jun-2017
ACC001319,883,BULANDSHAHR,JLG30K,48619,19103,35597,2016-10-12,Paid Off,Quarterly EMI,10068,BULANDSHAHR-10068,Laksh Sharma,Female,26-35,31,1979-01-29,SC,Hindu,RENT,100K+,Self-Employed,672,XLG,Services, 36 months,0.1065,B,B2,BULANDSHAHR,176-DBS,BULANDSHAHR,UP,UP,UTTAR PRADESH,BULANDSHAHAR,10068,10057-NANDI SHANKAR,High,49482,19604,48530,5.0,3142.74,Y,N,0,On-Time,0,1,1,2015-08-29,0,Oct-2016
ACC001320,930,BEHROR,JLG30K,25576,40515,43791,2019-02-19,Fully Paid,Quarterly EMI,30179,BEHROR-30179,Vivaan Gupta,Female,46-55,46,1979-01-29,ST,Sikh,OWN,75K-100K,Business,481,XLG,Services, 36 months,0.1065,B,B2,BEHROR,301-DBS,JAIPUR,RJ,RJ,RAJASTHAN,BEHROD,30179,10055-MAHESH KUMAR PATEL,Low,25986,40048,25130,7.27,4525.26,N,N,2,On-Time,0,0,1,2015-10-25,0,Feb-2019
ACC001321,863,Mathura,JLG30K,2238,9318,16807,2021-12-27,Active,Quarterly EMI,910182,Mathura-910182,Aarav Malhotra,Female,46-55,46,1979-01-29,Minority,Muslim,MORTGAGE,100K+,Salaried,604,XLG,Services, 36 months,0.1065,B,B2,Mathura,176-DBS,BULANDSHAHR,UP,UP,UTTAR PRADESH,MATHURA,910182,10469-MANISH  PANDEY,High,3004,9453,1761,47.99,1333.3,N,N,0,On-Time,0,0,1,2016-11-22,0,Dec-2021
ACC001322,711,Mathura,JLG35K,3981,38515,28042,2021-04-18,Paid Off,Quarterly EMI,910182,Mathura-910182,Aditya Verma,Female,36-45,40,1979-01-29,Minority,Muslim,RENT,50K-75K,Salaried,714,XLG,Trade, 36 months,0.0991,B,B1,Mathura,176-DBS,BULANDSHAHR,UP,UP,UTTAR PRADESH,MATHURA,910182,10469-MANISH  PANDEY,High,4866,38455,3599,38.26,3783.7,N,N,2,On-Time,0,0,1,2018-03-06,0,Apr-2021
ACC001323,517,FATEHGARH SAHIB,JLG30K,33642,21291,16656,2021-08-30,Default,Monthly EMI,120676,FATEHGARH SAHIB-120676,Kavya Sharma,Female,26-35,26,1979-01-29,SC,Hindu,RENT,75K-100K,Business,398,XLG,Services, 36 months,0.1065,B,B2,FATEHGARH SAHIB,102-DBS,LUDHIANA,PB,PB,PUNJAB,FATEHGARH SAHIB,120676,10037-RAJESH PRATAP,Medium,34361,22825,33432,24.64,1659.44,N,N,0,Late,0,0,1,2021-08-30,1,Aug-2021
ACC001324,757,FATEHGARH SAHIB,JLG30K,13926,31927,24050,2021-09-28,Fully Paid,Monthly EMI,120676,FATEHGARH SAHIB-120676,Diya Joshi,Female,36-45,43,1979-01-29,SC,Christian,RENT,50K-75K,Self-Employed,645,XLG,Services, 36 months,0.1065,B,B2,FATEHGARH SAHIB,102-DBS,LUDHIANA,PB,PB,PUNJAB,FATEHGARH SAHIB,120676,10037-RAJESH PRATAP,Medium,14561,33467,13589,32.15,848.23,N,N,1,Very Late,0,0,1,2018-07-05,0,Sep-2021
ACC001325,182,VARANASI,JLG30K,15185,45348,40028,2023-11-30,Paid Off,Monthly EMI,1280108,VARANASI-1280108,Aarav Malhotra,Female,46-55,47,1979-01-29,Minority,Muslim,RENT,<25K,Salaried,526,XLG,Services, 36 months,0.1065,B,B2,VARANASI,176-DBS,VARANASI,UP,UP,UTTAR PRADESH,VARANASI,1280108,10568-RAJU RANJAN RAY,Medium,14992,45674,15120,1.97,1243.47,N,N,2,On-Time,0,0,1,2023-11-30,1,Nov-2023
ACC001326,601,CHHATA,JLG30K,5419,28214,27036,2018-04-17,Active,Monthly EMI,910020,CHHATA-910020,Ishaan Mehta,Female,18-25,23,1979-01-29,OBC,Hindu,RENT,100K+,Business,416,XLG,Services, 36 months,0.1065,B,B2,CHHATA,176-DBS,BULANDSHAHR,UP,UP,UTTAR PRADESH,MATHURA,910020,10047-ANIL KUMAR,High,6452,27871,5405,36.8,965.43,Y,N,0,Late,0,1,1,2018-04-17,1,Apr-2018
ACC001327,649,PATIALA,JLG41K,24110,43848,42173,2016-06-12,Fully Paid,Monthly EMI,100186,PATIALA-100186,Kavya Malhotra,Female,36-45,36,1979-01-29,ST,Sikh,RENT,<25K,Salaried,514,XLG,Services, 36 months,0.1465,C,C3,PATIALA,102-DBS,LUDHIANA,PB,PB,PUNJAB,PATIALA,100186,10420-MUNENDRA  SINGH,Medium,24773,44867,24066,29.26,313.02,N,N,1,On-Time,0,0,1,2016-06-12,1,Jun-2016
ACC001328,870,SANGRUR,JLG35K,11849,24126,33712,2023-07-05,Fully Paid,Monthly EMI,110159,SANGRUR-110159,Vivaan Gupta,Female,46-55,50,1979-01-29,ST,Sikh,RENT,50K-75K,Self-Employed,768,XLG,Trade, 36 months,0.0991,B,B1,SANGRUR,102-DBS,LUDHIANA,PB,PB,PUNJAB,SANGRUR,110159,10037-RAJESH PRATAP,Low,11585,24887,11519,3.07,1582.35,Y,Y,2,Very Late,1,1,1,2019-05-14,0,Jul-2023
ACC001329,565,TEZPUR,JLG35K,10050,33204,18049,2019-10-24,Active,Monthly EMI,680026,TEZPUR-680026,Vivaan Nair,Female,46-55,49,1979-01-29,General,Muslim,RENT,100K+,Salaried,519,XLG,Trade, 36 months,0.0991,B,B1,TEZPUR,208-DBS,GUWAAHATI,AS,AS,ASSAM,SONITPUR,680026,11055-MANAS PROTIM HAZARIKA,Medium,11489,33042,9862,21.92,2905.89,N,N,2,On-Time,0,0,1,2019-10-24,1,Oct-2019
ACC001330,704,DURGAPUR,JLG30K,6819,16011,3799,2022-02-03,Fully Paid,Quarterly EMI,700013,DURGAPUR-700013,Aarav Malhotra,Female,46-55,53,1979-01-29,Minority,Muslim,RENT,25K-50K,Business,812,XLG,Services, 36 months,0.1065,B,B2,DURGAPUR,201-DBS,HOWRAH,WB,WB,WEST BENGAL,PASCHIM BARDHHAMAN,700013,10037-RAJESH PRATAP,Low,8587,16262,6696,35.09,363.13,N,N,0,On-Time,0,0,1,2015-04-02,0,Feb-2022
ACC001331,800,Mangaldoi,JLG35,29007,24524,2656,2019-09-09,Active,Monthly EMI,570241,Mangaldoi-570241,Ishaan Nair,Female,36-45,41,1979-01-29,ST,Sikh,MORTGAGE,<25K,Salaried,338,XLG,Home Loan, 60 months,0.1465,C,C3,Mangaldoi,208-DBS,GUWAAHATI,AS,AS,ASSAM,Mangaldoi,570241,10961-NAYAN JYOTI SARMAH,Low,30867,24325,28645,14.1,4665.98,N,N,0,Late,0,0,1,2017-03-02,0,Sep-2019
ACC001332,23,SIRSA,JLG41K,21445,20059,42186,2021-01-29,Fully Paid,Quarterly EMI,730084,SIRSA-730084,Ananya Sharma,Female,26-35,32,1979-01-29,OBC,Hindu,RENT,100K+,Self-Employed,584,XLG,Services, 36 months,0.1465,C,C3,SIRSA,206-DBS,KARNAL,HR,HR,HARYANA,SIRSA,730084,10149-ABHISHEK MAURYA,Medium,21865,20160,21330,38.86,3799.65,N,N,1,On-Time,0,0,1,2018-01-23,0,Jan-2021
ACC001333,384,PAOTA,JLG50K,31035,40883,7910,2020-07-12,Fully Paid,Quarterly EMI,90149,PAOTA-90149,Laksh Mehta,Female,36-45,40,1979-01-29,ST,Sikh,RENT,50K-75K,Self-Employed,318,XLG,Home Loan, 60 months,0.1991,E,E4,PAOTA,301-DBS,JAIPUR,RJ,RJ,RAJASTHAN,jaipur,90149,10043-RAVI MISHRA,Low,31624,42814,30663,9.6,2290.59,N,N,2,On-Time,0,0,1,2015-01-24,0,Jul-2020
ACC001334,250,MAWANA,JLG30K,7733,36059,28655,2021-01-29,Fully Paid,Quarterly EMI,800018,MAWANA-800018,Meera Joshi,Female,36-45,42,1979-01-29,ST,Sikh,RENT,25K-50K,Salaried,534,XLG,Services, 36 months,0.1065,B,B2,MAWANA,176-DBS,BULANDSHAHR,UP,UP,UTTAR PRADESH,MEERUT,800018,11183-ANIL KUMAR,Medium,9368,38052,7623,14.31,715.6,N,N,2,On-Time,0,0,1,2017-07-29,0,Jan-2021
ACC001335,29,Mathura,JLG35K,7267,34759,33278,2017-09-17,Active,Quarterly EMI,910182,Mathura-910182,Kavya Reddy,Female,18-25,23,1979-01-29,General,Hindu,RENT,25K-50K,Business,503,XLG,Trade, 36 months,0.0991,B,B1,Mathura,176-DBS,BULANDSHAHR,UP,UP,UTTAR PRADESH,MATHURA,910182,10469-MANISH  PANDEY,High,7241,34731,6820,46.01,3042.34,N,N,1,On-Time,0,0,1,2017-09-17,1,Sep-2017
ACC001336,174,Mangaldoi,JLG30K,29990,39607,6577,2022-11-12,Default,Quarterly EMI,570241,Mangaldoi-570241,Ananya Malhotra,Female,46-55,54,1979-01-29,Minority,Muslim,RENT,25K-50K,Self-Employed,433,XLG,Services, 36 months,0.1065,B,B2,Mangaldoi,208-DBS,GUWAAHATI,AS,AS,ASSAM,Mangaldoi,570241,10961-NAYAN JYOTI SARMAH,Low,30818,40630,29694,34.67,3299.44,N,N,2,Late,0,0,1,2021-05-04,0,Nov-2022
ACC001337,425,BEHROR,JLG30K,42819,16179,12105,2020-10-29,Paid Off,Monthly EMI,30179,BEHROR-30179,Laksh Patel,Female,26-35,28,1979-01-29,SC,Hindu,MORTGAGE,75K-100K,Business,844,XLG,Services, 36 months,0.1065,B,B2,BEHROR,301-DBS,JAIPUR,RJ,RJ,RAJASTHAN,BEHROD,30179,10055-MAHESH KUMAR PATEL,Low,43689,17649,42688,4.12,3986.4,N,N,0,On-Time,0,0,1,2020-10-29,1,Oct-2020
ACC001338,546,PAOTA,JLG30K,5184,5898,19244,2021-01-08,Paid Off,Monthly EMI,90149,PAOTA-90149,Kavya Gupta,Female,36-45,39,1979-01-29,OBC,Hindu,RENT,50K-75K,Salaried,692,XLG,Services, 36 months,0.1065,B,B2,PAOTA,301-DBS,JAIPUR,RJ,RJ,RAJASTHAN,jaipur,90149,10043-RAVI MISHRA,Low,4864,7058,4796,13.38,345.62,N,N,1,On-Time,0,0,1,2016-08-11,0,Jan-2021
ACC001339,538,MUKTSAR,JLG35K,3103,31729,20599,2018-11-04,Fully Paid,Quarterly EMI,1110166,MUKTSAR-1110166,Aarav Sharma,Female,26-35,30,1987-02-18,SC,Hindu,RENT,<25K,Business,368,XLG,Trade, 36 months,0.0991,B,B1,MUKTSAR,102-DBS,LUDHIANA,PB,PB,PUNJAB,SRI MUKTSAR SAHIB,1110166,11303-ASHUTOSH KUMAR SUMAN,Medium,2663,32855,2996,17.47,983.89,N,N,0,Late,0,0,1,2018-11-04,1,Nov-2018
ACC001340,377,DHURI,JLG30K,38295,28553,39088,2019-04-08,Default,Monthly EMI,1030063,DHURI-1030063,Ananya Nair,Female,36-45,44,1979-01-29,ST,Sikh,RENT,50K-75K,Self-Employed,638,XLG,Services, 36 months,0.1065,B,B2,DHURI,102-DBS,LUDHIANA,PB,PB,PUNJAB,SANGRUR,1030063,12058-DEEPAK KUMAR,Low,40004,28913,38254,0.4,3897.74,N,N,2,On-Time,0,0,1,2018-12-11,0,Apr-2019
ACC001341,893,CHHATA,JLG30K,31495,10373,3927,2020-09-21,Fully Paid,Monthly EMI,910020,CHHATA-910020,Aditya Joshi,Female,26-35,35,1979-01-29,General,Hindu,RENT,<25K,Business,624,XLG,Services, 36 months,0.1065,B,B2,CHHATA,176-DBS,BULANDSHAHR,UP,UP,UTTAR PRADESH,MATHURA,910020,10047-ANIL KUMAR,High,32108,11469,31330,25.02,4360.2,N,N,2,On-Time,0,0,1,2020-04-02,0,Sep-2020
ACC001342,918,JALANDHAR,JLG44K,29026,41988,33004,2021-08-21,Active,Monthly EMI,160051,JALANDHAR-160051,Kavya Reddy,Female,46-55,49,1979-01-29,Minority,Muslim,RENT,<25K,Salaried,442,XLG,Home Loan, 36 months,0.0662,A,A2,JALANDHAR,102-DBS,LUDHIANA,PB,PB,PUNJAB,JALANDHAR,160051,10067-AKSHAY KUMAR,Low,29088,41897,28963,16.92,1627.58,N,N,1,Late,0,0,1,2021-08-21,1,Aug-2021
ACC001343,522,AGRA,JLG35K,7084,43969,21110,2016-10-04,Default,Quarterly EMI,140056,AGRA-140056,Kavya Verma,Female,36-45,37,1979-01-29,General,Hindu,RENT,<25K,Self-Employed,479,XLG,Trade, 36 months,0.0991,B,B1,AGRA,176-DBS,BULANDSHAHR,UP,UP,UTTAR PRADESH,AGRA,140056,10161-RAM AVTAR,Medium,7699,45243,6932,5.09,1813.13,N,Y,1,On-Time,1,0,1,2016-10-04,1,Oct-2016
ACC001344,307,SHAHDOL,JLG30K,27202,23548,36331,2015-03-09,Paid Off,Quarterly EMI,1550006,SHAHDOL-1550006,Aditya Nair,Female,26-35,28,1979-01-29,ST,Sikh,MORTGAGE,100K+,Self-Employed,816,XLG,Services, 36 months,0.1065,B,B2,SHAHDOL,200-DBS,BHOPAL,MP,MP,MADHYA PRADESH,SHAHDOL,1550006,10021-MAHENDRA PRATAP SINGH,Medium,27753,23269,26738,30.31,2121.31,N,N,2,On-Time,0,0,1,2015-03-09,1,Mar-2015
ACC001345,644,DURGAPUR,JLG35K,45583,13693,31931,2018-11-02,Active,Monthly EMI,700013,DURGAPUR-700013,Meera Chopra,Female,36-45,36,1979-01-29,OBC,Christian,RENT,75K-100K,Self-Employed,419,XLG,Trade, 36 months,0.0991,B,B1,DURGAPUR,201-DBS,HOWRAH,WB,WB,WEST BENGAL,PASCHIM BARDHHAMAN,700013,10037-RAJESH PRATAP,Low,46259,13337,45530,2.64,827.19,N,N,1,On-Time,0,0,1,2016-09-05,0,Nov-2018
ACC001346,144,MAHASAMUND,JLG46K,25061,4881,16949,2019-11-01,Fully Paid,Quarterly EMI,250029,MAHASAMUND-250029,Kavya Verma,Female,26-35,35,1979-01-29,ST,Sikh,RENT,75K-100K,Salaried,516,XLG,Home Loan, 36 months,0.1825,D,D5,MAHASAMUND,207-DBS,RAIPUR,CG,CG,CHATTISGARH,MAHASAMUND,250029,11640-NITISH KUMAR,High,26063,5863,24694,44.44,3465.92,N,N,2,Late,0,0,1,2018-11-29,0,Nov-2019
ACC001347,699,PANIPAT,JLG46K,7049,31750,27552,2018-05-17,Active,Monthly EMI,60004,PANIPAT-60004,Nisha Chopra,Female,26-35,28,1979-01-29,General,Hindu,RENT,<25K,Self-Employed,553,XLG,Home Loan, 36 months,0.1825,D,D5,PANIPAT,206-DBS,KARNAL,HR,HR,HARYANA,PANIPAT,60004,10204-SAIF  ALI,Medium,8944,32080,6882,32.06,2381.11,N,N,1,Late,0,0,1,2015-01-24,0,May-2018
ACC001348,888,HAPUR,JLG30K,20705,46712,5543,2018-03-01,Paid Off,Quarterly EMI,210563,HAPUR-210563,Kavya Mehta,Female,36-45,37,1979-01-29,ST,Hindu,MORTGAGE,75K-100K,Business,414,XLG,Services, 36 months,0.1065,B,B2,HAPUR,176-DBS,BULANDSHAHR,UP,UP,UTTAR PRADESH,HAPUR,210563,10183-RISHABH PANT,Low,21661,46341,20226,45.32,4040.98,N,N,2,Late,0,0,1,2018-03-01,1,Mar-2018
ACC001349,675,Mathura,JLG44K,46925,5649,4354,2023-02-15,Default,Monthly EMI,910182,Mathura-910182,Laksh Reddy,Female,26-35,29,1979-01-29,OBC,Hindu,RENT,75K-100K,Business,311,XLG,Home Loan, 36 months,0.0662,A,A2,Mathura,176-DBS,BULANDSHAHR,UP,UP,UTTAR PRADESH,MATHURA,910182,10469-MANISH  PANDEY,High,48691,5338,46841,46.46,4815.86,N,N,1,Very Late,0,0,1,2021-04-23,0,Feb-2023
ACC001350,293,ASANSOL,JLG30K,21818,6154,7504,2017-01-18,Fully Paid,Monthly EMI,690076,ASANSOL-690076,Laksh Reddy,Female,26-35,31,1979-01-29,SC,Hindu,RENT,25K-50K,Salaried,315,XLG,Services, 36 months,0.1065,B,B2,ASANSOL,201-DBS,HOWRAH,WB,WB,WEST BENGAL,PASCHIM BARDHHAMAN,690076,10035-ABHAY TOMER,Medium,22962,6617,21746,39.34,4319.39,N,N,1,Late,0,0,1,2017-01-18,1,Jan-2017
ACC001351,614,AGRA,JLG30K,7130,33553,38251,2019-08-26,Fully Paid,Quarterly EMI,140056,AGRA-140056,Meera Chopra,Female,36-45,37,1979-01-29,ST,Sikh,RENT,75K-100K,Salaried,373,XLG,Services, 36 months,0.1065,B,B2,AGRA,176-DBS,BULANDSHAHR,UP,UP,UTTAR PRADESH,AGRA,140056,10161-RAM AVTAR,Medium,7357,33340,6909,16.82,2295.18,N,Y,0,On-Time,1,0,1,2019-08-26,1,Aug-2019
ACC001352,166,DHURI,JLG41K,42601,47795,35100,2018-01-11,Fully Paid,Quarterly EMI,1030063,DHURI-1030063,Aditya Reddy,Female,26-35,29,1979-01-29,General,Muslim,RENT,50K-75K,Business,647,XLG,Services, 36 months,0.1465,C,C3,DHURI,102-DBS,LUDHIANA,PB,PB,PUNJAB,SANGRUR,1030063,12058-DEEPAK KUMAR,Low,43916,47656,42129,42.31,463.8,N,N,1,On-Time,0,0,1,2016-08-09,0,Jan-2018
ACC001353,872,AGRA,JLG30K,14311,19964,2973,2021-12-01,Fully Paid,Quarterly EMI,140056,AGRA-140056,Aarav Sharma,Female,26-35,30,1987-02-18,SC,Hindu,RENT,<25K,Business,368,XLG,Services, 36 months,0.1065,B,B2,AGRA,176-DBS,BULANDSHAHR,UP,UP,UTTAR PRADESH,AGRA,140056,10161-RAM AVTAR,Medium,15508,19547,14119,39.86,2815.8,N,N,1,Late,0,0,1,2016-04-13,0,Dec-2021
ACC001354,160,Mathura,JLG35,10017,38283,32295,2017-06-02,Paid Off,Monthly EMI,910182,Mathura-910182,Vivaan Chopra,Female,46-55,49,1979-01-29,General,Muslim,RENT,<25K,Salaried,357,XLG,Home Loan, 60 months,0.1465,C,C3,Mathura,176-DBS,BULANDSHAHR,UP,UP,UTTAR PRADESH,MATHURA,910182,10469-MANISH  PANDEY,High,10052,38971,9536,19.06,4830.38,N,N,2,Late,0,0,1,2016-09-26,0,Jun-2017
ACC001355,12,HAPUR,JLG30K,37839,27763,18033,2023-11-21,Default,Quarterly EMI,210563,HAPUR-210563,Meera Sharma,Female,36-45,45,1979-01-29,OBC,Hindu,OWN,75K-100K,Business,417,XLG,Services, 36 months,0.1065,B,B2,HAPUR,176-DBS,BULANDSHAHR,UP,UP,UTTAR PRADESH,HAPUR,210563,10183-RISHABH PANT,Low,37709,27569,37468,38.33,675.18,N,N,2,On-Time,0,0,1,2017-04-22,0,Nov-2023
ACC001356,342,BEHROR,JLG30K,28755,7105,10031,2016-01-30,Fully Paid,Monthly EMI,30179,BEHROR-30179,Diya Patel,Female,18-25,39,1979-01-29,ST,Sikh,MORTGAGE,<25K,Salaried,476,XLG,Services, 36 months,0.1065,B,B2,BEHROR,301-DBS,JAIPUR,RJ,RJ,RAJASTHAN,BEHROD,30179,10055-MAHESH KUMAR PATEL,Low,29222,7539,28714,48.36,4905.76,N,N,1,On-Time,0,0,1,2016-01-30,1,Jan-2016
ACC001357,906,BEHROR,JLG30K,48905,37446,19936,2021-01-08,Fully Paid,Monthly EMI,30179,BEHROR-30179,Vivaan Verma,Female,46-55,52,1979-01-29,ST,Sikh,RENT,100K+,Salaried,626,XLG,Services, 36 months,0.1065,B,B2,BEHROR,301-DBS,JAIPUR,RJ,RJ,RAJASTHAN,BEHROD,30179,10055-MAHESH KUMAR PATEL,Low,49758,38925,48477,33.09,513.5,N,N,2,On-Time,0,0,1,2015-09-18,0,Jan-2021
ACC001358,983,SANGRUR,JLG35K,26348,16658,41068,2019-01-19,Fully Paid,Quarterly EMI,110159,SANGRUR-110159,Nisha Verma,Female,18-25,22,1979-01-29,ST,Sikh,MORTGAGE,100K+,Salaried,564,XLG,Trade, 36 months,0.0991,B,B1,SANGRUR,102-DBS,LUDHIANA,PB,PB,PUNJAB,SANGRUR,110159,10037-RAJESH PRATAP,Low,27219,16828,26324,29.02,360.59,N,N,2,On-Time,0,0,1,2015-02-28,0,Jan-2019
ACC001359,736,Bardhaman,JLG30K,39433,29549,22827,2018-09-18,Fully Paid,Monthly EMI,610198,Bardhaman-610198,Meera Nair,Female,46-55,50,1979-01-29,ST,Sikh,RENT,25K-50K,Business,664,XLG,Services, 36 months,0.1065,B,B2,Bardhaman,201-DBS,HOWRAH,WB,WB,WEST BENGAL,Barddhaman,610198,10035-ABHAY TOMER,Medium,39811,31098,38977,30.78,1198.24,N,N,2,Late,0,0,1,2018-09-18,1,Sep-2018
ACC001360,706,JALANDHAR,JLG30K,9145,29232,42840,2018-03-19,Paid Off,Monthly EMI,160051,JALANDHAR-160051,Kavya Gupta,Female,36-45,45,1979-01-29,General,Hindu,RENT,75K-100K,Self-Employed,773,XLG,Services, 36 months,0.1065,B,B2,JALANDHAR,102-DBS,LUDHIANA,PB,PB,PUNJAB,JALANDHAR,160051,10067-AKSHAY KUMAR,Low,9215,29699,8897,5.25,4520.77,N,N,0,On-Time,0,0,1,2018-03-19,1,Mar-2018
ACC001361,938,FATEHGARH SAHIB,JLG35K,30997,29021,42226,2022-03-16,Paid Off,Quarterly EMI,120676,FATEHGARH SAHIB-120676,Kavya Malhotra,Female,26-35,34,1979-01-29,ST,Sikh,MORTGAGE,75K-100K,Business,328,XLG,Trade, 36 months,0.0991,B,B1,FATEHGARH SAHIB,102-DBS,LUDHIANA,PB,PB,PUNJAB,FATEHGARH SAHIB,120676,10037-RAJESH PRATAP,Medium,30880,28656,30690,8.64,3707.48,Y,N,0,On-Time,0,1,1,2017-01-08,0,Mar-2022
ACC001362,88,SEHORE,JLG30K,3275,33633,10858,2016-02-29,Paid Off,Monthly EMI,1440051,SEHORE-1440051,Diya Chopra,Female,46-55,49,1979-01-29,General,Hindu,RENT,<25K,Business,572,XLG,Services, 36 months,0.1065,B,B2,SEHORE,200-DBS,BHOPAL,MP,MP,MADHYA PRADESH,SEHORE,1440051,10063-VIR SINGH,High,5177,33730,2781,17.34,3700.24,Y,N,2,On-Time,0,1,1,2016-02-29,1,Feb-2016
ACC001363,737,Mangaldoi,JLG30K,18585,9590,42241,2015-02-28,Paid Off,Quarterly EMI,570241,Mangaldoi-570241,Ananya Sharma,Female,46-55,52,1979-01-29,Minority,Muslim,RENT,<25K,Business,557,XLG,Services, 36 months,0.1065,B,B2,Mangaldoi,208-DBS,GUWAAHATI,AS,AS,ASSAM,Mangaldoi,570241,10961-NAYAN JYOTI SARMAH,Low,20522,9107,18578,41.53,1029.02,N,N,1,On-Time,0,0,1,2015-02-28,1,Feb-2015
ACC001364,504,MAHASAMUND,JLG46K,6996,2088,34355,2022-04-12,Default,Quarterly EMI,250029,MAHASAMUND-250029,Aarav Gupta,Female,26-35,27,1979-01-29,SC,Hindu,OWN,100K+,Salaried,693,XLG,Home Loan, 36 months,0.1825,D,D5,MAHASAMUND,207-DBS,RAIPUR,CG,CG,CHATTISGARH,MAHASAMUND,250029,11640-NITISH KUMAR,High,6785,3452,6561,46.53,2953.1,N,N,1,On-Time,0,0,1,2022-04-12,1,Apr-2022
ACC001365,328,KARNAL,JLG30K,26014,47662,5806,2022-10-02,Paid Off,Quarterly EMI,50678,KARNAL-50678,Nisha Joshi,Female,26-35,35,1979-01-29,ST,Sikh,RENT,<25K,Business,697,XLG,Services, 36 months,0.1065,B,B2,KARNAL,206-DBS,KARNAL,HR,HR,HARYANA,KARNAL,50678,10282-NAIM ALI,Medium,27748,49289,25888,28.58,2932.86,N,N,0,Late,0,0,1,2017-11-06,0,Oct-2022
ACC001366,438,SANGRUR,JLG46K,44167,42599,16287,2015-04-22,Fully Paid,Quarterly EMI,110159,SANGRUR-110159,Laksh Mehta,Female,36-45,44,1975-07-28,General,Muslim,RENT,50K-75K,Salaried,425,XLG,Home Loan, 36 months,0.1825,D,D5,SANGRUR,102-DBS,LUDHIANA,PB,PB,PUNJAB,SANGRUR,110159,10037-RAJESH PRATAP,Low,44001,42674,43861,34.67,4916.77,N,N,1,On-Time,0,0,1,2015-02-20,0,Apr-2015
ACC001367,126,CUTTACK,JLG30K,19971,26675,17321,2021-12-07,Paid Off,Quarterly EMI,630081,CUTTACK-630081,Meera Joshi,Female,46-55,53,1979-01-29,ST,Sikh,RENT,<25K,Salaried,529,XLG,Services, 36 months,0.1065,B,B2,CUTTACK,107-DBS,BHUBANESWAR,OR,OR,ODISHA,CUTTACK,630081,12061-PINAKAPANI KANUNGO,High,21000,26218,19690,17.69,4815.39,N,N,0,On-Time,0,0,1,2021-12-07,1,Dec-2021
ACC001368,518,SHAHDOL,JLG35K,39406,45864,29863,2016-07-17,Paid Off,Monthly EMI,1550006,SHAHDOL-1550006,Vivaan Verma,Female,26-35,34,1985-09-29,ST,Sikh,MORTGAGE,100K+,Self-Employed,469,XLG,Trade, 36 months,0.0991,B,B1,SHAHDOL,200-DBS,BHOPAL,MP,MP,MADHYA PRADESH,SHAHDOL,1550006,10021-MAHENDRA PRATAP SINGH,Medium,39057,45758,38940,31.59,3745.12,N,N,0,On-Time,0,0,1,2015-09-05,0,Jul-2016
ACC001369,981,DURGAPUR,JLG30K,15111,8384,7338,2019-03-24,Fully Paid,Monthly EMI,700013,DURGAPUR-700013,Aditya Joshi,Female,46-55,54,1979-01-29,OBC,Hindu,RENT,50K-75K,Business,357,XLG,Services, 36 months,0.1065,B,B2,DURGAPUR,201-DBS,HOWRAH,WB,WB,WEST BENGAL,PASCHIM BARDHHAMAN,700013,10037-RAJESH PRATAP,Low,15948,9579,14714,11.36,3082.21,N,N,0,Very Late,0,0,1,2017-02-17,0,Mar-2019
ACC001370,68,DHURI,JLG35K,30451,5190,44504,2020-04-16,Active,Monthly EMI,1030063,DHURI-1030063,Kavya Malhotra,Female,36-45,41,1979-01-29,OBC,Hindu,RENT,25K-50K,Salaried,495,XLG,Trade, 36 months,0.0991,B,B1,DHURI,102-DBS,LUDHIANA,PB,PB,PUNJAB,SANGRUR,1030063,12058-DEEPAK KUMAR,Low,30359,5851,30146,12.13,4351.86,N,N,0,On-Time,0,0,1,2018-11-09,0,Apr-2020
ACC001371,77,KARNAL,JLG35K,47630,31807,10827,2021-05-19,Paid Off,Quarterly EMI,50678,KARNAL-50678,Diya Joshi,Female,26-35,34,1979-01-29,OBC,Hindu,RENT,25K-50K,Salaried,756,XLG,Trade, 36 months,0.0991,B,B1,KARNAL,206-DBS,KARNAL,HR,HR,HARYANA,KARNAL,50678,10282-NAIM ALI,Medium,48124,32853,47512,39.23,1248.0,N,N,0,Late,0,0,1,2021-01-15,0,May-2021
ACC001372,623,CUTTACK,JLG30K,5657,37332,11386,2015-04-03,Active,Monthly EMI,630081,CUTTACK-630081,Vivaan Verma,Female,46-55,52,1979-01-29,ST,Sikh,RENT,100K+,Salaried,626,XLG,Services, 36 months,0.1065,B,B2,CUTTACK,107-DBS,BHUBANESWAR,OR,OR,ODISHA,CUTTACK,630081,12061-PINAKAPANI KANUNGO,High,5433,38183,5228,43.96,831.13,N,N,0,On-Time,0,0,1,2015-04-03,1,Apr-2015
ACC001373,80,BEHROR,JLG35K,15627,34046,7870,2023-07-28,Fully Paid,Quarterly EMI,30179,BEHROR-30179,Vivaan Joshi,Female,26-35,33,1986-06-15,SC,Sikh,MORTGAGE,75K-100K,Self-Employed,847,XLG,Trade, 36 months,0.0991,B,B1,BEHROR,301-DBS,JAIPUR,RJ,RJ,RAJASTHAN,BEHROD,30179,10055-MAHESH KUMAR PATEL,Low,17094,34830,15508,26.77,147.58,N,N,0,Very Late,0,0,1,2023-07-28,1,Jul-2023
ACC001374,202,DURGAPUR,JLG50K,20454,32177,32542,2020-04-16,Paid Off,Monthly EMI,700013,DURGAPUR-700013,Ishaan Reddy,Female,26-35,33,1979-01-29,General,Muslim,RENT,<25K,Self-Employed,336,XLG,Home Loan, 60 months,0.1991,E,E4,DURGAPUR,201-DBS,HOWRAH,WB,WB,WEST BENGAL,PASCHIM BARDHHAMAN,700013,10037-RAJESH PRATAP,Low,21430,34119,20224,23.66,343.55,N,Y,1,Late,1,0,1,2020-04-16,1,Apr-2020
ACC001375,44,FATEHGARH SAHIB,JLG30K,12223,30633,39523,2015-03-30,Default,Quarterly EMI,120676,FATEHGARH SAHIB-120676,Nisha Reddy,Female,36-45,44,1979-01-29,OBC,Hindu,MORTGAGE,75K-100K,Business,815,XLG,Services, 36 months,0.1065,B,B2,FATEHGARH SAHIB,102-DBS,LUDHIANA,PB,PB,PUNJAB,FATEHGARH SAHIB,120676,10037-RAJESH PRATAP,Medium,11902,30959,11969,49.45,2815.35,N,N,2,On-Time,0,0,1,2015-03-30,1,Mar-2015
ACC001376,581,FATEHGARH SAHIB,JLG35K,17329,27272,32966,2018-09-14,Fully Paid,Quarterly EMI,120676,FATEHGARH SAHIB-120676,Vivaan Gupta,Female,56-63,57,1979-01-29,General,Muslim,RENT,75K-100K,Business,472,XLG,Trade, 36 months,0.0991,B,B1,FATEHGARH SAHIB,102-DBS,LUDHIANA,PB,PB,PUNJAB,FATEHGARH SAHIB,120676,10037-RAJESH PRATAP,Medium,18740,27392,16854,46.23,4201.37,N,N,2,On-Time,0,0,1,2018-09-14,1,Sep-2018
ACC001377,884,BUXAR,JLG30K,19451,44287,10598,2016-10-06,Paid Off,Quarterly EMI,710002,BUXAR-710002,Aditya Reddy,Female,36-45,38,1979-01-29,ST,Sikh,RENT,75K-100K,Self-Employed,467,XLG,Services, 36 months,0.1065,B,B2,BUXAR,209-DBS,PATNA,BR,BR,BIHAR,BUXAR,710002,10055-MAHESH KUMAR PATEL,Medium,20590,46178,19316,33.2,2469.15,N,N,1,On-Time,0,0,1,2016-10-06,1,Oct-2016
ACC001378,729,CHHATA,JLG30K,15297,35713,6724,2016-01-08,Fully Paid,Monthly EMI,910020,CHHATA-910020,Kavya Mehta,Female,36-45,45,1973-03-14,General,Muslim,OWN,50K-75K,Business,490,XLG,Services, 36 months,0.1065,B,B2,CHHATA,176-DBS,BULANDSHAHR,UP,UP,UTTAR PRADESH,MATHURA,910020,10047-ANIL KUMAR,High,15634,36789,15156,34.21,756.75,N,N,2,On-Time,0,0,1,2016-01-08,1,Jan-2016
ACC001379,429,MODINAGAR,JLG30K,37125,35790,26720,2020-10-19,Paid Off,Quarterly EMI,410521,MODINAGAR-410521,Ishaan Gupta,Female,26-35,28,1979-01-29,SC,Hindu,RENT,100K+,Business,536,XLG,Services, 36 months,0.1065,B,B2,MODINAGAR,176-DBS,BULANDSHAHR,UP,UP,UTTAR PRADESH,MODINAGAR,410521,12116-ANIL KUMAR,Low,38863,37782,36994,42.5,1775.48,N,N,1,Late,0,0,1,2017-09-14,0,Oct-2020
ACC001380,294,Mathura,JLG30K,44600,43711,42389,2015-02-21,Default,Quarterly EMI,910182,Mathura-910182,Kavya Chopra,Female,18-25,23,1979-01-29,General,Hindu,RENT,75K-100K,Business,588,XLG,Services, 36 months,0.1065,B,B2,Mathura,176-DBS,BULANDSHAHR,UP,UP,UTTAR PRADESH,MATHURA,910182,10469-MANISH  PANDEY,High,45337,45105,44332,24.06,1532.01,N,N,2,On-Time,0,0,1,2015-02-21,1,Feb-2015
ACC001381,99,Mangaldoi,JLG35K,12146,23681,7259,2017-11-19,Fully Paid,Monthly EMI,570241,Mangaldoi-570241,Aarav Verma,Female,26-35,33,1979-01-29,ST,Sikh,MORTGAGE,25K-50K,Salaried,754,XLG,Trade, 36 months,0.0991,B,B1,Mangaldoi,208-DBS,GUWAAHATI,AS,AS,ASSAM,Mangaldoi,570241,10961-NAYAN JYOTI SARMAH,Low,12526,24869,12069,17.89,2704.62,N,N,1,On-Time,0,0,1,2017-11-19,1,Nov-2017
ACC001382,998,BULANDSHAHR,JLG30K,48280,46731,29570,2020-12-12,Active,Monthly EMI,10068,BULANDSHAHR-10068,Ananya Patel,Female,36-45,43,1979-01-29,Minority,Muslim,RENT,75K-100K,Salaried,558,XLG,Services, 36 months,0.1065,B,B2,BULANDSHAHR,176-DBS,BULANDSHAHR,UP,UP,UTTAR PRADESH,BULANDSHAHAR,10068,10057-NANDI SHANKAR,High,49097,48139,48001,29.29,739.31,N,N,2,On-Time,0,0,1,2018-04-25,0,Dec-2020
ACC001383,54,MUKTSAR,JLG50K,47359,39010,43486,2017-09-18,Fully Paid,Monthly EMI,1110166,MUKTSAR-1110166,Diya Chopra,Female,26-35,35,1984-03-20,SC,Hindu,RENT,75K-100K,Self-Employed,567,XLG,Home Loan, 60 months,0.1991,E,E4,MUKTSAR,102-DBS,LUDHIANA,PB,PB,PUNJAB,SRI MUKTSAR SAHIB,1110166,11303-ASHUTOSH KUMAR SUMAN,Medium,47936,38986,47327,13.3,649.57,N,N,2,On-Time,0,0,1,2016-07-19,0,Sep-2017
ACC001384,12,ASANSOL,JLG30K,36642,30408,10006,2023-12-05,Paid Off,Monthly EMI,690076,ASANSOL-690076,Meera Sharma,Female,36-45,45,1979-01-29,OBC,Hindu,OWN,75K-100K,Business,417,XLG,Services, 36 months,0.1065,B,B2,ASANSOL,201-DBS,HOWRAH,WB,WB,WEST BENGAL,PASCHIM BARDHHAMAN,690076,10035-ABHAY TOMER,Medium,38428,31898,36458,20.5,1812.48,N,N,1,On-Time,0,0,1,2017-04-22,0,Dec-2023
ACC001385,748,JAMMU,JLG30K,38927,38339,13269,2019-10-20,Fully Paid,Quarterly EMI,720081,JAMMU-720081,Ishaan Mehta,Female,46-55,54,1979-01-29,General,Hindu,MORTGAGE,50K-75K,Business,629,XLG,Services, 36 months,0.1065,B,B2,JAMMU,201-DBS,LUDHIANA,JK,JK,JAMMU & KASHMIR,JAMMU,720081,10588-POONAM DEVI,High,39982,39605,38454,39.71,1631.69,N,N,0,Late,0,0,1,2019-10-20,1,Oct-2019
ACC001386,259,Mathura,JLG50K,30247,14169,6686,2023-07-15,Active,Monthly EMI,910182,Mathura-910182,Diya Joshi,Female,26-35,34,1979-01-29,OBC,Hindu,RENT,25K-50K,Salaried,756,XLG,Home Loan, 60 months,0.1991,E,E4,Mathura,176-DBS,BULANDSHAHR,UP,UP,UTTAR PRADESH,MATHURA,910182,10469-MANISH  PANDEY,High,31567,14326,30060,5.53,1160.52,N,N,1,On-Time,0,0,1,2022-02-13,0,Jul-2023
ACC001387,755,Mangaldoi,JLG50K,17272,44805,33713,2018-08-22,Paid Off,Quarterly EMI,570241,Mangaldoi-570241,Ananya Reddy,Female,26-35,29,1979-01-29,ST,Sikh,RENT,100K+,Salaried,324,XLG,Home Loan, 60 months,0.1991,E,E4,Mangaldoi,208-DBS,GUWAAHATI,AS,AS,ASSAM,Mangaldoi,570241,10961-NAYAN JYOTI SARMAH,Low,18655,45403,17028,41.53,4490.68,Y,N,1,Late,0,1,1,2017-04-23,0,Aug-2018
ACC001388,457,DHARMANAGAR,JLG30K,10778,20519,25814,2020-09-20,Active,Quarterly EMI,1230018,DHARMANAGAR-1230018,Laksh Patel,Female,36-45,44,1974-05-25,ST,Hindu,RENT,<25K,Self-Employed,342,XLG,Services, 36 months,0.1065,B,B2,DHARMANAGAR,303-DBS,GUWAAHATI,TR,TR,TRIPURA,NORTH TRIPURA,1230018,12526-OKRAM AMOLENDU SINGHA,High,12416,21631,10757,14.04,2548.6,N,N,0,Very Late,0,0,1,2016-11-12,0,Sep-2020
ACC001389,857,MAWANA,JLG44K,8583,42317,18036,2017-06-30,Default,Quarterly EMI,800018,MAWANA-800018,Diya Nair,Female,36-45,38,1979-01-29,General,Muslim,MORTGAGE,75K-100K,Self-Employed,668,XLG,Home Loan, 36 months,0.0662,A,A2,MAWANA,176-DBS,BULANDSHAHR,UP,UP,UTTAR PRADESH,MEERUT,800018,11183-ANIL KUMAR,Medium,8837,43034,8582,5.02,1405.59,N,N,0,Late,0,0,1,2017-06-30,1,Jun-2017
ACC001390,700,DHURI,JLG30K,8643,3563,41889,2021-05-03,Active,Monthly EMI,1030063,DHURI-1030063,Kavya Mehta,Female,26-35,31,1979-01-29,ST,Muslim,RENT,<25K,Self-Employed,466,XLG,Services, 36 months,0.1065,B,B2,DHURI,102-DBS,LUDHIANA,PB,PB,PUNJAB,SANGRUR,1030063,12058-DEEPAK KUMAR,Low,9444,3533,8172,9.14,2035.97,N,N,1,Late,0,0,1,2018-03-06,0,May-2021
ACC001391,30,MUKTSAR,JLG30K,17584,24347,39928,2017-11-15,Paid Off,Quarterly EMI,1110166,MUKTSAR-1110166,Vivaan Gupta,Female,36-45,38,1979-01-29,General,Hindu,MORTGAGE,75K-100K,Business,517,XLG,Services, 36 months,0.1065,B,B2,MUKTSAR,102-DBS,LUDHIANA,PB,PB,PUNJAB,SRI MUKTSAR SAHIB,1110166,11303-ASHUTOSH KUMAR SUMAN,Medium,18083,25330,17154,0.62,2412.12,Y,N,2,Very Late,0,1,1,2016-05-04,0,Nov-2017
ACC001392,697,BILASPUR,JLG30K,4857,9960,26997,2023-11-09,Active,Monthly EMI,240005,BILASPUR-240005,Kavya Mehta,Female,18-25,23,1979-01-29,ST,Sikh,MORTGAGE,50K-75K,Salaried,443,XLG,Services, 36 months,0.1065,B,B2,BILASPUR,207-DBS,RAIPUR,CG,CG,CHATTISGARH,BILASPUR,240005,10886-MANISH KUMAR DWIVEDI,Low,5321,11834,4563,49.7,689.05,N,N,0,Late,0,0,1,2021-08-26,0,Nov-2023
ACC001393,135,JAMMU,JLG30K,2111,22380,34483,2017-01-11,Active,Monthly EMI,720081,JAMMU-720081,Meera Verma,Female,26-35,34,1979-01-29,ST,Sikh,RENT,100K+,Self-Employed,464,XLG,Services, 36 months,0.1065,B,B2,JAMMU,201-DBS,LUDHIANA,JK,JK,JAMMU & KASHMIR,JAMMU,720081,10588-POONAM DEVI,High,2708,22838,1864,10.83,2361.6,N,N,0,Late,0,0,1,2015-05-28,0,Jan-2017
ACC001394,481,ASANSOL,JLG30K,33254,38502,15820,2015-06-17,Default,Monthly EMI,690076,ASANSOL-690076,Vivaan Joshi,Female,26-35,29,1979-01-29,Minority,Hindu,MORTGAGE,75K-100K,Business,395,XLG,Services, 36 months,0.1065,B,B2,ASANSOL,201-DBS,HOWRAH,WB,WB,WEST BENGAL,PASCHIM BARDHHAMAN,690076,10035-ABHAY TOMER,Medium,35043,38730,32949,37.01,1779.57,N,N,1,On-Time,0,0,1,2015-06-17,1,Jun-2015
ACC001395,316,MUKTSAR,JLG30K,7921,2080,10155,2017-07-23,Paid Off,Monthly EMI,1110166,MUKTSAR-1110166,Ishaan Malhotra,Female,18-25,22,1979-01-29,OBC,Hindu,RENT,75K-100K,Salaried,679,XLG,Services, 36 months,0.1065,B,B2,MUKTSAR,102-DBS,LUDHIANA,PB,PB,PUNJAB,SRI MUKTSAR SAHIB,1110166,11303-ASHUTOSH KUMAR SUMAN,Medium,8701,3374,7832,5.27,4729.49,N,N,2,On-Time,0,0,1,2017-07-23,1,Jul-2017
ACC001396,643,FATEHGARH SAHIB,JLG30K,2728,8830,33542,2019-10-20,Fully Paid,Quarterly EMI,120676,FATEHGARH SAHIB-120676,Ananya Sharma,Female,46-55,52,1979-01-29,Minority,Muslim,RENT,<25K,Business,557,XLG,Services, 36 months,0.1065,B,B2,FATEHGARH SAHIB,102-DBS,LUDHIANA,PB,PB,PUNJAB,FATEHGARH SAHIB,120676,10037-RAJESH PRATAP,Medium,2814,8648,2586,5.78,1209.59,N,N,1,On-Time,0,0,1,2015-02-02,0,Oct-2019
ACC001397,323,CHHAPRA,JLG30K,16322,10999,25300,2021-02-18,Active,Monthly EMI,380112,CHHAPRA-380112,Nisha Patel,Female,36-45,41,1979-01-29,General,Hindu,RENT,100K+,Salaried,399,XLG,Services, 36 months,0.1065,B,B2,CHHAPRA,209-DBS,PATNA,BR,BR,BIHAR,CHHAPRA,380112,11867-VIKRANT KUMAR VICKY,High,17416,12390,15949,23.21,1701.23,N,N,1,Late,0,0,1,2015-10-28,0,Feb-2021
ACC001398,864,BEHROR,JLG30K,27213,32951,13735,2016-01-15,Fully Paid,Quarterly EMI,30179,BEHROR-30179,Aditya Patel,Female,26-35,27,1979-01-29,ST,Sikh,MORTGAGE,75K-100K,Salaried,600,XLG,Services, 36 months,0.1065,B,B2,BEHROR,301-DBS,JAIPUR,RJ,RJ,RAJASTHAN,BEHROD,30179,10055-MAHESH KUMAR PATEL,Low,27270,34556,27190,0.79,4607.38,N,N,2,On-Time,0,0,1,2016-01-15,1,Jan-2016
ACC001399,139,BEHROR,JLG30K,17994,37027,3377,2019-07-19,Fully Paid,Monthly EMI,30179,BEHROR-30179,Meera Nair,Female,46-55,50,1979-01-29,ST,Sikh,RENT,25K-50K,Business,664,XLG,Services, 36 months,0.1065,B,B2,BEHROR,301-DBS,JAIPUR,RJ,RJ,RAJASTHAN,BEHROD,30179,10055-MAHESH KUMAR PATEL,Low,18407,36544,17779,21.76,1115.71,N,N,1,On-Time,0,0,1,2019-07-19,1,Jul-2019
ACC001400,287,MUKTSAR,JLG35K,39131,11523,13538,2022-10-12,Active,Monthly EMI,1110166,MUKTSAR-1110166,Kavya Reddy,Female,56-63,59,1979-01-29,General,Muslim,RENT,50K-75K,Salaried,775,XLG,Trade, 36 months,0.0991,B,B1,MUKTSAR,102-DBS,LUDHIANA,PB,PB,PUNJAB,SRI MUKTSAR SAHIB,1110166,11303-ASHUTOSH KUMAR SUMAN,Medium,39360,12344,39105,37.48,3479.32,N,N,1,On-Time,0,0,1,2016-01-23,0,Oct-2022
ACC001401,676,MAWANA,JLG30K,30815,45733,21216,2020-04-07,Paid Off,Quarterly EMI,800018,MAWANA-800018,Meera Gupta,Female,46-55,47,1979-01-29,Minority,Muslim,MORTGAGE,25K-50K,Self-Employed,346,XLG,Services, 36 months,0.1065,B,B2,MAWANA,176-DBS,BULANDSHAHR,UP,UP,UTTAR PRADESH,MEERUT,800018,11183-ANIL KUMAR,Medium,32764,46821,30663,33.7,1127.18,N,N,2,On-Time,0,0,1,2015-09-25,0,Apr-2020
ACC001402,441,DURGAPUR,JLG46K,29174,33256,6137,2021-03-21,Active,Quarterly EMI,700013,DURGAPUR-700013,Diya Sharma,Female,26-35,34,1979-01-29,ST,Sikh,MORTGAGE,100K+,Self-Employed,341,XLG,Home Loan, 36 months,0.1825,D,D5,DURGAPUR,201-DBS,HOWRAH,WB,WB,WEST BENGAL,PASCHIM BARDHHAMAN,700013,10037-RAJESH PRATAP,Low,28992,34329,29030,27.75,1882.33,N,N,2,On-Time,0,0,1,2016-11-24,0,Mar-2021
ACC001403,683,BEHROR,JLG30K,41518,28276,6975,2016-11-02,Paid Off,Quarterly EMI,30179,BEHROR-30179,Ananya Reddy,Female,26-35,29,1979-01-29,ST,Sikh,RENT,100K+,Salaried,324,XLG,Services, 36 months,0.1065,B,B2,BEHROR,301-DBS,JAIPUR,RJ,RJ,RAJASTHAN,BEHROD,30179,10055-MAHESH KUMAR PATEL,Low,41098,27854,41249,44.43,4700.28,N,Y,2,On-Time,1,0,1,2016-02-27,0,Nov-2016
ACC001404,200,BEHROR,JLG35K,45711,17244,36979,2021-05-31,Default,Monthly EMI,30179,BEHROR-30179,Laksh Sharma,Female,26-35,31,1979-01-29,SC,Hindu,RENT,100K+,Self-Employed,672,XLG,Trade, 36 months,0.0991,B,B1,BEHROR,301-DBS,JAIPUR,RJ,RJ,RAJASTHAN,BEHROD,30179,10055-MAHESH KUMAR PATEL,Low,47354,18782,45582,15.2,2309.32,N,N,1,Very Late,0,0,1,2015-02-01,0,May-2021
ACC001405,634,SEHORE,JLG30K,30326,9575,18878,2021-01-23,Paid Off,Monthly EMI,1440051,SEHORE-1440051,Kavya Chopra,Female,18-25,23,1979-01-29,General,Hindu,RENT,75K-100K,Business,588,XLG,Services, 36 months,0.1065,B,B2,SEHORE,200-DBS,BHOPAL,MP,MP,MADHYA PRADESH,SEHORE,1440051,10063-VIR SINGH,High,32234,10086,29863,42.31,2908.36,N,N,0,Late,0,0,1,2021-01-23,1,Jan-2021
ACC001406,375,GUWAHATI,JLG29K,33647,41179,16122,2023-11-04,Fully Paid,Monthly EMI,560090,GUWAHATI-560090,Diya Chopra,Female,26-35,35,1984-03-20,SC,Hindu,RENT,75K-100K,Self-Employed,567,XLG,Trade, 60 months,0.1727,D,D3,GUWAHATI,208-DBS,GUWAAHATI,AS,AS,ASSAM,Guwahati,560090,11955-LEKHAN KONWAR,Medium,35524,41722,33324,16.9,690.31,N,N,2,On-Time,0,0,1,2017-06-07,0,Nov-2023
ACC001407,265,BEHROR,JLG35K,35982,3646,27632,2015-07-11,Fully Paid,Quarterly EMI,30179,BEHROR-30179,Meera Joshi,Female,46-55,53,1979-01-29,ST,Sikh,RENT,<25K,Salaried,529,XLG,Trade, 36 months,0.0991,B,B1,BEHROR,301-DBS,JAIPUR,RJ,RJ,RAJASTHAN,BEHROD,30179,10055-MAHESH KUMAR PATEL,Low,35825,4275,35940,29.54,4779.2,Y,N,1,Late,0,1,1,2015-07-11,1,Jul-2015
ACC001408,833,BEHROR,JLG35K,5532,3282,42878,2016-10-21,Fully Paid,Quarterly EMI,30179,BEHROR-30179,Nisha Verma,Female,18-25,22,1979-01-29,ST,Sikh,MORTGAGE,100K+,Salaried,564,XLG,Trade, 36 months,0.0991,B,B1,BEHROR,301-DBS,JAIPUR,RJ,RJ,RAJASTHAN,BEHROD,30179,10055-MAHESH KUMAR PATEL,Low,7381,3043,5458,10.03,2350.14,N,N,0,On-Time,0,0,1,2016-10-21,1,Oct-2016
ACC001409,794,BEHROR,JLG30K,10897,14123,43306,2020-07-07,Fully Paid,Monthly EMI,30179,BEHROR-30179,Kavya Gupta,Female,36-45,43,1979-01-29,Minority,Muslim,RENT,<25K,Self-Employed,528,XLG,Services, 36 months,0.1065,B,B2,BEHROR,301-DBS,JAIPUR,RJ,RJ,RAJASTHAN,BEHROD,30179,10055-MAHESH KUMAR PATEL,Low,11991,14490,10861,28.13,2967.58,N,N,2,On-Time,0,0,1,2020-07-07,1,Jul-2020
ACC001410,249,CUTTACK,JLG30K,27720,38689,9760,2022-10-05,Paid Off,Monthly EMI,630081,CUTTACK-630081,Meera Chopra,Female,46-55,50,1979-01-29,SC,Hindu,RENT,75K-100K,Salaried,726,XLG,Services, 36 months,0.1065,B,B2,CUTTACK,107-DBS,BHUBANESWAR,OR,OR,ODISHA,CUTTACK,630081,12061-PINAKAPANI KANUNGO,High,29489,40558,27698,34.16,2417.21,N,N,2,Late,0,0,1,2018-08-30,0,Oct-2022
ACC001411,524,DURGAPUR,JLG40K,2315,41949,39561,2016-10-24,Paid Off,Monthly EMI,700013,DURGAPUR-700013,Meera Sharma,Female,18-25,22,1995-12-14,General,Hindu,RENT,<25K,Salaried,346,XLG,Services, 36 months,0.1727,D,D3,DURGAPUR,201-DBS,HOWRAH,WB,WB,WEST BENGAL,PASCHIM BARDHHAMAN,700013,10037-RAJESH PRATAP,Low,2529,42879,2227,18.46,2679.42,N,N,0,Very Late,0,0,1,2015-06-17,0,Oct-2016
ACC001412,638,DHURI,JLG30K,20124,10010,41999,2021-04-18,Active,Quarterly EMI,1030063,DHURI-1030063,Vivaan Gupta,Female,56-63,57,1979-01-29,General,Muslim,RENT,75K-100K,Business,472,XLG,Services, 36 months,0.1065,B,B2,DHURI,102-DBS,LUDHIANA,PB,PB,PUNJAB,SANGRUR,1030063,12058-DEEPAK KUMAR,Low,21369,10691,19835,26.73,3438.48,N,N,1,On-Time,0,0,1,2017-08-13,0,Apr-2021
ACC001413,679,JORHAT,JLG30K,39193,44998,37964,2016-11-16,Fully Paid,Quarterly EMI,850152,JORHAT-850152,Aditya Reddy,Female,36-45,38,1979-01-29,ST,Sikh,RENT,75K-100K,Self-Employed,467,XLG,Services, 36 months,0.1065,B,B2,JORHAT,208-DBS,GUWAAHATI,AS,AS,ASSAM,JORHAT,850152,10961-NAYAN JYOTI SARMAH,High,39274,46012,38830,41.69,3067.26,N,N,1,On-Time,0,0,1,2016-11-16,1,Nov-2016
ACC001414,1000,PAOTA,JLG35K,25853,6282,39051,2020-11-28,Active,Monthly EMI,90149,PAOTA-90149,Meera Gupta,Female,46-55,55,1979-01-29,ST,Christian,RENT,100K+,Business,773,XLG,Trade, 36 months,0.0991,B,B1,PAOTA,301-DBS,JAIPUR,RJ,RJ,RAJASTHAN,jaipur,90149,10043-RAVI MISHRA,Low,26518,7122,25477,35.36,4722.83,N,N,2,Late,0,0,1,2018-05-10,0,Nov-2020
ACC001415,433,DHURI,JLG30K,38050,38433,11163,2020-07-02,Paid Off,Monthly EMI,1030063,DHURI-1030063,Vivaan Reddy,Female,36-45,37,1979-01-29,OBC,Hindu,RENT,25K-50K,Salaried,426,XLG,Services, 36 months,0.1065,B,B2,DHURI,102-DBS,LUDHIANA,PB,PB,PUNJAB,SANGRUR,1030063,12058-DEEPAK KUMAR,Low,38409,40408,37629,4.21,2959.73,N,N,2,Very Late,0,0,1,2015-08-18,0,Jul-2020
ACC001416,883,MUKTSAR,JLG35K,46039,30258,20151,2015-08-29,Active,Monthly EMI,1110166,MUKTSAR-1110166,Laksh Sharma,Female,26-35,31,1979-01-29,SC,Hindu,RENT,100K+,Self-Employed,672,XLG,Trade, 36 months,0.0991,B,B1,MUKTSAR,102-DBS,LUDHIANA,PB,PB,PUNJAB,SRI MUKTSAR SAHIB,1110166,11303-ASHUTOSH KUMAR SUMAN,Medium,47433,30249,45925,1.68,4475.13,N,N,0,On-Time,0,0,1,2015-08-29,1,Aug-2015
ACC001417,374,DHURI,JLG30K,17950,40359,8977,2020-11-19,Paid Off,Monthly EMI,1030063,DHURI-1030063,Ishaan Reddy,Female,26-35,33,1979-01-29,General,Muslim,RENT,<25K,Self-Employed,336,XLG,Services, 36 months,0.1065,B,B2,DHURI,102-DBS,LUDHIANA,PB,PB,PUNJAB,SANGRUR,1030063,12058-DEEPAK KUMAR,Low,18141,40044,17502,35.87,3031.9,N,N,2,On-Time,0,0,1,2017-08-01,0,Nov-2020
ACC001418,550,SANGRUR,JLG35K,33738,26525,34150,2016-10-29,Fully Paid,Quarterly EMI,110159,SANGRUR-110159,Laksh Patel,Female,46-55,46,1979-01-29,General,Hindu,RENT,50K-75K,Business,467,XLG,Trade, 36 months,0.0991,B,B1,SANGRUR,102-DBS,LUDHIANA,PB,PB,PUNJAB,SANGRUR,110159,10037-RAJESH PRATAP,Low,33295,27986,33347,40.24,4074.08,N,Y,2,On-Time,1,0,1,2016-10-29,1,Oct-2016
ACC001419,832,BEHROR,JLG30K,11284,5866,19685,2017-11-18,Active,Monthly EMI,30179,BEHROR-30179,Laksh Nair,Female,46-55,51,1979-01-29,General,Muslim,RENT,<25K,Salaried,338,XLG,Services, 36 months,0.1065,B,B2,BEHROR,301-DBS,JAIPUR,RJ,RJ,RAJASTHAN,BEHROD,30179,10055-MAHESH KUMAR PATEL,Low,11196,7791,10922,11.81,1260.03,N,N,0,On-Time,0,0,1,2016-09-04,0,Nov-2017
ACC001420,467,PAOTA,JLG30K,48069,5150,38024,2021-12-14,Active,Quarterly EMI,90149,PAOTA-90149,Nisha Verma,Female,18-25,24,1979-01-29,ST,Sikh,RENT,<25K,Salaried,443,XLG,Services, 36 months,0.1065,B,B2,PAOTA,301-DBS,JAIPUR,RJ,RJ,RAJASTHAN,jaipur,90149,10043-RAVI MISHRA,Low,48253,4963,47855,6.69,1725.57,N,N,0,Very Late,0,0,1,2015-12-31,0,Dec-2021
ACC001421,170,CHHAPRA,JLG46K,38986,21049,35419,2023-09-04,Active,Quarterly EMI,380112,CHHAPRA-380112,Laksh Gupta,Female,36-45,36,1979-01-29,General,Muslim,OWN,<25K,Business,807,XLG,Home Loan, 36 months,0.1825,D,D5,CHHAPRA,209-DBS,PATNA,BR,BR,BIHAR,CHHAPRA,380112,11867-VIKRANT KUMAR VICKY,High,39912,22625,38821,3.62,4289.43,N,N,1,Late,0,0,1,2017-11-28,0,Sep-2023
ACC001422,295,CHHATA,JLG30K,44978,28650,8872,2016-01-07,Fully Paid,Quarterly EMI,910020,CHHATA-910020,Vivaan Joshi,Female,26-35,29,1979-01-29,Minority,Hindu,MORTGAGE,75K-100K,Business,395,XLG,Services, 36 months,0.1065,B,B2,CHHATA,176-DBS,BULANDSHAHR,UP,UP,UTTAR PRADESH,MATHURA,910020,10047-ANIL KUMAR,High,45962,30217,44611,45.09,1870.0,N,N,1,On-Time,0,0,1,2016-01-07,1,Jan-2016
ACC001423,379,DURGAPUR,JLG30K,11386,15369,9721,2020-09-05,Paid Off,Monthly EMI,700013,DURGAPUR-700013,Nisha Joshi,Female,26-35,35,1979-01-29,ST,Sikh,RENT,<25K,Business,697,XLG,Services, 36 months,0.1065,B,B2,DURGAPUR,201-DBS,HOWRAH,WB,WB,WEST BENGAL,PASCHIM BARDHHAMAN,700013,10037-RAJESH PRATAP,Low,11858,16595,10977,25.54,4172.32,N,N,2,On-Time,0,0,1,2019-04-02,0,Sep-2020
ACC001424,680,TEZPUR,JLG35K,19048,13063,43081,2023-04-18,Paid Off,Quarterly EMI,680026,TEZPUR-680026,Diya Joshi,Female,26-35,34,1979-01-29,OBC,Hindu,RENT,25K-50K,Salaried,756,XLG,Trade, 36 months,0.0991,B,B1,TEZPUR,208-DBS,GUWAAHATI,AS,AS,ASSAM,SONITPUR,680026,11055-MANAS PROTIM HAZARIKA,Medium,18638,14569,18789,43.14,1486.81,N,N,0,On-Time,0,0,1,2021-05-20,0,Apr-2023
ACC001425,746,Mangaldoi,JLG30K,9951,12378,38120,2018-05-06,Paid Off,Quarterly EMI,570241,Mangaldoi-570241,Kavya Chopra,Female,36-45,36,1979-01-29,Minority,Muslim,RENT,75K-100K,Self-Employed,307,XLG,Services, 36 months,0.1065,B,B2,Mangaldoi,208-DBS,GUWAAHATI,AS,AS,ASSAM,Mangaldoi,570241,10961-NAYAN JYOTI SARMAH,Low,11806,14230,9460,44.27,4386.19,N,N,0,Very Late,0,0,1,2017-08-25,0,May-2018
ACC001426,221,Mangaldoi,JLG35K,18313,13092,19577,2015-03-04,Fully Paid,Quarterly EMI,570241,Mangaldoi-570241,Aarav Verma,Female,26-35,33,1979-01-29,ST,Sikh,MORTGAGE,25K-50K,Salaried,754,XLG,Trade, 36 months,0.0991,B,B1,Mangaldoi,208-DBS,GUWAAHATI,AS,AS,ASSAM,Mangaldoi,570241,10961-NAYAN JYOTI SARMAH,Low,17882,14164,18261,4.47,2109.79,N,N,2,Late,0,0,1,2015-03-04,1,Mar-2015
ACC001427,810,Mathura,JLG30K,7378,15834,33587,2017-09-10,Fully Paid,Quarterly EMI,910182,Mathura-910182,Aarav Malhotra,Female,46-55,53,1979-01-29,Minority,Muslim,RENT,25K-50K,Business,812,XLG,Services, 36 months,0.1065,B,B2,Mathura,176-DBS,BULANDSHAHR,UP,UP,UTTAR PRADESH,MATHURA,910182,10469-MANISH  PANDEY,High,7371,15557,6985,10.98,1353.38,N,N,2,On-Time,0,0,1,2017-09-10,1,Sep-2017
ACC001428,264,Mangaldoi,JLG30K,9987,16573,5525,2021-04-10,Fully Paid,Monthly EMI,570241,Mangaldoi-570241,Kavya Sharma,Female,36-45,42,1975-08-16,General,Hindu,MORTGAGE,50K-75K,Salaried,393,XLG,Services, 36 months,0.1065,B,B2,Mangaldoi,208-DBS,GUWAAHATI,AS,AS,ASSAM,Mangaldoi,570241,10961-NAYAN JYOTI SARMAH,Low,10223,17569,9747,11.31,278.24,N,N,2,Late,0,0,1,2021-04-10,1,Apr-2021
ACC001429,605,MADHUBANI,JLG35K,18116,40226,44104,2023-09-08,Default,Monthly EMI,1140044,MADHUBANI-1140044,Aarav Malhotra,Female,46-55,47,1979-01-29,Minority,Muslim,RENT,<25K,Salaried,526,XLG,Trade, 36 months,0.0991,B,B1,MADHUBANI,209-DBS,PATNA,BR,BR,BIHAR,MADHUBANI,1140044,10514-MANISH KUMAR MISHRA,Medium,19045,40622,17839,4.44,303.4,N,N,2,On-Time,0,0,1,2021-05-28,0,Sep-2023
ACC001430,724,BEHROR,JLG35K,22613,2067,33819,2017-08-09,Paid Off,Quarterly EMI,30179,BEHROR-30179,Laksh Reddy,Female,26-35,29,1979-01-29,OBC,Hindu,RENT,75K-100K,Business,311,XLG,Trade, 36 months,0.0991,B,B1,BEHROR,301-DBS,JAIPUR,RJ,RJ,RAJASTHAN,BEHROD,30179,10055-MAHESH KUMAR PATEL,Low,23943,2944,22367,21.7,3185.03,N,N,2,On-Time,0,0,1,2017-08-09,1,Aug-2017
ACC001431,677,AGRA,JLG30K,17545,46737,2654,2022-11-07,Default,Monthly EMI,140056,AGRA-140056,Laksh Patel,Female,26-35,28,1979-01-29,SC,Hindu,MORTGAGE,75K-100K,Business,844,XLG,Services, 36 months,0.1065,B,B2,AGRA,176-DBS,BULANDSHAHR,UP,UP,UTTAR PRADESH,AGRA,140056,10161-RAM AVTAR,Medium,17934,47959,17436,7.18,3107.38,N,N,1,On-Time,0,0,1,2015-05-16,0,Nov-2022
ACC001432,909,SANGRUR,JLG30K,23432,47902,33806,2019-08-27,Fully Paid,Quarterly EMI,110159,SANGRUR-110159,Ananya Mehta,Female,26-35,30,1979-01-29,ST,Sikh,RENT,75K-100K,Business,783,XLG,Services, 36 months,0.1065,B,B2,SANGRUR,102-DBS,LUDHIANA,PB,PB,PUNJAB,SANGRUR,110159,10037-RAJESH PRATAP,Low,24376,49737,23270,40.18,1604.24,N,N,2,On-Time,0,0,1,2019-05-28,0,Aug-2019
ACC001433,858,JORHAT,JLG30K,46179,22367,30041,2015-08-26,Active,Monthly EMI,850152,JORHAT-850152,Diya Mehta,Female,36-45,38,1979-01-29,ST,Sikh,MORTGAGE,25K-50K,Business,308,XLG,Services, 36 months,0.1065,B,B2,JORHAT,208-DBS,GUWAAHATI,AS,AS,ASSAM,JORHAT,850152,10961-NAYAN JYOTI SARMAH,High,47721,22011,45807,37.51,262.23,N,N,2,On-Time,0,0,1,2015-05-21,0,Aug-2015
ACC001434,373,Mathura,JLG35K,34539,11249,10773,2022-07-28,Default,Quarterly EMI,910182,Mathura-910182,Meera Gupta,Female,26-35,29,1979-01-29,ST,Sikh,RENT,75K-100K,Self-Employed,369,XLG,Trade, 36 months,0.0991,B,B1,Mathura,176-DBS,BULANDSHAHR,UP,UP,UTTAR PRADESH,MATHURA,910182,10469-MANISH  PANDEY,High,35359,11980,34418,6.34,4380.52,N,N,2,Late,0,0,1,2016-03-16,0,Jul-2022
ACC001435,830,CHHATA,JLG45K,7447,33338,14107,2023-06-11,Fully Paid,Monthly EMI,910020,CHHATA-910020,Ananya Sharma,Female,46-55,52,1979-01-29,Minority,Muslim,RENT,<25K,Business,557,XLG,Agriculture, 36 months,0.0751,A,A3,CHHATA,176-DBS,BULANDSHAHR,UP,UP,UTTAR PRADESH,MATHURA,910020,10047-ANIL KUMAR,High,9092,34825,7170,36.83,238.26,Y,N,1,Very Late,0,1,1,2017-11-18,0,Jun-2023
ACC001436,326,KURUKSHETRA,JLG30K,31558,15790,20444,2018-02-24,Default,Quarterly EMI,70364,KURUKSHETRA-70364,Ananya Nair,Female,36-45,44,1979-01-29,ST,Sikh,RENT,50K-75K,Self-Employed,638,XLG,Services, 36 months,0.1065,B,B2,KURUKSHETRA,206-DBS,KARNAL,HR,HR,HARYANA,KURUKSHETRA,70364,10028-AAYUSH PANDEY,Medium,31290,16663,31218,45.49,819.71,N,N,0,On-Time,0,0,1,2017-09-25,0,Feb-2018
ACC001437,966,SIRSA,JLG35K,27021,23444,12260,2018-05-31,Paid Off,Monthly EMI,730084,SIRSA-730084,Aarav Malhotra,Female,46-55,46,1979-01-29,Minority,Muslim,MORTGAGE,100K+,Salaried,604,XLG,Trade, 36 months,0.0991,B,B1,SIRSA,206-DBS,KARNAL,HR,HR,HARYANA,SIRSA,730084,10149-ABHISHEK MAURYA,Medium,27829,23827,26997,15.74,1848.4,N,N,0,On-Time,0,0,1,2018-05-31,1,May-2018
ACC001438,535,FATEHGARH SAHIB,JLG30K,27224,18219,21849,2020-09-11,Default,Monthly EMI,120676,FATEHGARH SAHIB-120676,Nisha Joshi,Female,46-55,48,1979-01-29,General,Hindu,MORTGAGE,50K-75K,Business,657,XLG,Services, 36 months,0.1065,B,B2,FATEHGARH SAHIB,102-DBS,LUDHIANA,PB,PB,PUNJAB,FATEHGARH SAHIB,120676,10037-RAJESH PRATAP,Medium,27493,17831,27096,25.58,4976.99,N,N,2,On-Time,0,0,1,2020-09-11,1,Sep-2020
ACC001439,105,FATEHGARH SAHIB,JLG30K,35872,15035,13573,2019-08-17,Active,Quarterly EMI,120676,FATEHGARH SAHIB-120676,Ananya Mehta,Female,36-45,38,1979-01-29,ST,Sikh,RENT,25K-50K,Salaried,398,XLG,Services, 36 months,0.1065,B,B2,FATEHGARH SAHIB,102-DBS,LUDHIANA,PB,PB,PUNJAB,FATEHGARH SAHIB,120676,10037-RAJESH PRATAP,Medium,35642,14612,35378,15.94,2028.75,N,Y,0,On-Time,1,0,1,2017-05-03,0,Aug-2019
ACC001440,254,DHURI,JLG40K,44525,5511,37032,2021-07-04,Fully Paid,Quarterly EMI,1030063,DHURI-1030063,Laksh Patel,Female,26-35,28,1979-01-29,SC,Hindu,MORTGAGE,75K-100K,Business,844,XLG,Services, 36 months,0.1727,D,D3,DHURI,102-DBS,LUDHIANA,PB,PB,PUNJAB,SANGRUR,1030063,12058-DEEPAK KUMAR,Low,45064,6998,44098,47.85,3379.46,N,N,1,On-Time,0,0,1,2015-07-07,0,Jul-2021
ACC001441,69,PATIALA,JLG30K,29859,27127,15078,2021-10-08,Active,Monthly EMI,100186,PATIALA-100186,Nisha Patel,Female,18-25,21,1979-01-29,General,Hindu,RENT,25K-50K,Salaried,800,XLG,Services, 36 months,0.1065,B,B2,PATIALA,102-DBS,LUDHIANA,PB,PB,PUNJAB,PATIALA,100186,10420-MUNENDRA  SINGH,Medium,31798,28718,29522,30.35,3434.23,N,N,2,On-Time,0,0,1,2016-03-27,0,Oct-2021
ACC001442,918,JAMMU,JLG35K,15303,8092,19544,2023-09-27,Fully Paid,Monthly EMI,720081,JAMMU-720081,Kavya Reddy,Female,46-55,49,1979-01-29,Minority,Muslim,RENT,<25K,Salaried,442,XLG,Trade, 36 months,0.0991,B,B1,JAMMU,201-DBS,LUDHIANA,JK,JK,JAMMU & KASHMIR,JAMMU,720081,10588-POONAM DEVI,High,14835,9129,15167,5.9,1803.45,Y,N,1,Late,0,1,1,2021-08-21,0,Sep-2023
ACC001443,155,Mathura,JLG35K,40448,27871,33404,2021-09-19,Active,Monthly EMI,910182,Mathura-910182,Laksh Nair,Female,46-55,51,1979-01-29,General,Muslim,RENT,<25K,Salaried,338,XLG,Trade, 36 months,0.0991,B,B1,Mathura,176-DBS,BULANDSHAHR,UP,UP,UTTAR PRADESH,MATHURA,910182,10469-MANISH  PANDEY,High,40713,28033,40102,10.82,1327.59,N,N,1,On-Time,0,0,1,2021-05-07,0,Sep-2021
ACC001444,761,Mangaldoi,JLG30K,32621,6975,8583,2017-09-26,Paid Off,Monthly EMI,570241,Mangaldoi-570241,Kavya Chopra,Female,36-45,43,1979-01-29,General,Muslim,OWN,100K+,Business,300,XLG,Services, 36 months,0.1065,B,B2,Mangaldoi,208-DBS,GUWAAHATI,AS,AS,ASSAM,Mangaldoi,570241,10961-NAYAN JYOTI SARMAH,Low,32827,6866,32157,3.04,4601.75,Y,N,0,On-Time,0,1,1,2017-09-26,1,Sep-2017
ACC001445,379,MUKTSAR,JLG30K,13631,44489,34160,2023-10-14,Paid Off,Quarterly EMI,1110166,MUKTSAR-1110166,Nisha Joshi,Female,26-35,35,1979-01-29,ST,Sikh,RENT,<25K,Business,697,XLG,Services, 36 months,0.1065,B,B2,MUKTSAR,102-DBS,LUDHIANA,PB,PB,PUNJAB,SRI MUKTSAR SAHIB,1110166,11303-ASHUTOSH KUMAR SUMAN,Medium,13863,45528,13266,4.35,3410.84,N,N,2,Late,0,0,1,2019-04-02,0,Oct-2023
ACC001446,422,DURGAPUR,JLG30K,31634,17462,16778,2018-09-14,Fully Paid,Monthly EMI,700013,DURGAPUR-700013,Laksh Chopra,Female,46-55,55,1964-04-22,Minority,Muslim,RENT,100K+,Self-Employed,502,XLG,Services, 36 months,0.1065,B,B2,DURGAPUR,201-DBS,HOWRAH,WB,WB,WEST BENGAL,PASCHIM BARDHHAMAN,700013,10037-RAJESH PRATAP,Low,32048,17927,31214,45.94,1412.55,N,N,0,Late,0,0,1,2017-03-18,0,Sep-2018
ACC001447,779,DHURI,JLG35K,26707,42101,32186,2015-03-25,Fully Paid,Quarterly EMI,1030063,DHURI-1030063,Meera Gupta,Female,46-55,55,1979-01-29,ST,Christian,RENT,100K+,Business,773,XLG,Trade, 36 months,0.0991,B,B1,DHURI,102-DBS,LUDHIANA,PB,PB,PUNJAB,SANGRUR,1030063,12058-DEEPAK KUMAR,Low,28028,43834,26383,32.36,4871.33,N,N,1,On-Time,0,0,1,2015-03-25,1,Mar-2015
ACC001448,666,BEHROR,JLG30K,7843,45067,31458,2020-09-12,Paid Off,Quarterly EMI,30179,BEHROR-30179,Nisha Verma,Female,18-25,22,1979-01-29,ST,Sikh,MORTGAGE,100K+,Salaried,564,XLG,Services, 36 months,0.1065,B,B2,BEHROR,301-DBS,JAIPUR,RJ,RJ,RAJASTHAN,BEHROD,30179,10055-MAHESH KUMAR PATEL,Low,8820,44808,7805,38.03,2778.78,N,N,2,On-Time,0,0,1,2017-03-11,0,Sep-2020
ACC001449,446,DURGAPUR,JLG35K,18732,3390,26083,2022-08-17,Fully Paid,Monthly EMI,700013,DURGAPUR-700013,Ananya Malhotra,Female,36-45,44,1979-01-29,SC,Hindu,MORTGAGE,<25K,Self-Employed,361,XLG,Trade, 36 months,0.0991,B,B1,DURGAPUR,201-DBS,HOWRAH,WB,WB,WEST BENGAL,PASCHIM BARDHHAMAN,700013,10037-RAJESH PRATAP,Low,19669,3104,18360,49.24,1962.02,N,N,2,On-Time,0,0,1,2018-03-15,0,Aug-2022
ACC001450,593,JALANDHAR,JLG40K,45686,39078,20384,2018-09-01,Active,Quarterly EMI,160051,JALANDHAR-160051,Vivaan Gupta,Female,56-63,57,1979-01-29,General,Muslim,RENT,75K-100K,Business,472,XLG,Services, 36 months,0.1727,D,D3,JALANDHAR,102-DBS,LUDHIANA,PB,PB,PUNJAB,JALANDHAR,160051,10067-AKSHAY KUMAR,Low,45292,39357,45278,33.84,3162.95,N,N,2,On-Time,0,0,1,2016-02-14,0,Sep-2018
ACC001451,279,DURGAPUR,JLG30K,19849,32185,9371,2016-04-21,Active,Monthly EMI,700013,DURGAPUR-700013,Aditya Joshi,Female,46-55,54,1979-01-29,OBC,Hindu,RENT,50K-75K,Business,357,XLG,Services, 36 months,0.1065,B,B2,DURGAPUR,201-DBS,HOWRAH,WB,WB,WEST BENGAL,PASCHIM BARDHHAMAN,700013,10037-RAJESH PRATAP,Low,21120,32378,19633,7.75,2869.51,Y,N,2,On-Time,0,1,1,2016-04-21,1,Apr-2016
ACC001452,154,JORHAT,JLG35K,47442,3276,26033,2015-03-22,Fully Paid,Quarterly EMI,850152,JORHAT-850152,Meera Reddy,Female,36-45,45,1979-01-29,General,Muslim,MORTGAGE,<25K,Self-Employed,830,XLG,Trade, 36 months,0.0991,B,B1,JORHAT,208-DBS,GUWAAHATI,AS,AS,ASSAM,JORHAT,850152,10961-NAYAN JYOTI SARMAH,High,48080,5098,47415,9.84,2572.89,N,N,2,On-Time,0,0,1,2015-03-22,1,Mar-2015
ACC001453,87,VARANASI,JLG35K,31377,7086,22618,2023-10-22,Fully Paid,Quarterly EMI,1280108,VARANASI-1280108,Aarav Joshi,Female,18-25,22,1997-10-27,General,Hindu,RENT,<25K,Salaried,516,XLG,Trade, 36 months,0.0991,B,B1,VARANASI,176-DBS,VARANASI,UP,UP,UTTAR PRADESH,VARANASI,1280108,10568-RAJU RANJAN RAY,Medium,31021,7932,31342,44.63,1519.42,N,N,0,On-Time,0,0,1,2015-02-11,0,Oct-2023
ACC001454,879,SANGRUR,JLG46K,48496,44038,3377,2018-08-12,Fully Paid,Monthly EMI,110159,SANGRUR-110159,Meera Nair,Female,36-45,38,1979-01-29,ST,Sikh,OWN,75K-100K,Self-Employed,368,XLG,Home Loan, 36 months,0.1825,D,D5,SANGRUR,102-DBS,LUDHIANA,PB,PB,PUNJAB,SANGRUR,110159,10037-RAJESH PRATAP,Low,49555,43707,48210,18.66,2969.99,N,N,2,On-Time,0,0,1,2018-08-12,1,Aug-2018
ACC001455,832,BEHROR,JLG30K,4038,48823,17311,2020-12-11,Fully Paid,Quarterly EMI,30179,BEHROR-30179,Laksh Nair,Female,46-55,51,1979-01-29,General,Muslim,RENT,<25K,Salaried,338,XLG,Services, 36 months,0.1065,B,B2,BEHROR,301-DBS,JAIPUR,RJ,RJ,RAJASTHAN,BEHROD,30179,10055-MAHESH KUMAR PATEL,Low,4438,50759,3675,44.31,550.2,N,N,1,On-Time,0,0,1,2016-09-04,0,Dec-2020
ACC001456,338,CHHATA,JLG30K,14213,37074,19799,2020-02-18,Paid Off,Monthly EMI,910020,CHHATA-910020,Laksh Reddy,Female,36-45,36,1979-01-29,OBC,Hindu,OWN,50K-75K,Business,787,XLG,Services, 36 months,0.1065,B,B2,CHHATA,176-DBS,BULANDSHAHR,UP,UP,UTTAR PRADESH,MATHURA,910020,10047-ANIL KUMAR,High,14221,38839,14015,38.12,1140.16,Y,N,0,Very Late,0,1,1,2020-01-17,0,Feb-2020
ACC001457,596,Mathura,JLG30K,29454,28553,11739,2018-02-28,Default,Quarterly EMI,910182,Mathura-910182,Vivaan Patel,Female,46-55,51,1979-01-29,SC,Hindu,MORTGAGE,100K+,Business,375,XLG,Services, 36 months,0.1065,B,B2,Mathura,176-DBS,BULANDSHAHR,UP,UP,UTTAR PRADESH,MATHURA,910182,10469-MANISH  PANDEY,High,31155,28960,28967,42.76,2771.3,N,N,2,On-Time,0,0,1,2017-06-07,0,Feb-2018
ACC001458,783,MUKTSAR,JLG35K,21373,7574,12525,2021-01-03,Fully Paid,Monthly EMI,1110166,MUKTSAR-1110166,Aditya Mehta,Female,36-45,38,1979-01-29,SC,Hindu,OWN,25K-50K,Business,696,XLG,Trade, 36 months,0.0991,B,B1,MUKTSAR,102-DBS,LUDHIANA,PB,PB,PUNJAB,SRI MUKTSAR SAHIB,1110166,11303-ASHUTOSH KUMAR SUMAN,Medium,22666,8729,21066,7.09,1037.04,N,N,0,Late,0,0,1,2021-01-03,1,Jan-2021
ACC001459,368,BEHROR,JLG35K,30760,16760,30850,2015-10-29,Paid Off,Monthly EMI,30179,BEHROR-30179,Nisha Chopra,Female,26-35,28,1979-01-29,General,Hindu,RENT,<25K,Self-Employed,553,XLG,Trade, 36 months,0.0991,B,B1,BEHROR,301-DBS,JAIPUR,RJ,RJ,RAJASTHAN,BEHROD,30179,10055-MAHESH KUMAR PATEL,Low,32527,17586,30433,43.45,997.2,N,N,0,On-Time,0,0,1,2015-01-22,0,Oct-2015
ACC001460,11,BULANDSHAHR,JLG35K,22550,26996,40929,2023-11-05,Fully Paid,Quarterly EMI,10068,BULANDSHAHR-10068,Vivaan Patel,Female,26-35,29,1979-01-29,OBC,Hindu,RENT,100K+,Salaried,395,XLG,Trade, 36 months,0.0991,B,B1,BULANDSHAHR,176-DBS,BULANDSHAHR,UP,UP,UTTAR PRADESH,BULANDSHAHAR,10068,10057-NANDI SHANKAR,High,22101,28382,22518,31.6,3321.79,Y,N,0,On-Time,0,1,1,2019-12-21,0,Nov-2023
ACC001461,503,DHURI,JLG35K,40949,16524,38294,2021-02-06,Paid Off,Monthly EMI,1030063,DHURI-1030063,Kavya Reddy,Female,46-55,49,1979-01-29,Minority,Muslim,RENT,<25K,Salaried,442,XLG,Trade, 36 months,0.0991,B,B1,DHURI,102-DBS,LUDHIANA,PB,PB,PUNJAB,SANGRUR,1030063,12058-DEEPAK KUMAR,Low,41243,18187,40482,32.94,3283.84,N,N,1,Late,0,0,1,2021-02-06,1,Feb-2021
ACC001462,245,Bardhaman,JLG30K,40474,48455,18619,2022-05-08,Fully Paid,Quarterly EMI,610198,Bardhaman-610198,Nisha Chopra,Female,46-55,52,1979-01-29,General,Hindu,RENT,100K+,Salaried,322,XLG,Services, 36 months,0.1065,B,B2,Bardhaman,201-DBS,HOWRAH,WB,WB,WEST BENGAL,Barddhaman,610198,10035-ABHAY TOMER,Medium,41941,48237,40217,24.54,895.82,N,N,2,Late,0,0,1,2019-07-04,0,May-2022
ACC001463,903,BUXAR,JLG30K,29976,35083,10013,2023-11-12,Fully Paid,Quarterly EMI,710002,BUXAR-710002,Kavya Reddy,Female,46-55,49,1979-01-29,Minority,Muslim,RENT,<25K,Salaried,442,XLG,Services, 36 months,0.1065,B,B2,BUXAR,209-DBS,PATNA,BR,BR,BIHAR,BUXAR,710002,10055-MAHESH KUMAR PATEL,Medium,31467,35207,29767,32.18,3718.67,N,N,1,On-Time,0,0,1,2016-02-27,0,Nov-2023
ACC001464,959,FATEHGARH SAHIB,JLG30K,14886,42413,35777,2018-12-04,Paid Off,Quarterly EMI,120676,FATEHGARH SAHIB-120676,Nisha Reddy,Female,36-45,42,1979-01-29,SC,Hindu,RENT,100K+,Self-Employed,668,XLG,Services, 36 months,0.1065,B,B2,FATEHGARH SAHIB,102-DBS,LUDHIANA,PB,PB,PUNJAB,FATEHGARH SAHIB,120676,10037-RAJESH PRATAP,Medium,15206,42887,14511,9.11,3587.5,N,N,0,Late,0,0,1,2015-01-20,0,Dec-2018
ACC001465,581,BISWANATH CHARIALI,JLG35K,39296,18260,22515,2021-06-19,Default,Monthly EMI,740048,BISWANATH CHARIALI-740048,Vivaan Gupta,Female,56-63,57,1979-01-29,General,Muslim,RENT,75K-100K,Business,472,XLG,Trade, 36 months,0.0991,B,B1,BISWANATH CHARIALI,208-DBS,GUWAAHATI,AS,AS,ASSAM,BISWANATH,740048,13111-SHANTUMONI BORAH,Medium,40270,17815,39224,48.17,3671.02,N,Y,2,Very Late,1,0,1,2018-09-14,0,Jun-2021
ACC001466,557,MUKTSAR,JLG30K,40497,47775,44320,2017-06-15,Fully Paid,Monthly EMI,1110166,MUKTSAR-1110166,Diya Malhotra,Female,18-25,21,1979-01-29,ST,Sikh,RENT,50K-75K,Self-Employed,493,XLG,Services, 36 months,0.1065,B,B2,MUKTSAR,102-DBS,LUDHIANA,PB,PB,PUNJAB,SRI MUKTSAR SAHIB,1110166,11303-ASHUTOSH KUMAR SUMAN,Medium,42214,49340,40444,10.28,4853.43,N,N,2,On-Time,0,0,1,2015-09-18,0,Jun-2017
ACC001467,838,DHURI,JLG35K,7075,19762,2670,2017-11-09,Active,Quarterly EMI,1030063,DHURI-1030063,Aarav Patel,Female,26-35,31,1979-01-29,ST,Sikh,MORTGAGE,50K-75K,Business,462,XLG,Trade, 36 months,0.0991,B,B1,DHURI,102-DBS,LUDHIANA,PB,PB,PUNJAB,SANGRUR,1030063,12058-DEEPAK KUMAR,Low,8187,20560,6920,29.94,2406.45,N,N,0,On-Time,0,0,1,2017-11-09,1,Nov-2017
ACC001468,50,JORHAT,JLG30K,28419,44871,15095,2020-03-30,Paid Off,Monthly EMI,850152,JORHAT-850152,Nisha Mehta,Female,36-45,38,1979-01-29,SC,Muslim,RENT,25K-50K,Self-Employed,774,XLG,Services, 36 months,0.1065,B,B2,JORHAT,208-DBS,GUWAAHATI,AS,AS,ASSAM,JORHAT,850152,10961-NAYAN JYOTI SARMAH,High,28900,45869,28081,48.76,2040.36,N,N,2,Late,0,0,1,2015-03-30,0,Mar-2020
ACC001469,671,KARNAL,JLG35K,8231,15369,5151,2023-02-19,Active,Quarterly EMI,50678,KARNAL-50678,Ananya Mehta,Female,36-45,38,1979-01-29,ST,Sikh,RENT,25K-50K,Salaried,398,XLG,Trade, 36 months,0.0991,B,B1,KARNAL,206-DBS,KARNAL,HR,HR,HARYANA,KARNAL,50678,10282-NAIM ALI,Medium,9260,17086,7949,18.96,1453.45,N,N,1,On-Time,0,0,1,2017-12-24,0,Feb-2023
ACC001470,208,DURGAPUR,JLG30K,18927,19018,25991,2019-12-20,Active,Quarterly EMI,700013,DURGAPUR-700013,Nisha Joshi,Female,26-35,33,1979-01-29,General,Hindu,MORTGAGE,50K-75K,Self-Employed,731,XLG,Services, 36 months,0.1065,B,B2,DURGAPUR,201-DBS,HOWRAH,WB,WB,WEST BENGAL,PASCHIM BARDHHAMAN,700013,10037-RAJESH PRATAP,Low,19875,18956,18878,7.97,445.58,N,N,0,On-Time,0,0,1,2016-01-31,0,Dec-2019
ACC001471,253,Mangaldoi,JLG30K,29081,13631,43099,2016-02-25,Fully Paid,Quarterly EMI,570241,Mangaldoi-570241,Laksh Nair,Female,46-55,51,1979-01-29,General,Muslim,RENT,<25K,Salaried,338,XLG,Services, 36 months,0.1065,B,B2,Mangaldoi,208-DBS,GUWAAHATI,AS,AS,ASSAM,Mangaldoi,570241,10961-NAYAN JYOTI SARMAH,Low,29580,15459,28958,47.36,1685.06,N,N,2,On-Time,0,0,1,2016-02-25,1,Feb-2016
ACC001472,523,HAPUR,JLG30K,3377,19675,5762,2022-11-07,Active,Quarterly EMI,210563,HAPUR-210563,Meera Patel,Female,26-35,28,1991-03-29,ST,Sikh,RENT,25K-50K,Salaried,432,XLG,Services, 36 months,0.1065,B,B2,HAPUR,176-DBS,BULANDSHAHR,UP,UP,UTTAR PRADESH,HAPUR,210563,10183-RISHABH PANT,Low,4988,21393,3364,6.89,506.98,N,Y,0,On-Time,1,0,1,2021-12-06,0,Nov-2022
ACC001473,557,Mathura,JLG30K,33616,33992,26362,2022-11-11,Paid Off,Monthly EMI,910182,Mathura-910182,Diya Malhotra,Female,18-25,21,1979-01-29,ST,Sikh,RENT,50K-75K,Self-Employed,493,XLG,Services, 36 months,0.1065,B,B2,Mathura,176-DBS,BULANDSHAHR,UP,UP,UTTAR PRADESH,MATHURA,910182,10469-MANISH  PANDEY,High,33487,35782,33145,34.7,3551.54,N,N,0,On-Time,0,0,1,2015-09-18,0,Nov-2022
ACC001474,314,BULANDSHAHR,JLG30K,42014,38801,24818,2022-05-09,Default,Quarterly EMI,10068,BULANDSHAHR-10068,Nisha Verma,Female,26-35,26,1979-01-29,OBC,Hindu,RENT,100K+,Self-Employed,824,XLG,Services, 36 months,0.1065,B,B2,BULANDSHAHR,176-DBS,BULANDSHAHR,UP,UP,UTTAR PRADESH,BULANDSHAHAR,10068,10057-NANDI SHANKAR,High,42084,40461,41993,28.62,2275.21,N,N,0,On-Time,0,0,1,2021-09-19,0,May-2022
ACC001475,380,CHHAPRA,JLG30K,34524,14889,9023,2019-08-10,Paid Off,Monthly EMI,380112,CHHAPRA-380112,Meera Joshi,Female,46-55,53,1979-01-29,ST,Sikh,RENT,<25K,Salaried,529,XLG,Services, 36 months,0.1065,B,B2,CHHAPRA,209-DBS,PATNA,BR,BR,BIHAR,CHHAPRA,380112,11867-VIKRANT KUMAR VICKY,High,36195,14616,34113,25.57,4901.78,N,N,1,Late,0,0,1,2017-04-22,0,Aug-2019
ACC001476,436,FATEHGARH SAHIB,JLG30K,30196,31142,37658,2019-07-31,Fully Paid,Quarterly EMI,120676,FATEHGARH SAHIB-120676,Aditya Verma,Female,46-55,49,1979-01-29,ST,Sikh,RENT,50K-75K,Self-Employed,695,XLG,Services, 36 months,0.1065,B,B2,FATEHGARH SAHIB,102-DBS,LUDHIANA,PB,PB,PUNJAB,FATEHGARH SAHIB,120676,10037-RAJESH PRATAP,Medium,31572,32800,30080,15.5,3305.22,N,N,0,On-Time,0,0,1,2019-07-31,1,Jul-2019
ACC001477,220,MAWANA,JLG35K,21331,2023,31521,2015-04-21,Active,Quarterly EMI,800018,MAWANA-800018,Diya Nair,Female,18-25,25,1979-01-29,General,Hindu,RENT,50K-75K,Self-Employed,752,XLG,Trade, 36 months,0.0991,B,B1,MAWANA,176-DBS,BULANDSHAHR,UP,UP,UTTAR PRADESH,MEERUT,800018,11183-ANIL KUMAR,Medium,21188,2213,20936,6.14,3757.1,N,N,0,Late,0,0,1,2015-01-03,0,Apr-2015
ACC001478,388,KURUKSHETRA,JLG30K,26197,37046,25441,2020-03-12,Fully Paid,Monthly EMI,70364,KURUKSHETRA-70364,Aditya Reddy,Female,36-45,38,1979-01-29,OBC,Hindu,MORTGAGE,25K-50K,Salaried,635,XLG,Services, 36 months,0.1065,B,B2,KURUKSHETRA,206-DBS,KARNAL,HR,HR,HARYANA,KURUKSHETRA,70364,10028-AAYUSH PANDEY,Medium,26374,36762,25793,25.35,1928.49,N,N,2,Late,0,0,1,2020-03-12,1,Mar-2020
ACC001479,489,PATIALA,JLG35K,43304,7292,31389,2016-04-05,Fully Paid,Monthly EMI,100186,PATIALA-100186,Vivaan Reddy,Female,36-45,37,1979-01-29,OBC,Hindu,RENT,25K-50K,Salaried,426,XLG,Trade, 36 months,0.0991,B,B1,PATIALA,102-DBS,LUDHIANA,PB,PB,PUNJAB,PATIALA,100186,10420-MUNENDRA  SINGH,Medium,43342,7275,42835,26.29,3422.0,Y,N,0,On-Time,0,1,1,2015-03-10,0,Apr-2016
ACC001480,793,BEHROR,JLG30K,7422,33010,43025,2021-05-06,Active,Quarterly EMI,30179,BEHROR-30179,Aditya Joshi,Female,46-55,54,1979-01-29,OBC,Hindu,RENT,50K-75K,Business,357,XLG,Services, 36 months,0.1065,B,B2,BEHROR,301-DBS,JAIPUR,RJ,RJ,RAJASTHAN,BEHROD,30179,10055-MAHESH KUMAR PATEL,Low,7650,34380,7219,42.13,4181.22,N,N,1,On-Time,0,0,1,2018-11-19,0,May-2021
ACC001481,503,DIBRUGARH,JLG35K,9955,47548,22818,2022-12-29,Default,Quarterly EMI,1050013,DIBRUGARH-1050013,Kavya Reddy,Female,46-55,49,1979-01-29,Minority,Muslim,RENT,<25K,Salaried,442,XLG,Trade, 36 months,0.0991,B,B1,DIBRUGARH,208-DBS,GUWAAHATI,AS,AS,ASSAM,DIBRUGARH,1050013,10961-NAYAN JYOTI SARMAH,Low,11711,48098,9799,45.16,1850.19,N,N,0,On-Time,0,0,1,2021-02-06,0,Dec-2022
ACC001482,120,DHURI,JLG35K,48783,13191,4478,2023-04-16,Paid Off,Monthly EMI,1030063,DHURI-1030063,Kavya Malhotra,Female,36-45,36,1979-01-29,ST,Sikh,RENT,<25K,Salaried,514,XLG,Trade, 36 months,0.0991,B,B1,DHURI,102-DBS,LUDHIANA,PB,PB,PUNJAB,SANGRUR,1030063,12058-DEEPAK KUMAR,Low,49816,13130,48697,27.61,3344.95,Y,N,0,Late,0,1,1,2022-04-17,0,Apr-2023
ACC001483,579,DURGAPUR,JLG30K,24168,10504,30615,2019-03-20,Fully Paid,Quarterly EMI,700013,DURGAPUR-700013,Nisha Joshi,Female,26-35,33,1979-01-29,General,Hindu,MORTGAGE,50K-75K,Self-Employed,731,XLG,Services, 36 months,0.1065,B,B2,DURGAPUR,201-DBS,HOWRAH,WB,WB,WEST BENGAL,PASCHIM BARDHHAMAN,700013,10037-RAJESH PRATAP,Low,25758,11283,23952,16.64,2484.74,N,N,2,On-Time,0,0,1,2015-02-07,0,Mar-2019
ACC001484,699,DURGAPUR,JLG30K,42368,48427,4379,2016-11-11,Fully Paid,Monthly EMI,700013,DURGAPUR-700013,Nisha Chopra,Female,26-35,28,1979-01-29,General,Hindu,RENT,<25K,Self-Employed,553,XLG,Services, 36 months,0.1065,B,B2,DURGAPUR,201-DBS,HOWRAH,WB,WB,WEST BENGAL,PASCHIM BARDHHAMAN,700013,10037-RAJESH PRATAP,Low,42505,49448,42018,21.76,2950.26,Y,N,2,Very Late,0,1,1,2015-01-24,0,Nov-2016
ACC001485,299,Mathura,JLG35,9564,25889,30221,2015-09-12,Paid Off,Quarterly EMI,910182,Mathura-910182,Meera Verma,Female,46-55,47,1979-01-29,SC,Hindu,RENT,75K-100K,Business,546,XLG,Home Loan, 60 months,0.1465,C,C3,Mathura,176-DBS,BULANDSHAHR,UP,UP,UTTAR PRADESH,MATHURA,910182,10469-MANISH  PANDEY,High,9077,26873,9383,1.62,1727.62,N,N,0,Late,0,0,1,2015-09-12,1,Sep-2015
ACC001486,698,SHAHDOL,JLG35K,31640,43926,39993,2022-03-16,Active,Monthly EMI,1550006,SHAHDOL-1550006,Aarav Joshi,Female,18-25,22,1997-10-27,General,Hindu,RENT,<25K,Salaried,516,XLG,Trade, 36 months,0.0991,B,B1,SHAHDOL,200-DBS,BHOPAL,MP,MP,MADHYA PRADESH,SHAHDOL,1550006,10021-MAHENDRA PRATAP SINGH,Medium,33074,45584,31450,22.3,3999.71,N,N,1,On-Time,0,0,1,2016-12-15,0,Mar-2022
ACC001487,508,JALANDHAR,JLG29K,45705,48311,32572,2019-08-07,Fully Paid,Monthly EMI,160051,JALANDHAR-160051,Aditya Verma,Female,46-55,49,1979-01-29,ST,Sikh,RENT,50K-75K,Self-Employed,695,XLG,Trade, 60 months,0.1727,D,D3,JALANDHAR,102-DBS,LUDHIANA,PB,PB,PUNJAB,JALANDHAR,160051,10067-AKSHAY KUMAR,Low,46534,49662,45558,44.74,531.43,N,N,0,On-Time,0,0,1,2015-11-07,0,Aug-2019
ACC001488,735,MUKTSAR,JLG30K,45724,20963,17491,2015-12-25,Paid Off,Monthly EMI,1110166,MUKTSAR-1110166,Kavya Gupta,Female,36-45,43,1979-01-29,Minority,Muslim,RENT,<25K,Self-Employed,528,XLG,Services, 36 months,0.1065,B,B2,MUKTSAR,102-DBS,LUDHIANA,PB,PB,PUNJAB,SRI MUKTSAR SAHIB,1110166,11303-ASHUTOSH KUMAR SUMAN,Medium,46547,22603,45441,21.25,4910.56,N,N,0,Late,0,0,1,2015-12-25,1,Dec-2015
ACC001489,843,CHHATA,JLG30K,31225,24136,39518,2015-05-03,Paid Off,Monthly EMI,910020,CHHATA-910020,Ishaan Mehta,Female,26-35,31,1979-01-29,ST,Sikh,RENT,50K-75K,Business,696,XLG,Services, 36 months,0.1065,B,B2,CHHATA,176-DBS,BULANDSHAHR,UP,UP,UTTAR PRADESH,MATHURA,910020,10047-ANIL KUMAR,High,31194,24503,30976,32.41,3908.16,N,N,2,Late,0,0,1,2015-05-03,1,May-2015
ACC001490,698,SANGRUR,JLG30K,35329,46303,18489,2020-11-05,Fully Paid,Monthly EMI,110159,SANGRUR-110159,Aarav Joshi,Female,18-25,22,1997-10-27,General,Hindu,RENT,<25K,Salaried,516,XLG,Services, 36 months,0.1065,B,B2,SANGRUR,102-DBS,LUDHIANA,PB,PB,PUNJAB,SANGRUR,110159,10037-RAJESH PRATAP,Low,35975,45812,34922,1.79,560.48,N,N,0,Late,0,0,1,2016-12-15,0,Nov-2020
ACC001491,941,SANGRUR,JLG30K,27635,6517,23141,2018-11-27,Fully Paid,Monthly EMI,110159,SANGRUR-110159,Ishaan Patel,Female,36-45,39,1979-01-29,Minority,Muslim,RENT,75K-100K,Self-Employed,472,XLG,Services, 36 months,0.1065,B,B2,SANGRUR,102-DBS,LUDHIANA,PB,PB,PUNJAB,SANGRUR,110159,10037-RAJESH PRATAP,Low,29137,7942,27238,38.65,3636.55,N,N,0,On-Time,0,0,1,2018-11-27,1,Nov-2018
ACC001492,135,MUKTSAR,JLG30K,8122,21211,42885,2021-01-31,Paid Off,Monthly EMI,1110166,MUKTSAR-1110166,Meera Verma,Female,26-35,34,1979-01-29,ST,Sikh,RENT,100K+,Self-Employed,464,XLG,Services, 36 months,0.1065,B,B2,MUKTSAR,102-DBS,LUDHIANA,PB,PB,PUNJAB,SRI MUKTSAR SAHIB,1110166,11303-ASHUTOSH KUMAR SUMAN,Medium,8856,20874,7801,28.69,2390.6,N,N,1,On-Time,0,0,1,2015-05-28,0,Jan-2021
ACC001493,772,MOTIHARI,JLG30K,22908,29109,40395,2017-11-27,Paid Off,Monthly EMI,520376,MOTIHARI-520376,Laksh Patel,Female,46-55,46,1979-01-29,General,Hindu,RENT,50K-75K,Business,467,XLG,Services, 36 months,0.1065,B,B2,MOTIHARI,209-DBS,PATNA,BR,BR,BIHAR,Motihari,520376,10537-RAGHUVANSH SINGH,Medium,24457,30182,22804,45.9,4030.2,N,N,1,On-Time,0,0,1,2017-11-27,1,Nov-2017
ACC001494,16,FATEHGARH SAHIB,JLG44K,2026,18273,25924,2019-04-24,Fully Paid,Quarterly EMI,120676,FATEHGARH SAHIB-120676,Vivaan Malhotra,Female,46-55,53,1979-01-29,SC,Hindu,RENT,75K-100K,Business,488,XLG,Home Loan, 36 months,0.0662,A,A2,FATEHGARH SAHIB,102-DBS,LUDHIANA,PB,PB,PUNJAB,FATEHGARH SAHIB,120676,10037-RAJESH PRATAP,Medium,2881,20008,1910,35.36,1705.3,N,N,0,On-Time,0,0,1,2015-09-15,0,Apr-2019
ACC001495,551,DURGAPUR,JLG30K,25308,24597,29344,2015-05-17,Fully Paid,Monthly EMI,700013,DURGAPUR-700013,Nisha Chopra,Female,46-55,49,1979-01-29,SC,Hindu,RENT,75K-100K,Business,641,XLG,Services, 36 months,0.1065,B,B2,DURGAPUR,201-DBS,HOWRAH,WB,WB,WEST BENGAL,PASCHIM BARDHHAMAN,700013,10037-RAJESH PRATAP,Low,24899,25773,25105,35.93,1892.33,Y,N,0,On-Time,0,1,1,2015-05-17,1,May-2015
ACC001496,287,Bardhaman,JLG30K,40334,20925,4835,2016-01-23,Paid Off,Monthly EMI,610198,Bardhaman-610198,Kavya Reddy,Female,56-63,59,1979-01-29,General,Muslim,RENT,50K-75K,Salaried,775,XLG,Services, 36 months,0.1065,B,B2,Bardhaman,201-DBS,HOWRAH,WB,WB,WEST BENGAL,Barddhaman,610198,10035-ABHAY TOMER,Medium,41390,20693,39870,9.05,740.82,N,N,1,On-Time,0,0,1,2016-01-23,1,Jan-2016
ACC001497,39,CHHATA,JLG35K,4594,40833,40048,2022-04-21,Paid Off,Quarterly EMI,910020,CHHATA-910020,Nisha Patel,Female,36-45,41,1979-01-29,General,Hindu,RENT,100K+,Salaried,399,XLG,Trade, 36 months,0.0991,B,B1,CHHATA,176-DBS,BULANDSHAHR,UP,UP,UTTAR PRADESH,MATHURA,910020,10047-ANIL KUMAR,High,5067,41164,4495,36.45,4618.9,N,N,0,On-Time,0,0,1,2017-11-07,0,Apr-2022
ACC001498,429,BUXAR,JLG35K,15797,14651,16955,2020-03-02,Fully Paid,Monthly EMI,710002,BUXAR-710002,Ishaan Gupta,Female,26-35,28,1979-01-29,SC,Hindu,RENT,100K+,Business,536,XLG,Trade, 36 months,0.0991,B,B1,BUXAR,209-DBS,PATNA,BR,BR,BIHAR,BUXAR,710002,10055-MAHESH KUMAR PATEL,Medium,17693,14337,15320,31.2,1026.38,N,N,2,Late,0,0,1,2017-09-14,0,Mar-2020
ACC001499,8,BEHROR,JLG30K,12430,33542,9374,2019-08-28,Fully Paid,Monthly EMI,30179,BEHROR-30179,Kavya Gupta,Female,36-45,39,1979-01-29,OBC,Hindu,RENT,50K-75K,Salaried,692,XLG,Services, 36 months,0.1065,B,B2,BEHROR,301-DBS,JAIPUR,RJ,RJ,RAJASTHAN,BEHROD,30179,10055-MAHESH KUMAR PATEL,Low,14049,34785,12331,7.13,2363.16,N,Y,1,Late,1,0,1,2015-03-15,0,Aug-2019
ACC001500,936,CUTTACK,JLG35K,35183,25142,24993,2018-03-28,Paid Off,Quarterly EMI,630081,CUTTACK-630081,Ananya Patel,Female,36-45,43,1979-01-29,Minority,Muslim,RENT,75K-100K,Salaried,558,XLG,Trade, 36 months,0.0991,B,B1,CUTTACK,107-DBS,BHUBANESWAR,OR,OR,ODISHA,CUTTACK,630081,12061-PINAKAPANI KANUNGO,High,35041,27003,34689,39.94,3583.05,N,N,2,On-Time,0,0,1,2018-03-28,1,Mar-2018
ACC001501,744,BEHROR,JLG44K,29232,19359,44604,2017-04-17,Active,Monthly EMI,30179,BEHROR-30179,Ananya Patel,Female,36-45,43,1979-01-29,Minority,Muslim,RENT,75K-100K,Salaried,558,XLG,Home Loan, 36 months,0.0662,A,A2,BEHROR,301-DBS,JAIPUR,RJ,RJ,RAJASTHAN,BEHROD,30179,10055-MAHESH KUMAR PATEL,Low,30526,19118,29214,39.36,133.26,N,N,2,Late,0,0,1,2017-04-17,1,Apr-2017
ACC001502,30,Mangaldoi,JLG30K,21266,49707,21985,2017-06-20,Fully Paid,Quarterly EMI,570241,Mangaldoi-570241,Vivaan Gupta,Female,36-45,38,1979-01-29,General,Hindu,MORTGAGE,75K-100K,Business,517,XLG,Services, 36 months,0.1065,B,B2,Mangaldoi,208-DBS,GUWAAHATI,AS,AS,ASSAM,Mangaldoi,570241,10961-NAYAN JYOTI SARMAH,Low,21592,50839,20973,24.74,257.58,N,N,2,On-Time,0,0,1,2016-05-04,0,Jun-2017
ACC001503,286,SANGRUR,JLG30K,43346,46527,43249,2020-03-16,Fully Paid,Quarterly EMI,110159,SANGRUR-110159,Kavya Verma,Female,36-45,37,1979-01-29,General,Hindu,RENT,<25K,Self-Employed,479,XLG,Services, 36 months,0.1065,B,B2,SANGRUR,102-DBS,LUDHIANA,PB,PB,PUNJAB,SANGRUR,110159,10037-RAJESH PRATAP,Low,44518,46434,43040,29.63,279.09,Y,N,1,On-Time,0,1,1,2015-09-01,0,Mar-2020
ACC001504,890,BEHROR,JLG35K,15067,42877,24132,2018-11-07,Paid Off,Quarterly EMI,30179,BEHROR-30179,Ishaan Nair,Female,18-25,24,1979-01-29,SC,Hindu,MORTGAGE,<25K,Business,491,XLG,Trade, 36 months,0.0991,B,B1,BEHROR,301-DBS,JAIPUR,RJ,RJ,RAJASTHAN,BEHROD,30179,10055-MAHESH KUMAR PATEL,Low,15912,42530,14676,5.17,242.33,N,N,0,On-Time,0,0,1,2018-11-07,1,Nov-2018
ACC001505,828,DHURI,JLG30K,2220,4483,9756,2022-05-11,Active,Monthly EMI,1030063,DHURI-1030063,Kavya Mehta,Female,46-55,52,1979-01-29,General,Muslim,RENT,<25K,Business,390,XLG,Services, 36 months,0.1065,B,B2,DHURI,102-DBS,LUDHIANA,PB,PB,PUNJAB,SANGRUR,1030063,12058-DEEPAK KUMAR,Low,1731,4971,2151,16.69,2233.91,N,N,1,On-Time,0,0,1,2016-04-24,0,May-2022
ACC001506,681,MUKTSAR,JLG30K,44764,38731,40082,2016-03-09,Default,Quarterly EMI,1110166,MUKTSAR-1110166,Kavya Malhotra,Female,26-35,34,1979-01-29,ST,Sikh,MORTGAGE,75K-100K,Business,328,XLG,Services, 36 months,0.1065,B,B2,MUKTSAR,102-DBS,LUDHIANA,PB,PB,PUNJAB,SRI MUKTSAR SAHIB,1110166,11303-ASHUTOSH KUMAR SUMAN,Medium,46031,38613,44557,44.32,1363.92,N,N,0,Very Late,0,0,1,2016-03-09,1,Mar-2016
ACC001507,898,DURGAPUR,JLG30K,38382,19989,35233,2020-01-03,Active,Monthly EMI,700013,DURGAPUR-700013,Nisha Malhotra,Female,36-45,36,1979-01-29,SC,Hindu,MORTGAGE,100K+,Self-Employed,489,XLG,Services, 36 months,0.1065,B,B2,DURGAPUR,201-DBS,HOWRAH,WB,WB,WEST BENGAL,PASCHIM BARDHHAMAN,700013,10037-RAJESH PRATAP,Low,37935,21744,38142,38.37,901.52,N,N,2,On-Time,0,0,1,2015-03-31,0,Jan-2020
ACC001508,224,PAOTA,JLG30K,17375,37510,41777,2016-10-21,Fully Paid,Monthly EMI,90149,PAOTA-90149,Ishaan Malhotra,Female,18-25,22,1979-01-29,OBC,Hindu,RENT,75K-100K,Salaried,679,XLG,Services, 36 months,0.1065,B,B2,PAOTA,301-DBS,JAIPUR,RJ,RJ,RAJASTHAN,jaipur,90149,10043-RAVI MISHRA,Low,17540,37739,17163,44.96,4080.05,N,N,1,On-Time,0,0,1,2016-10-21,1,Oct-2016
ACC001509,950,MUKTSAR,JLG35K,27323,10022,37109,2017-07-31,Paid Off,Monthly EMI,1110166,MUKTSAR-1110166,Aditya Malhotra,Female,46-55,51,1979-01-29,OBC,Hindu,RENT,25K-50K,Self-Employed,389,XLG,Trade, 36 months,0.0991,B,B1,MUKTSAR,102-DBS,LUDHIANA,PB,PB,PUNJAB,SRI MUKTSAR SAHIB,1110166,11303-ASHUTOSH KUMAR SUMAN,Medium,27902,10608,26932,23.73,518.94,N,N,1,On-Time,0,0,1,2016-11-27,0,Jul-2017
ACC001510,654,DHURI,JLG41K,42592,36677,35055,2021-04-11,Paid Off,Quarterly EMI,1030063,DHURI-1030063,Meera Patel,Female,26-35,28,1979-01-29,SC,Hindu,RENT,25K-50K,Business,385,XLG,Services, 36 months,0.1465,C,C3,DHURI,102-DBS,LUDHIANA,PB,PB,PUNJAB,SANGRUR,1030063,12058-DEEPAK KUMAR,Low,44172,38129,42442,30.98,2681.56,N,N,0,On-Time,0,0,1,2017-07-08,0,Apr-2021
ACC001511,5,NEEM KA THANA,JLG30K,19074,2016,39488,2016-09-14,Paid Off,Monthly EMI,80001,NEEM KA THANA-80001,Meera Gupta,Female,46-55,55,1979-01-29,ST,Christian,RENT,100K+,Business,773,XLG,Services, 36 months,0.1065,B,B2,NEEM KA THANA,301-DBS,JAIPUR,RJ,RJ,RAJASTHAN,NEEM KA THANA,80001,10043-RAVI MISHRA,High,18634,2007,19059,15.67,4698.77,N,N,1,Late,0,0,1,2015-06-04,0,Sep-2016
ACC001512,676,KURUKSHETRA,JLG30K,3002,38976,43040,2020-01-11,Active,Quarterly EMI,70364,KURUKSHETRA-70364,Meera Gupta,Female,46-55,47,1979-01-29,Minority,Muslim,MORTGAGE,25K-50K,Self-Employed,346,XLG,Services, 36 months,0.1065,B,B2,KURUKSHETRA,206-DBS,KARNAL,HR,HR,HARYANA,KURUKSHETRA,70364,10028-AAYUSH PANDEY,Medium,4501,40851,2652,35.32,1777.32,Y,N,2,On-Time,0,1,1,2015-09-25,0,Jan-2020
ACC001513,624,NIMAPADA,JLG30K,34900,23599,22227,2020-03-26,Default,Quarterly EMI,440052,NIMAPADA-440052,Laksh Reddy,Female,26-35,29,1979-01-29,OBC,Hindu,RENT,75K-100K,Business,311,XLG,Services, 36 months,0.1065,B,B2,NIMAPADA,107-DBS,BHUBANESWAR,OR,OR,ODISHA,NIMAPADA,440052,12004-SAMIR RANJAN SUTRADHAR,High,35334,24003,34459,41.44,4094.3,N,N,1,On-Time,0,0,1,2015-06-02,0,Mar-2020
ACC001514,693,AGRA,JLG30K,45858,9700,20975,2022-04-09,Fully Paid,Quarterly EMI,140056,AGRA-140056,Kavya Gupta,Female,36-45,45,1979-01-29,General,Hindu,RENT,75K-100K,Self-Employed,773,XLG,Services, 36 months,0.1065,B,B2,AGRA,176-DBS,BULANDSHAHR,UP,UP,UTTAR PRADESH,AGRA,140056,10161-RAM AVTAR,Medium,46198,11200,45645,28.76,156.7,N,Y,1,On-Time,1,0,1,2016-08-30,0,Apr-2022
ACC001515,719,FATEHGARH SAHIB,JLG30K,30548,23989,32573,2018-09-03,Paid Off,Monthly EMI,120676,FATEHGARH SAHIB-120676,Laksh Sharma,Female,46-55,46,1979-01-29,Minority,Muslim,RENT,<25K,Self-Employed,512,XLG,Services, 36 months,0.1065,B,B2,FATEHGARH SAHIB,102-DBS,LUDHIANA,PB,PB,PUNJAB,FATEHGARH SAHIB,120676,10037-RAJESH PRATAP,Medium,32163,23522,30531,49.18,1404.82,N,Y,0,On-Time,1,0,1,2018-09-03,1,Sep-2018
ACC001516,892,DURGAPUR,JLG35K,8502,22452,31155,2017-10-29,Active,Monthly EMI,700013,DURGAPUR-700013,Aarav Reddy,Female,46-55,55,1979-01-29,General,Muslim,MORTGAGE,<25K,Self-Employed,750,XLG,Trade, 36 months,0.0991,B,B1,DURGAPUR,201-DBS,HOWRAH,WB,WB,WEST BENGAL,PASCHIM BARDHHAMAN,700013,10037-RAJESH PRATAP,Low,8540,22929,8048,22.23,402.23,N,N,2,Late,0,0,1,2017-10-29,1,Oct-2017
ACC001517,427,DURGAPUR,JLG30K,29967,4451,35629,2018-08-26,Active,Quarterly EMI,700013,DURGAPUR-700013,Ishaan Sharma,Female,46-55,46,1979-01-29,ST,Sikh,MORTGAGE,100K+,Business,522,XLG,Services, 36 months,0.1065,B,B2,DURGAPUR,201-DBS,HOWRAH,WB,WB,WEST BENGAL,PASCHIM BARDHHAMAN,700013,10037-RAJESH PRATAP,Low,29493,4147,29933,0.47,2576.44,N,Y,0,On-Time,1,0,1,2015-10-10,0,Aug-2018
ACC001518,633,AGRA,JLG30K,19720,23358,10483,2023-12-27,Paid Off,Quarterly EMI,140056,AGRA-140056,Kavya Verma,Female,36-45,37,1979-01-29,General,Hindu,RENT,<25K,Self-Employed,479,XLG,Services, 36 months,0.1065,B,B2,AGRA,176-DBS,BULANDSHAHR,UP,UP,UTTAR PRADESH,AGRA,140056,10161-RAM AVTAR,Medium,19808,22960,19602,8.22,4736.72,N,N,0,Very Late,0,0,1,2022-05-27,0,Dec-2023
ACC001519,48,DURGAPUR,JLG41K,45357,21592,2726,2019-01-25,Fully Paid,Quarterly EMI,700013,DURGAPUR-700013,Diya Reddy,Female,36-45,36,1979-01-29,SC,Hindu,MORTGAGE,25K-50K,Business,796,XLG,Services, 36 months,0.1465,C,C3,DURGAPUR,201-DBS,HOWRAH,WB,WB,WEST BENGAL,PASCHIM BARDHHAMAN,700013,10037-RAJESH PRATAP,Low,45034,21620,44994,7.21,1668.61,N,N,2,On-Time,0,0,1,2019-01-25,1,Jan-2019
ACC001520,646,DURGAPUR,JLG35K,48136,40323,20439,2018-12-18,Paid Off,Monthly EMI,700013,DURGAPUR-700013,Kavya Verma,Female,36-45,37,1979-01-29,General,Hindu,RENT,<25K,Self-Employed,479,XLG,Trade, 36 months,0.0991,B,B1,DURGAPUR,201-DBS,HOWRAH,WB,WB,WEST BENGAL,PASCHIM BARDHHAMAN,700013,10037-RAJESH PRATAP,Low,50000,42291,48093,45.3,4054.79,N,N,2,On-Time,0,0,1,2016-12-20,0,Dec-2018
ACC001521,496,DIBRUGARH,JLG30K,46027,46632,24367,2017-01-14,Active,Monthly EMI,1050013,DIBRUGARH-1050013,Kavya Verma,Female,36-45,37,1979-01-29,General,Hindu,RENT,<25K,Self-Employed,479,XLG,Services, 36 months,0.1065,B,B2,DIBRUGARH,208-DBS,GUWAAHATI,AS,AS,ASSAM,DIBRUGARH,1050013,10961-NAYAN JYOTI SARMAH,Low,46363,46570,45974,18.04,2659.29,N,N,1,Late,0,0,1,2016-11-12,0,Jan-2017
ACC001522,784,KAROND,JLG30K,38137,33996,22410,2015-09-25,Fully Paid,Monthly EMI,1320004,KAROND-1320004,Ananya Patel,Female,36-45,43,1979-01-29,Minority,Muslim,RENT,75K-100K,Salaried,558,XLG,Services, 36 months,0.1065,B,B2,KAROND,200-DBS,BHOPAL,MP,MP,MADHYA PRADESH,BHOPAL,1320004,12758-ROHIT KUMAR JAISWAL,Medium,38325,34390,37875,11.57,1505.93,N,N,0,Very Late,0,0,1,2015-09-25,1,Sep-2015
ACC001523,525,BEHROR,JLG35K,21669,48108,31615,2023-08-17,Fully Paid,Quarterly EMI,30179,BEHROR-30179,Kavya Gupta,Female,26-35,35,1979-01-29,ST,Sikh,RENT,50K-75K,Business,721,XLG,Trade, 36 months,0.0991,B,B1,BEHROR,301-DBS,JAIPUR,RJ,RJ,RAJASTHAN,BEHROD,30179,10055-MAHESH KUMAR PATEL,Low,21666,47655,21405,32.46,2209.23,N,N,0,On-Time,0,0,1,2015-01-11,0,Aug-2023
ACC001524,224,DHURI,JLG30K,46225,24111,35918,2018-03-15,Fully Paid,Monthly EMI,1030063,DHURI-1030063,Ishaan Malhotra,Female,18-25,22,1979-01-29,OBC,Hindu,RENT,75K-100K,Salaried,679,XLG,Services, 36 months,0.1065,B,B2,DHURI,102-DBS,LUDHIANA,PB,PB,PUNJAB,SANGRUR,1030063,12058-DEEPAK KUMAR,Low,45778,26087,45875,9.85,546.12,N,N,2,On-Time,0,0,1,2016-10-21,0,Mar-2018
ACC001525,154,Mangaldoi,JLG30K,37717,14469,32503,2018-08-08,Default,Monthly EMI,570241,Mangaldoi-570241,Meera Reddy,Female,36-45,45,1979-01-29,General,Muslim,MORTGAGE,<25K,Self-Employed,830,XLG,Services, 36 months,0.1065,B,B2,Mangaldoi,208-DBS,GUWAAHATI,AS,AS,ASSAM,Mangaldoi,570241,10961-NAYAN JYOTI SARMAH,Low,37436,15300,37715,38.66,339.73,N,N,2,Late,0,0,1,2015-03-22,0,Aug-2018
ACC001526,615,DIBRUGARH,JLG35K,5233,5709,12437,2022-11-19,Fully Paid,Monthly EMI,1050013,DIBRUGARH-1050013,Vivaan Patel,Female,46-55,55,1979-01-29,General,Muslim,MORTGAGE,25K-50K,Self-Employed,489,XLG,Trade, 36 months,0.0991,B,B1,DIBRUGARH,208-DBS,GUWAAHATI,AS,AS,ASSAM,DIBRUGARH,1050013,10961-NAYAN JYOTI SARMAH,Low,6788,6798,4958,7.9,3477.73,N,N,2,On-Time,0,0,1,2017-06-15,0,Nov-2022
ACC001527,325,Mathura,JLG35K,43050,11760,24669,2023-12-11,Fully Paid,Monthly EMI,910182,Mathura-910182,Meera Reddy,Female,36-45,45,1979-01-29,General,Muslim,MORTGAGE,<25K,Self-Employed,830,XLG,Trade, 36 months,0.0991,B,B1,Mathura,176-DBS,BULANDSHAHR,UP,UP,UTTAR PRADESH,MATHURA,910182,10469-MANISH  PANDEY,High,43291,12758,42820,30.75,1172.97,N,N,0,On-Time,0,0,1,2018-11-26,0,Dec-2023
ACC001528,240,MAWANA,JLG30K,34352,19370,37816,2021-11-28,Paid Off,Monthly EMI,800018,MAWANA-800018,Meera Mehta,Female,46-55,49,1979-01-29,Minority,Muslim,MORTGAGE,<25K,Salaried,825,XLG,Services, 36 months,0.1065,B,B2,MAWANA,176-DBS,BULANDSHAHR,UP,UP,UTTAR PRADESH,MEERUT,800018,11183-ANIL KUMAR,Medium,34338,19688,34123,16.48,3673.34,N,N,0,Late,0,0,1,2016-10-05,0,Nov-2021
ACC001529,206,BEHROR,JLG35K,23422,21743,29527,2018-04-06,Fully Paid,Monthly EMI,30179,BEHROR-30179,Kavya Malhotra,Female,36-45,41,1979-01-29,OBC,Hindu,RENT,25K-50K,Salaried,495,XLG,Trade, 36 months,0.0991,B,B1,BEHROR,301-DBS,JAIPUR,RJ,RJ,RAJASTHAN,BEHROD,30179,10055-MAHESH KUMAR PATEL,Low,24194,22730,23248,45.65,2346.85,N,N,1,On-Time,0,0,1,2018-04-06,1,Apr-2018
ACC001530,790,CHHAPRA,JLG35K,32227,20555,14228,2022-03-09,Fully Paid,Quarterly EMI,380112,CHHAPRA-380112,Diya Verma,Female,26-35,35,1979-01-29,ST,Sikh,MORTGAGE,25K-50K,Self-Employed,744,XLG,Trade, 36 months,0.0991,B,B1,CHHAPRA,209-DBS,PATNA,BR,BR,BIHAR,CHHAPRA,380112,11867-VIKRANT KUMAR VICKY,High,32711,20105,31850,17.34,177.09,N,N,1,Very Late,0,0,1,2019-10-14,0,Mar-2022
ACC001531,922,MUKTSAR,JLG30K,11838,39674,14464,2019-10-27,Paid Off,Monthly EMI,1110166,MUKTSAR-1110166,Nisha Joshi,Female,46-55,48,1979-01-29,General,Hindu,MORTGAGE,50K-75K,Business,657,XLG,Services, 36 months,0.1065,B,B2,MUKTSAR,102-DBS,LUDHIANA,PB,PB,PUNJAB,SRI MUKTSAR SAHIB,1110166,11303-ASHUTOSH KUMAR SUMAN,Medium,12261,41342,11376,3.77,647.06,N,N,2,Late,0,0,1,2015-02-10,0,Oct-2019
ACC001532,95,MUKTSAR,JLG30K,25227,35366,41097,2021-12-30,Default,Quarterly EMI,1110166,MUKTSAR-1110166,Aarav Joshi,Female,36-45,38,1979-01-29,ST,Sikh,RENT,50K-75K,Salaried,744,XLG,Services, 36 months,0.1065,B,B2,MUKTSAR,102-DBS,LUDHIANA,PB,PB,PUNJAB,SRI MUKTSAR SAHIB,1110166,11303-ASHUTOSH KUMAR SUMAN,Medium,25731,36828,24742,42.47,1670.9,N,N,0,On-Time,0,0,1,2015-01-14,0,Dec-2021
ACC001533,186,Mathura,JLG44K,49643,29978,41425,2018-02-21,Active,Monthly EMI,910182,Mathura-910182,Meera Gupta,Female,46-55,47,1979-01-29,Minority,Muslim,MORTGAGE,25K-50K,Self-Employed,346,XLG,Home Loan, 36 months,0.0662,A,A2,Mathura,176-DBS,BULANDSHAHR,UP,UP,UTTAR PRADESH,MATHURA,910182,10469-MANISH  PANDEY,High,51146,30967,49534,49.53,799.02,N,N,1,Very Late,0,0,1,2018-02-21,1,Feb-2018
ACC001534,279,AGRA,JLG35K,48577,23594,27878,2018-12-10,Paid Off,Quarterly EMI,140056,AGRA-140056,Aditya Joshi,Female,46-55,54,1979-01-29,OBC,Hindu,RENT,50K-75K,Business,357,XLG,Trade, 36 months,0.0991,B,B1,AGRA,176-DBS,BULANDSHAHR,UP,UP,UTTAR PRADESH,AGRA,140056,10161-RAM AVTAR,Medium,48139,23312,48108,7.56,4423.58,N,N,2,Very Late,0,0,1,2016-04-21,0,Dec-2018
ACC001535,116,BILASPUR,JLG30K,40450,29141,25022,2023-01-27,Fully Paid,Monthly EMI,240005,BILASPUR-240005,Nisha Joshi,Female,26-35,35,1979-01-29,ST,Sikh,RENT,<25K,Business,697,XLG,Services, 36 months,0.1065,B,B2,BILASPUR,207-DBS,RAIPUR,CG,CG,CHATTISGARH,BILASPUR,240005,10886-MANISH KUMAR DWIVEDI,Low,41133,30751,40326,13.08,4297.8,N,N,2,On-Time,0,0,1,2017-03-25,0,Jan-2023
ACC001536,164,DURGAPUR,JLG30K,47463,34895,36253,2019-11-03,Active,Monthly EMI,700013,DURGAPUR-700013,Kavya Chopra,Female,36-45,43,1979-01-29,General,Muslim,OWN,100K+,Business,300,XLG,Services, 36 months,0.1065,B,B2,DURGAPUR,201-DBS,HOWRAH,WB,WB,WEST BENGAL,PASCHIM BARDHHAMAN,700013,10037-RAJESH PRATAP,Low,48209,36082,47193,8.81,1098.19,N,N,2,On-Time,0,0,1,2017-07-16,0,Nov-2019
ACC001537,570,CHHATA,JLG30K,48841,15674,12316,2019-04-22,Active,Quarterly EMI,910020,CHHATA-910020,Diya Patel,Female,36-45,44,1979-01-29,General,Hindu,MORTGAGE,25K-50K,Salaried,601,XLG,Services, 36 months,0.1065,B,B2,CHHATA,176-DBS,BULANDSHAHR,UP,UP,UTTAR PRADESH,MATHURA,910020,10047-ANIL KUMAR,High,49211,16482,48745,44.65,4864.15,N,N,0,On-Time,0,0,1,2019-04-22,1,Apr-2019
ACC001538,337,SANGRUR,JLG30K,9811,5807,32116,2018-03-01,Active,Quarterly EMI,110159,SANGRUR-110159,Meera Chopra,Female,36-45,36,1979-01-29,OBC,Christian,RENT,75K-100K,Self-Employed,419,XLG,Services, 36 months,0.1065,B,B2,SANGRUR,102-DBS,LUDHIANA,PB,PB,PUNJAB,SANGRUR,110159,10037-RAJESH PRATAP,Low,10763,6897,9439,39.2,1463.37,N,N,2,On-Time,0,0,1,2018-03-01,1,Mar-2018
ACC001539,663,KURUKSHETRA,JLG30K,34515,8315,15536,2017-07-10,Default,Monthly EMI,70364,KURUKSHETRA-70364,Ananya Reddy,Female,18-25,39,1979-01-29,General,Muslim,MORTGAGE,<25K,Self-Employed,660,XLG,Services, 36 months,0.1065,B,B2,KURUKSHETRA,206-DBS,KARNAL,HR,HR,HARYANA,KURUKSHETRA,70364,10028-AAYUSH PANDEY,Medium,34615,8831,34021,14.05,4993.52,N,N,1,On-Time,0,0,1,2015-08-16,0,Jul-2017
ACC001540,860,MUKTSAR,JLG35K,11004,22232,6630,2017-07-13,Paid Off,Quarterly EMI,1110166,MUKTSAR-1110166,Kavya Reddy,Female,26-35,35,1979-01-29,General,Hindu,RENT,50K-75K,Salaried,656,XLG,Trade, 36 months,0.0991,B,B1,MUKTSAR,102-DBS,LUDHIANA,PB,PB,PUNJAB,SRI MUKTSAR SAHIB,1110166,11303-ASHUTOSH KUMAR SUMAN,Medium,10795,21832,10947,36.38,4847.41,N,N,0,On-Time,0,0,1,2017-07-13,1,Jul-2017
ACC001541,133,BEHROR,JLG35K,13046,49235,8584,2018-05-13,Paid Off,Monthly EMI,30179,BEHROR-30179,Aditya Nair,Female,26-35,28,1979-01-29,ST,Sikh,MORTGAGE,100K+,Self-Employed,816,XLG,Trade, 36 months,0.0991,B,B1,BEHROR,301-DBS,JAIPUR,RJ,RJ,RAJASTHAN,BEHROD,30179,10055-MAHESH KUMAR PATEL,Low,13394,50463,12872,3.03,211.12,N,N,1,Late,0,0,1,2018-05-13,1,May-2018
ACC001542,212,KURUKSHETRA,JLG30K,20936,13834,30312,2021-01-04,Active,Monthly EMI,70364,KURUKSHETRA-70364,Vivaan Gupta,Female,46-55,50,1979-01-29,ST,Sikh,RENT,50K-75K,Self-Employed,768,XLG,Services, 36 months,0.1065,B,B2,KURUKSHETRA,206-DBS,KARNAL,HR,HR,HARYANA,KURUKSHETRA,70364,10028-AAYUSH PANDEY,Medium,21585,14535,20651,25.29,3941.3,N,N,1,On-Time,0,0,1,2021-01-04,1,Jan-2021
ACC001543,83,DHARMANAGAR,JLG30K,44775,44300,34667,2019-10-18,Default,Monthly EMI,1230018,DHARMANAGAR-1230018,Ishaan Reddy,Female,26-35,33,1979-01-29,General,Muslim,RENT,<25K,Self-Employed,336,XLG,Services, 36 months,0.1065,B,B2,DHARMANAGAR,303-DBS,GUWAAHATI,TR,TR,TRIPURA,NORTH TRIPURA,1230018,12526-OKRAM AMOLENDU SINGHA,High,46516,44675,44565,9.37,3066.57,N,N,2,On-Time,0,0,1,2015-04-20,0,Oct-2019
ACC001544,15,Mathura,JLG35K,23477,25970,21751,2021-02-11,Fully Paid,Monthly EMI,910182,Mathura-910182,Ananya Reddy,Female,36-45,39,1978-05-18,SC,Hindu,RENT,25K-50K,Self-Employed,571,XLG,Trade, 36 months,0.0991,B,B1,Mathura,176-DBS,BULANDSHAHR,UP,UP,UTTAR PRADESH,MATHURA,910182,10469-MANISH  PANDEY,High,23091,26018,23402,18.43,136.48,N,Y,0,Late,1,0,1,2016-08-29,0,Feb-2021
ACC001545,225,CHHATA,JLG30K,30814,43605,34122,2021-06-22,Fully Paid,Monthly EMI,910020,CHHATA-910020,Meera Verma,Female,26-35,34,1979-01-29,ST,Sikh,RENT,100K+,Self-Employed,464,XLG,Services, 36 months,0.1065,B,B2,CHHATA,176-DBS,BULANDSHAHR,UP,UP,UTTAR PRADESH,MATHURA,910020,10047-ANIL KUMAR,High,31335,45362,30596,0.63,4736.66,N,N,1,Late,0,0,1,2015-01-15,0,Jun-2021
ACC001546,385,BEHROR,JLG46K,38596,19569,21858,2023-07-18,Active,Quarterly EMI,30179,BEHROR-30179,Vivaan Nair,Female,46-55,49,1979-01-29,General,Muslim,RENT,100K+,Salaried,519,XLG,Home Loan, 36 months,0.1825,D,D5,BEHROR,301-DBS,JAIPUR,RJ,RJ,RAJASTHAN,BEHROD,30179,10055-MAHESH KUMAR PATEL,Low,40123,20218,38464,19.66,1514.82,N,N,2,On-Time,0,0,1,2022-09-24,0,Jul-2023
ACC001547,1000,Mangaldoi,JLG35K,29049,17822,35543,2018-05-10,Fully Paid,Monthly EMI,570241,Mangaldoi-570241,Meera Gupta,Female,46-55,55,1979-01-29,ST,Christian,RENT,100K+,Business,773,XLG,Trade, 36 months,0.0991,B,B1,Mangaldoi,208-DBS,GUWAAHATI,AS,AS,ASSAM,Mangaldoi,570241,10961-NAYAN JYOTI SARMAH,Low,31016,18994,28629,45.92,1409.23,N,N,0,On-Time,0,0,1,2018-05-10,1,May-2018
ACC001548,399,SIWAN,JLG30K,22935,4034,36158,2018-10-19,Paid Off,Quarterly EMI,790102,SIWAN-790102,Laksh Mehta,Female,36-45,44,1975-07-28,General,Muslim,RENT,50K-75K,Salaried,425,XLG,Services, 36 months,0.1065,B,B2,SIWAN,209-DBS,PATNA,BR,BR,BIHAR,SIWAN,790102,10827-AJEET KUMAR PANDEY,Medium,23581,5483,22502,43.79,4733.76,N,N,2,On-Time,0,0,1,2018-10-19,1,Oct-2018
ACC001549,55,KARNAL,JLG30K,45743,39464,8355,2018-09-03,Paid Off,Quarterly EMI,50678,KARNAL-50678,Kavya Malhotra,Female,26-35,33,1985-05-30,General,Hindu,RENT,100K+,Self-Employed,716,XLG,Services, 36 months,0.1065,B,B2,KARNAL,206-DBS,KARNAL,HR,HR,HARYANA,KARNAL,50678,10282-NAIM ALI,Medium,46467,40384,45735,31.1,2925.87,N,N,1,On-Time,0,0,1,2016-07-27,0,Sep-2018
ACC001550,837,DURGAPUR,JLG40K,33628,14486,2505,2021-09-05,Fully Paid,Quarterly EMI,700013,DURGAPUR-700013,Laksh Malhotra,Female,46-55,51,1979-01-29,General,Muslim,MORTGAGE,75K-100K,Self-Employed,804,XLG,Services, 36 months,0.1727,D,D3,DURGAPUR,201-DBS,HOWRAH,WB,WB,WEST BENGAL,PASCHIM BARDHHAMAN,700013,10037-RAJESH PRATAP,Low,33306,14711,33596,16.29,2348.7,N,N,0,On-Time,0,0,1,2019-05-13,0,Sep-2021
ACC001551,668,SANGRUR,JLG30K,42798,24220,35845,2017-03-24,Fully Paid,Quarterly EMI,110159,SANGRUR-110159,Ananya Chopra,Female,36-45,45,1979-01-29,SC,Hindu,RENT,75K-100K,Salaried,311,XLG,Services, 36 months,0.1065,B,B2,SANGRUR,102-DBS,LUDHIANA,PB,PB,PUNJAB,SANGRUR,110159,10037-RAJESH PRATAP,Low,42991,26058,42609,15.92,3485.07,N,N,0,On-Time,0,0,1,2015-06-15,0,Mar-2017
ACC001552,52,BEHROR,JLG35K,35806,12538,2921,2021-03-28,Active,Monthly EMI,30179,BEHROR-30179,Laksh Patel,Female,26-35,28,1979-01-29,SC,Hindu,MORTGAGE,75K-100K,Business,844,XLG,Trade, 36 months,0.0991,B,B1,BEHROR,301-DBS,JAIPUR,RJ,RJ,RAJASTHAN,BEHROD,30179,10055-MAHESH KUMAR PATEL,Low,36266,13218,35703,43.71,4709.8,N,N,0,Very Late,0,0,1,2018-09-04,0,Mar-2021
ACC001553,152,CHHATA,JLG44K,16832,12591,18676,2019-11-05,Fully Paid,Monthly EMI,910020,CHHATA-910020,Kavya Mehta,Female,26-35,31,1979-01-29,ST,Muslim,RENT,<25K,Self-Employed,466,XLG,Home Loan, 36 months,0.0662,A,A2,CHHATA,176-DBS,BULANDSHAHR,UP,UP,UTTAR PRADESH,MATHURA,910020,10047-ANIL KUMAR,High,18310,12462,16434,29.26,251.94,N,N,0,Very Late,0,0,1,2019-11-05,1,Nov-2019
ACC001554,154,CUTTACK,JLG30K,2911,3509,29324,2021-10-29,Default,Monthly EMI,630081,CUTTACK-630081,Meera Reddy,Female,36-45,45,1979-01-29,General,Muslim,MORTGAGE,<25K,Self-Employed,830,XLG,Services, 36 months,0.1065,B,B2,CUTTACK,107-DBS,BHUBANESWAR,OR,OR,ODISHA,CUTTACK,630081,12061-PINAKAPANI KANUNGO,High,2748,4500,2808,28.78,1338.4,N,N,1,Very Late,0,0,1,2015-03-22,0,Oct-2021
ACC001555,589,GUWAHATI,JLG45K,20592,30253,2148,2016-08-15,Fully Paid,Monthly EMI,560090,GUWAHATI-560090,Vivaan Mehta,Female,18-25,24,1979-01-29,ST,Sikh,RENT,75K-100K,Business,431,XLG,Agriculture, 36 months,0.0751,A,A3,GUWAHATI,208-DBS,GUWAAHATI,AS,AS,ASSAM,Guwahati,560090,11955-LEKHAN KONWAR,Medium,20547,30714,20535,8.28,1478.81,N,N,2,On-Time,0,0,1,2016-08-15,1,Aug-2016
ACC001556,981,TEZPUR,JLG35K,13441,37288,2200,2017-02-17,Fully Paid,Monthly EMI,680026,TEZPUR-680026,Aditya Joshi,Female,46-55,54,1979-01-29,OBC,Hindu,RENT,50K-75K,Business,357,XLG,Trade, 36 months,0.0991,B,B1,TEZPUR,208-DBS,GUWAAHATI,AS,AS,ASSAM,SONITPUR,680026,11055-MANAS PROTIM HAZARIKA,Medium,15231,37960,13041,7.04,1669.86,N,N,2,On-Time,0,0,1,2017-02-17,1,Feb-2017
ACC001557,239,DURGAPUR,JLG30K,42096,48397,33235,2018-10-03,Paid Off,Monthly EMI,700013,DURGAPUR-700013,Kavya Malhotra,Female,26-35,33,1985-05-30,General,Hindu,RENT,100K+,Self-Employed,716,XLG,Services, 36 months,0.1065,B,B2,DURGAPUR,201-DBS,HOWRAH,WB,WB,WEST BENGAL,PASCHIM BARDHHAMAN,700013,10037-RAJESH PRATAP,Low,43231,49616,41906,45.67,3973.51,N,N,2,On-Time,0,0,1,2018-10-03,1,Oct-2018
ACC001558,414,JALANDHAR,JLG30K,12281,7957,14964,2017-09-09,Fully Paid,Quarterly EMI,160051,JALANDHAR-160051,Meera Joshi,Female,46-55,53,1979-01-29,ST,Sikh,RENT,<25K,Salaried,529,XLG,Services, 36 months,0.1065,B,B2,JALANDHAR,102-DBS,LUDHIANA,PB,PB,PUNJAB,JALANDHAR,160051,10067-AKSHAY KUMAR,Low,13791,8226,12098,25.96,4027.66,N,N,1,On-Time,0,0,1,2017-09-09,1,Sep-2017
ACC001559,738,DURGAPUR,JLG30K,4651,39464,20244,2022-06-16,Paid Off,Monthly EMI,700013,DURGAPUR-700013,Laksh Patel,Female,46-55,46,1979-01-29,General,Hindu,RENT,50K-75K,Business,467,XLG,Services, 36 months,0.1065,B,B2,DURGAPUR,201-DBS,HOWRAH,WB,WB,WEST BENGAL,PASCHIM BARDHHAMAN,700013,10037-RAJESH PRATAP,Low,4256,40524,4419,12.66,3022.33,Y,N,2,Late,0,1,1,2019-12-13,0,Jun-2022
ACC001560,316,BEHROR,JLG44K,40239,40073,12320,2022-08-30,Default,Quarterly EMI,30179,BEHROR-30179,Ishaan Malhotra,Female,18-25,22,1979-01-29,OBC,Hindu,RENT,75K-100K,Salaried,679,XLG,Home Loan, 36 months,0.0662,A,A2,BEHROR,301-DBS,JAIPUR,RJ,RJ,RAJASTHAN,BEHROD,30179,10055-MAHESH KUMAR PATEL,Low,40054,39664,39903,47.74,3758.56,N,N,0,On-Time,0,0,1,2017-07-23,0,Aug-2022
ACC001561,334,DHURI,JLG30K,8991,49585,42806,2023-03-30,Fully Paid,Monthly EMI,1030063,DHURI-1030063,Nisha Mehta,Female,36-45,38,1979-01-29,SC,Muslim,RENT,25K-50K,Self-Employed,774,XLG,Services, 36 months,0.1065,B,B2,DHURI,102-DBS,LUDHIANA,PB,PB,PUNJAB,SANGRUR,1030063,12058-DEEPAK KUMAR,Low,9998,49475,8978,32.36,2346.82,N,N,1,On-Time,0,0,1,2023-03-30,1,Mar-2023
ACC001562,616,DHARMANAGAR,JLG30K,7387,2754,22572,2019-09-04,Active,Monthly EMI,1230018,DHARMANAGAR-1230018,Nisha Joshi,Female,26-35,33,1979-01-29,General,Hindu,MORTGAGE,50K-75K,Self-Employed,731,XLG,Services, 36 months,0.1065,B,B2,DHARMANAGAR,303-DBS,GUWAAHATI,TR,TR,TRIPURA,NORTH TRIPURA,1230018,12526-OKRAM AMOLENDU SINGHA,High,7831,4115,7008,48.71,3222.58,N,N,1,On-Time,0,0,1,2015-08-30,0,Sep-2019
ACC001563,187,DHURI,JLG30K,12894,29983,7018,2018-01-24,Paid Off,Quarterly EMI,1030063,DHURI-1030063,Laksh Sharma,Female,56-63,56,1979-01-29,Minority,Muslim,MORTGAGE,75K-100K,Business,532,XLG,Services, 36 months,0.1065,B,B2,DHURI,102-DBS,LUDHIANA,PB,PB,PUNJAB,SANGRUR,1030063,12058-DEEPAK KUMAR,Low,13133,31372,12642,3.26,1622.79,N,N,1,On-Time,0,0,1,2018-01-24,1,Jan-2018
ACC001564,920,BEHROR,JLG35K,33215,18503,8556,2016-02-15,Active,Quarterly EMI,30179,BEHROR-30179,Kavya Chopra,Female,18-25,23,1979-01-29,General,Hindu,RENT,75K-100K,Business,588,XLG,Trade, 36 months,0.0991,B,B1,BEHROR,301-DBS,JAIPUR,RJ,RJ,RAJASTHAN,BEHROD,30179,10055-MAHESH KUMAR PATEL,Low,34756,18328,33165,18.68,3535.36,N,N,2,On-Time,0,0,1,2016-02-15,1,Feb-2016
ACC001565,441,JALANDHAR,JLG30K,48265,8542,11426,2016-11-24,Fully Paid,Monthly EMI,160051,JALANDHAR-160051,Diya Sharma,Female,26-35,34,1979-01-29,ST,Sikh,MORTGAGE,100K+,Self-Employed,341,XLG,Services, 36 months,0.1065,B,B2,JALANDHAR,102-DBS,LUDHIANA,PB,PB,PUNJAB,JALANDHAR,160051,10067-AKSHAY KUMAR,Low,49575,10152,47998,9.97,2623.43,N,N,2,On-Time,0,0,1,2016-11-24,1,Nov-2016
ACC001566,618,SANGRUR,JLG30K,49688,6738,21960,2019-09-10,Active,Monthly EMI,110159,SANGRUR-110159,Laksh Sharma,Female,26-35,31,1979-01-29,SC,Hindu,RENT,100K+,Self-Employed,672,XLG,Services, 36 months,0.1065,B,B2,SANGRUR,102-DBS,LUDHIANA,PB,PB,PUNJAB,SANGRUR,110159,10037-RAJESH PRATAP,Low,49907,8172,49612,8.78,789.82,N,N,0,On-Time,0,0,1,2015-04-12,0,Sep-2019
ACC001567,112,DHURI,JLG50K,9625,19836,23635,2017-02-04,Paid Off,Monthly EMI,1030063,DHURI-1030063,Ishaan Nair,Female,36-45,41,1979-01-29,ST,Sikh,MORTGAGE,<25K,Salaried,338,XLG,Home Loan, 60 months,0.1991,E,E4,DHURI,102-DBS,LUDHIANA,PB,PB,PUNJAB,SANGRUR,1030063,12058-DEEPAK KUMAR,Low,10705,20495,9184,21.4,1118.58,N,N,1,On-Time,0,0,1,2017-02-04,1,Feb-2017
ACC001568,404,BUXAR,JLG35K,13607,8163,11611,2021-09-21,Fully Paid,Monthly EMI,710002,BUXAR-710002,Vivaan Joshi,Female,26-35,29,1979-01-29,Minority,Hindu,MORTGAGE,75K-100K,Business,395,XLG,Trade, 36 months,0.0991,B,B1,BUXAR,209-DBS,PATNA,BR,BR,BIHAR,BUXAR,710002,10055-MAHESH KUMAR PATEL,Medium,14443,8658,13314,17.69,2866.27,N,N,2,On-Time,0,0,1,2016-05-16,0,Sep-2021
ACC001569,508,CHHAPRA,JLG46K,19968,31704,16533,2019-03-06,Fully Paid,Quarterly EMI,380112,CHHAPRA-380112,Aditya Verma,Female,46-55,49,1979-01-29,ST,Sikh,RENT,50K-75K,Self-Employed,695,XLG,Home Loan, 36 months,0.1825,D,D5,CHHAPRA,209-DBS,PATNA,BR,BR,BIHAR,CHHAPRA,380112,11867-VIKRANT KUMAR VICKY,High,19520,33598,19564,0.66,1481.58,N,N,2,On-Time,0,0,1,2015-11-07,0,Mar-2019
ACC001570,640,PATIALA,JLG30K,28233,12939,7227,2021-11-06,Active,Monthly EMI,100186,PATIALA-100186,Ishaan Sharma,Female,26-35,26,1979-01-29,General,Hindu,RENT,25K-50K,Salaried,522,XLG,Services, 36 months,0.1065,B,B2,PATIALA,102-DBS,LUDHIANA,PB,PB,PUNJAB,PATIALA,100186,10420-MUNENDRA  SINGH,Medium,27849,13092,28152,49.56,813.43,N,N,1,On-Time,0,0,1,2015-11-29,0,Nov-2021
ACC001571,899,UJJAIN,JLG30K,32281,23455,26733,2015-10-05,Fully Paid,Monthly EMI,1510002,UJJAIN-1510002,Laksh Sharma,Female,36-45,37,1979-01-29,Minority,Muslim,RENT,<25K,Self-Employed,740,XLG,Services, 36 months,0.1065,B,B2,UJJAIN,200-DBS,BHOPAL,MP,MP,MADHYA PRADESH,UJJAIN,1510002,12915-FAIZAL KHAN,High,32761,24794,32269,45.36,1634.21,Y,N,1,On-Time,0,1,1,2015-10-05,1,Oct-2015
ACC001572,19,BEHROR,JLG30K,4084,30292,23648,2019-12-22,Fully Paid,Monthly EMI,30179,BEHROR-30179,Vivaan Patel,Female,46-55,51,1979-01-29,SC,Hindu,MORTGAGE,100K+,Business,375,XLG,Services, 36 months,0.1065,B,B2,BEHROR,301-DBS,JAIPUR,RJ,RJ,RAJASTHAN,BEHROD,30179,10055-MAHESH KUMAR PATEL,Low,5830,32200,3918,4.99,4027.15,N,N,0,Very Late,0,0,1,2019-12-22,1,Dec-2019
ACC001573,741,BEHROR,JLG30K,12776,5015,23359,2016-07-09,Active,Monthly EMI,30179,BEHROR-30179,Kavya Gupta,Female,36-45,45,1979-01-29,General,Hindu,RENT,75K-100K,Self-Employed,773,XLG,Services, 36 months,0.1065,B,B2,BEHROR,301-DBS,JAIPUR,RJ,RJ,RAJASTHAN,BEHROD,30179,10055-MAHESH KUMAR PATEL,Low,12883,5457,12332,42.32,4834.32,N,N,2,On-Time,0,0,1,2016-07-09,1,Jul-2016
ACC001574,401,DURGAPUR,JLG30K,33782,20168,32776,2019-02-10,Fully Paid,Quarterly EMI,700013,DURGAPUR-700013,Laksh Patel,Female,46-55,46,1979-01-29,General,Hindu,RENT,50K-75K,Business,467,XLG,Services, 36 months,0.1065,B,B2,DURGAPUR,201-DBS,HOWRAH,WB,WB,WEST BENGAL,PASCHIM BARDHHAMAN,700013,10037-RAJESH PRATAP,Low,35740,20746,33685,29.51,380.28,N,N,1,On-Time,0,0,1,2015-09-05,0,Feb-2019
ACC001575,633,SANGRUR,JLG44K,3664,39489,39553,2022-05-27,Fully Paid,Quarterly EMI,110159,SANGRUR-110159,Kavya Verma,Female,36-45,37,1979-01-29,General,Hindu,RENT,<25K,Self-Employed,479,XLG,Home Loan, 36 months,0.0662,A,A2,SANGRUR,102-DBS,LUDHIANA,PB,PB,PUNJAB,SANGRUR,110159,10037-RAJESH PRATAP,Low,5331,41326,3205,24.16,2992.55,N,N,0,Very Late,0,0,1,2022-05-27,1,May-2022
ACC001576,16,KURUKSHETRA,JLG30K,29858,46199,19223,2021-01-02,Active,Quarterly EMI,70364,KURUKSHETRA-70364,Vivaan Malhotra,Female,46-55,53,1979-01-29,SC,Hindu,RENT,75K-100K,Business,488,XLG,Services, 36 months,0.1065,B,B2,KURUKSHETRA,206-DBS,KARNAL,HR,HR,HARYANA,KURUKSHETRA,70364,10028-AAYUSH PANDEY,Medium,30805,46012,29750,9.05,1121.23,N,N,2,On-Time,0,0,1,2015-09-15,0,Jan-2021
ACC001577,123,PALWAL,JLG35K,8314,48224,40079,2015-06-23,Active,Monthly EMI,20242,PALWAL-20242,Meera Chopra,Female,36-45,37,1979-01-29,ST,Sikh,RENT,75K-100K,Salaried,373,XLG,Trade, 36 months,0.0991,B,B1,PALWAL,206-DBS,KARNAL,HR,HR,HARYANA,PALWAL,20242,10903-HEMANT SHUKLA,Medium,8449,49843,7908,41.31,520.75,N,Y,1,Very Late,1,0,1,2015-06-23,1,Jun-2015
ACC001578,945,SIRSA,JLG30K,21752,2869,28920,2015-10-02,Fully Paid,Quarterly EMI,730084,SIRSA-730084,Meera Patel,Female,26-35,28,1979-01-29,SC,Hindu,RENT,25K-50K,Business,385,XLG,Services, 36 months,0.1065,B,B2,SIRSA,206-DBS,KARNAL,HR,HR,HARYANA,SIRSA,730084,10149-ABHISHEK MAURYA,Medium,23725,4309,21408,42.01,2391.17,N,N,2,On-Time,0,0,1,2015-10-02,1,Oct-2015
ACC001579,499,TEZPUR,JLG35K,21013,41234,40268,2021-01-18,Active,Quarterly EMI,680026,TEZPUR-680026,Meera Chopra,Female,46-55,53,1979-01-29,ST,Sikh,RENT,75K-100K,Business,551,XLG,Trade, 36 months,0.0991,B,B1,TEZPUR,208-DBS,GUWAAHATI,AS,AS,ASSAM,SONITPUR,680026,11055-MANAS PROTIM HAZARIKA,Medium,20883,42474,20697,45.35,2042.7,N,N,0,On-Time,0,0,1,2019-05-15,0,Jan-2021
ACC001580,676,Mangaldoi,JLG35K,27598,14053,4392,2021-12-14,Active,Monthly EMI,570241,Mangaldoi-570241,Meera Gupta,Female,46-55,47,1979-01-29,Minority,Muslim,MORTGAGE,25K-50K,Self-Employed,346,XLG,Trade, 36 months,0.0991,B,B1,Mangaldoi,208-DBS,GUWAAHATI,AS,AS,ASSAM,Mangaldoi,570241,10961-NAYAN JYOTI SARMAH,Low,27632,15623,27519,34.61,4827.3,N,N,2,On-Time,0,0,1,2015-09-25,0,Dec-2021
ACC001581,595,SANGRUR,JLG30K,33328,37473,40033,2021-03-31,Default,Monthly EMI,110159,SANGRUR-110159,Kavya Malhotra,Female,36-45,41,1979-01-29,OBC,Hindu,RENT,25K-50K,Salaried,495,XLG,Services, 36 months,0.1065,B,B2,SANGRUR,102-DBS,LUDHIANA,PB,PB,PUNJAB,SANGRUR,110159,10037-RAJESH PRATAP,Low,34304,37023,32924,39.3,2353.28,N,N,1,On-Time,0,0,1,2015-05-29,0,Mar-2021
ACC001582,227,BUXAR,JLG35K,14363,12260,24429,2023-01-22,Paid Off,Quarterly EMI,710002,BUXAR-710002,Vivaan Chopra,Female,46-55,49,1979-01-29,General,Muslim,RENT,<25K,Salaried,357,XLG,Trade, 36 months,0.0991,B,B1,BUXAR,209-DBS,PATNA,BR,BR,BIHAR,BUXAR,710002,10055-MAHESH KUMAR PATEL,Medium,14466,13159,13906,25.94,409.01,N,N,1,Late,0,0,1,2023-01-22,1,Jan-2023
ACC001583,281,BEHROR,JLG30K,10224,19277,13249,2019-08-15,Fully Paid,Quarterly EMI,30179,BEHROR-30179,Aditya Mehta,Female,46-55,46,1979-01-29,Minority,Muslim,RENT,<25K,Business,708,XLG,Services, 36 months,0.1065,B,B2,BEHROR,301-DBS,JAIPUR,RJ,RJ,RAJASTHAN,BEHROD,30179,10055-MAHESH KUMAR PATEL,Low,10025,19994,10104,11.24,2452.71,N,N,1,Late,0,0,1,2019-08-15,1,Aug-2019
ACC001584,399,PAOTA,JLG50K,46667,12719,23614,2018-12-25,Fully Paid,Quarterly EMI,90149,PAOTA-90149,Laksh Mehta,Female,36-45,44,1975-07-28,General,Muslim,RENT,50K-75K,Salaried,425,XLG,Home Loan, 60 months,0.1991,E,E4,PAOTA,301-DBS,JAIPUR,RJ,RJ,RAJASTHAN,jaipur,90149,10043-RAVI MISHRA,Low,47870,14005,46659,7.39,239.41,N,N,0,Late,0,0,1,2018-10-19,0,Dec-2018
ACC001585,695,Mangaldoi,JLG30K,7709,32163,25553,2021-06-02,Paid Off,Quarterly EMI,570241,Mangaldoi-570241,Meera Mehta,Female,36-45,45,1979-01-29,Minority,Muslim,RENT,75K-100K,Business,357,XLG,Services, 36 months,0.1065,B,B2,Mangaldoi,208-DBS,GUWAAHATI,AS,AS,ASSAM,Mangaldoi,570241,10961-NAYAN JYOTI SARMAH,Low,9147,33943,7645,44.82,3438.55,N,N,2,On-Time,0,0,1,2020-05-28,0,Jun-2021
ACC001586,964,DHURI,JLG35K,20859,23622,31635,2021-04-16,Fully Paid,Quarterly EMI,1030063,DHURI-1030063,Kavya Reddy,Female,56-63,59,1979-01-29,General,Muslim,RENT,50K-75K,Salaried,775,XLG,Trade, 36 months,0.0991,B,B1,DHURI,102-DBS,LUDHIANA,PB,PB,PUNJAB,SANGRUR,1030063,12058-DEEPAK KUMAR,Low,22032,24092,20768,4.79,1076.88,N,N,1,Late,0,0,1,2021-04-16,1,Apr-2021
ACC001587,612,SAMRALA,JLG35K,11986,42686,37162,2015-09-15,Paid Off,Quarterly EMI,130067,SAMRALA-130067,Meera Verma,Female,26-35,34,1979-01-29,ST,Sikh,RENT,100K+,Self-Employed,464,XLG,Trade, 36 months,0.0991,B,B1,SAMRALA,102-DBS,LUDHIANA,PB,PB,PUNJAB,SAMRALA,130067,10050-GAUTAM SINGH,Low,12073,44439,11833,28.67,1692.96,N,N,0,On-Time,0,0,1,2015-09-15,1,Sep-2015
ACC001588,620,Mathura,JLG35K,28375,44141,31140,2015-11-08,Paid Off,Monthly EMI,910182,Mathura-910182,Aditya Joshi,Female,26-35,35,1979-01-29,General,Hindu,RENT,<25K,Business,624,XLG,Trade, 36 months,0.0991,B,B1,Mathura,176-DBS,BULANDSHAHR,UP,UP,UTTAR PRADESH,MATHURA,910182,10469-MANISH  PANDEY,High,30096,44617,28164,35.09,4896.36,N,N,0,On-Time,0,0,1,2015-11-08,1,Nov-2015
ACC001589,998,MAWANA,JLG30K,38427,45358,32887,2018-04-25,Fully Paid,Monthly EMI,800018,MAWANA-800018,Ananya Patel,Female,36-45,43,1979-01-29,Minority,Muslim,RENT,75K-100K,Salaried,558,XLG,Services, 36 months,0.1065,B,B2,MAWANA,176-DBS,BULANDSHAHR,UP,UP,UTTAR PRADESH,MEERUT,800018,11183-ANIL KUMAR,Medium,38439,45276,38006,34.83,311.67,N,N,1,Late,0,0,1,2018-04-25,1,Apr-2018
ACC001590,470,SEHORE,JLG30K,12040,41968,29841,2021-10-24,Paid Off,Quarterly EMI,1440051,SEHORE-1440051,Nisha Nair,Female,26-35,28,1979-01-29,ST,Sikh,MORTGAGE,25K-50K,Self-Employed,641,XLG,Services, 36 months,0.1065,B,B2,SEHORE,200-DBS,BHOPAL,MP,MP,MADHYA PRADESH,SEHORE,1440051,10063-VIR SINGH,High,13407,43910,11789,8.87,2093.62,N,N,0,On-Time,0,0,1,2021-01-15,0,Oct-2021
ACC001591,398,DURGAPUR,JLG30K,18117,9012,18861,2018-07-01,Active,Quarterly EMI,700013,DURGAPUR-700013,Laksh Sharma,Female,26-35,29,1979-01-29,ST,Sikh,MORTGAGE,<25K,Self-Employed,695,XLG,Services, 36 months,0.1065,B,B2,DURGAPUR,201-DBS,HOWRAH,WB,WB,WEST BENGAL,PASCHIM BARDHHAMAN,700013,10037-RAJESH PRATAP,Low,19296,10072,17968,33.74,3951.07,N,N,1,On-Time,0,0,1,2018-07-01,1,Jul-2018
ACC001592,287,FATEHABAD,JLG44K,41657,42920,12781,2018-11-24,Active,Quarterly EMI,670106,FATEHABAD-670106,Kavya Reddy,Female,56-63,59,1979-01-29,General,Muslim,RENT,50K-75K,Salaried,775,XLG,Home Loan, 36 months,0.0662,A,A2,FATEHABAD,206-DBS,KARNAL,HR,HR,HARYANA,FATEHABAD,670106,10316-DEEPAK KUMAR,Medium,43585,44099,41555,41.49,2247.88,N,N,0,On-Time,0,0,1,2016-01-23,0,Nov-2018
ACC001593,731,DIBRUGARH,JLG40K,44641,27277,39837,2017-05-21,Active,Quarterly EMI,1050013,DIBRUGARH-1050013,Aarav Joshi,Female,18-25,22,1997-10-27,General,Hindu,RENT,<25K,Salaried,516,XLG,Services, 36 months,0.1727,D,D3,DIBRUGARH,208-DBS,GUWAAHATI,AS,AS,ASSAM,DIBRUGARH,1050013,10961-NAYAN JYOTI SARMAH,Low,46445,29104,44535,17.0,913.54,N,N,1,On-Time,0,0,1,2016-09-22,0,May-2017
ACC001594,854,SHAHDOL,JLG30K,38924,41508,1789,2018-08-18,Paid Off,Monthly EMI,1550006,SHAHDOL-1550006,Meera Gupta,Female,26-35,29,1979-01-29,ST,Sikh,RENT,75K-100K,Self-Employed,369,XLG,Services, 36 months,0.1065,B,B2,SHAHDOL,200-DBS,BHOPAL,MP,MP,MADHYA PRADESH,SHAHDOL,1550006,10021-MAHENDRA PRATAP SINGH,Medium,40108,41621,38429,23.02,2273.65,N,N,2,On-Time,0,0,1,2018-02-07,0,Aug-2018
ACC001595,799,Mathura,JLG30K,20666,23306,11544,2020-01-12,Fully Paid,Monthly EMI,910182,Mathura-910182,Aarav Malhotra,Female,46-55,46,1979-01-29,Minority,Muslim,MORTGAGE,100K+,Salaried,604,XLG,Services, 36 months,0.1065,B,B2,Mathura,176-DBS,BULANDSHAHR,UP,UP,UTTAR PRADESH,MATHURA,910182,10469-MANISH  PANDEY,High,22383,22872,20608,10.89,1778.26,N,N,1,Late,0,0,1,2020-01-12,1,Jan-2020
ACC001596,788,Mathura,JLG30K,18827,16201,35664,2015-06-17,Fully Paid,Monthly EMI,910182,Mathura-910182,Ishaan Joshi,Female,36-45,43,1979-01-29,General,Hindu,RENT,100K+,Salaried,675,XLG,Services, 36 months,0.1065,B,B2,Mathura,176-DBS,BULANDSHAHR,UP,UP,UTTAR PRADESH,MATHURA,910182,10469-MANISH  PANDEY,High,20267,15835,18527,14.13,1983.54,N,N,2,Late,0,0,1,2015-06-17,1,Jun-2015
ACC001597,58,BUXAR,JLG30K,25720,47590,43116,2018-06-07,Paid Off,Monthly EMI,710002,BUXAR-710002,Laksh Gupta,Female,46-55,52,1979-01-29,SC,Hindu,RENT,75K-100K,Salaried,584,XLG,Services, 36 months,0.1065,B,B2,BUXAR,209-DBS,PATNA,BR,BR,BIHAR,BUXAR,710002,10055-MAHESH KUMAR PATEL,Medium,26193,48946,25626,25.04,2179.31,N,N,1,On-Time,0,0,1,2016-04-06,0,Jun-2018
ACC001598,639,UJJAIN,JLG46K,40324,42154,27373,2019-10-09,Paid Off,Monthly EMI,1510002,UJJAIN-1510002,Diya Reddy,Female,36-45,36,1979-01-29,SC,Hindu,MORTGAGE,25K-50K,Business,796,XLG,Home Loan, 36 months,0.1825,D,D5,UJJAIN,200-DBS,BHOPAL,MP,MP,MADHYA PRADESH,UJJAIN,1510002,12915-FAIZAL KHAN,High,41220,43677,39915,40.7,2716.71,N,N,0,Very Late,0,0,1,2019-10-09,1,Oct-2019
ACC001599,732,BILASPUR,JLG35K,48158,21358,18760,2015-04-10,Active,Quarterly EMI,240005,BILASPUR-240005,Aditya Sharma,Female,26-35,32,1979-01-29,General,Hindu,RENT,50K-75K,Self-Employed,821,XLG,Trade, 36 months,0.0991,B,B1,BILASPUR,207-DBS,RAIPUR,CG,CG,CHATTISGARH,BILASPUR,240005,10886-MANISH KUMAR DWIVEDI,Low,47823,21949,47764,25.26,4645.42,N,N,2,On-Time,0,0,1,2015-04-10,1,Apr-2015
ACC001600,459,SANGRUR,JLG30K,16704,28331,19840,2020-11-01,Fully Paid,Monthly EMI,110159,SANGRUR-110159,Nisha Verma,Female,26-35,35,1979-01-29,SC,Hindu,RENT,75K-100K,Salaried,792,XLG,Services, 36 months,0.1065,B,B2,SANGRUR,102-DBS,LUDHIANA,PB,PB,PUNJAB,SANGRUR,110159,10037-RAJESH PRATAP,Low,18056,28180,16379,9.52,730.87,N,N,1,On-Time,0,0,1,2018-03-21,0,Nov-2020
ACC001601,140,SANGRUR,JLG35K,47388,29988,35797,2017-01-07,Fully Paid,Quarterly EMI,110159,SANGRUR-110159,Nisha Nair,Female,26-35,28,1979-01-29,ST,Sikh,MORTGAGE,25K-50K,Self-Employed,641,XLG,Trade, 36 months,0.0991,B,B1,SANGRUR,102-DBS,LUDHIANA,PB,PB,PUNJAB,SANGRUR,110159,10037-RAJESH PRATAP,Low,46936,31064,47075,45.17,1750.66,N,N,2,On-Time,0,0,1,2016-02-05,0,Jan-2017
ACC001602,252,SANGRUR,JLG44K,14292,8108,37470,2020-02-12,Active,Quarterly EMI,110159,SANGRUR-110159,Ishaan Patel,Female,36-45,39,1979-01-29,Minority,Muslim,RENT,75K-100K,Self-Employed,472,XLG,Home Loan, 36 months,0.0662,A,A2,SANGRUR,102-DBS,LUDHIANA,PB,PB,PUNJAB,SANGRUR,110159,10037-RAJESH PRATAP,Low,16125,8411,14037,8.03,1788.82,N,N,2,On-Time,0,0,1,2016-12-21,0,Feb-2020
ACC001603,107,DHURI,JLG30K,37071,13621,38792,2023-09-30,Fully Paid,Quarterly EMI,1030063,DHURI-1030063,Ananya Reddy,Female,26-35,29,1979-01-29,ST,Sikh,RENT,100K+,Salaried,324,XLG,Services, 36 months,0.1065,B,B2,DHURI,102-DBS,LUDHIANA,PB,PB,PUNJAB,SANGRUR,1030063,12058-DEEPAK KUMAR,Low,38880,15263,36858,22.92,3711.89,Y,N,1,Late,0,1,1,2023-09-30,1,Sep-2023
ACC001604,817,Mathura,JLG30K,30833,32118,40316,2019-11-16,Fully Paid,Quarterly EMI,910182,Mathura-910182,Meera Malhotra,Female,46-55,50,1979-01-29,Minority,Muslim,RENT,<25K,Salaried,416,XLG,Services, 36 months,0.1065,B,B2,Mathura,176-DBS,BULANDSHAHR,UP,UP,UTTAR PRADESH,MATHURA,910182,10469-MANISH  PANDEY,High,30882,32024,30378,21.98,2340.86,N,N,2,Late,0,0,1,2019-11-16,1,Nov-2019
ACC001605,981,DHURI,JLG35K,43157,9700,40416,2021-12-06,Active,Monthly EMI,1030063,DHURI-1030063,Aditya Joshi,Female,46-55,54,1979-01-29,OBC,Hindu,RENT,50K-75K,Business,357,XLG,Trade, 36 months,0.0991,B,B1,DHURI,102-DBS,LUDHIANA,PB,PB,PUNJAB,SANGRUR,1030063,12058-DEEPAK KUMAR,Low,44629,11390,43022,5.4,3436.33,N,N,0,On-Time,0,0,1,2017-02-17,0,Dec-2021
ACC001606,659,BEHROR,JLG30K,14115,10320,23995,2017-09-12,Fully Paid,Quarterly EMI,30179,BEHROR-30179,Kavya Gupta,Female,36-45,39,1979-01-29,OBC,Hindu,RENT,50K-75K,Salaried,692,XLG,Services, 36 months,0.1065,B,B2,BEHROR,301-DBS,JAIPUR,RJ,RJ,RAJASTHAN,BEHROD,30179,10055-MAHESH KUMAR PATEL,Low,14867,9883,13932,14.23,3353.62,N,N,0,Very Late,0,0,1,2017-05-06,0,Sep-2017
ACC001607,240,MUKTSAR,JLG30K,43815,11703,16296,2016-10-05,Fully Paid,Monthly EMI,1110166,MUKTSAR-1110166,Meera Mehta,Female,46-55,49,1979-01-29,Minority,Muslim,MORTGAGE,<25K,Salaried,825,XLG,Services, 36 months,0.1065,B,B2,MUKTSAR,102-DBS,LUDHIANA,PB,PB,PUNJAB,SRI MUKTSAR SAHIB,1110166,11303-ASHUTOSH KUMAR SUMAN,Medium,45628,11359,43406,40.06,903.7,N,N,0,On-Time,0,0,1,2016-10-05,1,Oct-2016
ACC001608,221,SANGRUR,JLG29K,49565,6129,28520,2016-09-06,Paid Off,Quarterly EMI,110159,SANGRUR-110159,Aarav Verma,Female,26-35,33,1979-01-29,ST,Sikh,MORTGAGE,25K-50K,Salaried,754,XLG,Trade, 60 months,0.1727,D,D3,SANGRUR,102-DBS,LUDHIANA,PB,PB,PUNJAB,SANGRUR,110159,10037-RAJESH PRATAP,Low,50058,6645,49357,28.65,3890.3,Y,N,0,On-Time,0,1,1,2015-03-04,0,Sep-2016
ACC001609,10,CHHAPRA,JLG35K,33263,31369,13230,2018-01-06,Active,Monthly EMI,380112,CHHAPRA-380112,Ishaan Mehta,Female,36-45,39,1979-01-29,OBC,Hindu,OWN,50K-75K,Self-Employed,812,XLG,Trade, 36 months,0.0991,B,B1,CHHAPRA,209-DBS,PATNA,BR,BR,BIHAR,CHHAPRA,380112,11867-VIKRANT KUMAR VICKY,High,34322,30976,33199,36.19,1984.32,Y,N,0,On-Time,0,1,1,2018-01-06,1,Jan-2018
ACC001610,761,MAWANA,JLG30K,20048,32851,42165,2019-05-16,Active,Quarterly EMI,800018,MAWANA-800018,Kavya Chopra,Female,36-45,43,1979-01-29,General,Muslim,OWN,100K+,Business,300,XLG,Services, 36 months,0.1065,B,B2,MAWANA,176-DBS,BULANDSHAHR,UP,UP,UTTAR PRADESH,MEERUT,800018,11183-ANIL KUMAR,Medium,21117,34595,19702,38.71,2050.73,N,N,0,On-Time,0,0,1,2017-09-26,0,May-2019
ACC001611,516,JALANDHAR,JLG30K,33593,41066,28809,2019-11-01,Paid Off,Quarterly EMI,160051,JALANDHAR-160051,Kavya Sharma,Female,26-35,26,1979-01-29,SC,Hindu,RENT,75K-100K,Business,398,XLG,Services, 36 months,0.1065,B,B2,JALANDHAR,102-DBS,LUDHIANA,PB,PB,PUNJAB,JALANDHAR,160051,10067-AKSHAY KUMAR,Low,34984,42729,33389,42.05,3006.31,N,N,2,On-Time,0,0,1,2016-01-29,0,Nov-2019
ACC001612,73,HAPUR,JLG35K,14759,7704,14490,2017-10-04,Paid Off,Monthly EMI,210563,HAPUR-210563,Ishaan Joshi,Female,36-45,43,1979-01-29,General,Hindu,RENT,100K+,Salaried,675,XLG,Trade, 36 months,0.0991,B,B1,HAPUR,176-DBS,BULANDSHAHR,UP,UP,UTTAR PRADESH,HAPUR,210563,10183-RISHABH PANT,Low,15339,8533,14373,35.03,1619.01,N,N,1,Late,0,0,1,2017-10-04,1,Oct-2017
ACC001613,193,DHURI,JLG35K,45304,49180,19198,2017-01-31,Paid Off,Quarterly EMI,1030063,DHURI-1030063,Meera Sharma,Female,36-45,43,1979-01-29,Minority,Muslim,RENT,100K+,Self-Employed,672,XLG,Trade, 36 months,0.0991,B,B1,DHURI,102-DBS,LUDHIANA,PB,PB,PUNJAB,SANGRUR,1030063,12058-DEEPAK KUMAR,Low,46253,50247,45300,40.55,1092.11,Y,N,2,On-Time,0,1,1,2015-11-10,0,Jan-2017
ACC001614,848,SIRSA,JLG41K,23888,38831,4982,2016-08-26,Default,Quarterly EMI,730084,SIRSA-730084,Nisha Reddy,Female,36-45,38,1979-01-29,General,Muslim,RENT,50K-75K,Self-Employed,755,XLG,Services, 36 months,0.1465,C,C3,SIRSA,206-DBS,KARNAL,HR,HR,HARYANA,SIRSA,730084,10149-ABHISHEK MAURYA,Medium,24357,38398,23786,7.97,991.88,Y,N,1,On-Time,0,1,1,2015-08-26,0,Aug-2016
ACC001615,1001,NIMAPADA,JLG30K,10549,32567,19498,2023-08-31,Default,Monthly EMI,440052,NIMAPADA-440052,Nisha Malhotra,Female,36-45,42,1979-01-29,SC,Hindu,RENT,25K-50K,Self-Employed,717,XLG,Services, 36 months,0.1065,B,B2,NIMAPADA,107-DBS,BHUBANESWAR,OR,OR,ODISHA,NIMAPADA,440052,12004-SAMIR RANJAN SUTRADHAR,High,12187,33819,10544,30.33,1504.86,N,N,1,On-Time,0,0,1,2019-05-06,0,Aug-2023
ACC001616,704,MAWANA,JLG30K,44933,4467,17013,2015-04-02,Default,Quarterly EMI,800018,MAWANA-800018,Aarav Malhotra,Female,46-55,53,1979-01-29,Minority,Muslim,RENT,25K-50K,Business,812,XLG,Services, 36 months,0.1065,B,B2,MAWANA,176-DBS,BULANDSHAHR,UP,UP,UTTAR PRADESH,MEERUT,800018,11183-ANIL KUMAR,Medium,44640,5753,44589,49.68,3019.27,N,N,0,On-Time,0,0,1,2015-04-02,1,Apr-2015
ACC001617,958,SANGRUR,JLG41K,5220,7264,7435,2019-07-13,Active,Monthly EMI,110159,SANGRUR-110159,Ishaan Mehta,Female,36-45,39,1979-01-29,OBC,Hindu,OWN,50K-75K,Self-Employed,812,XLG,Services, 36 months,0.1465,C,C3,SANGRUR,102-DBS,LUDHIANA,PB,PB,PUNJAB,SANGRUR,110159,10037-RAJESH PRATAP,Low,6876,8555,5155,10.42,3814.91,N,N,2,On-Time,0,0,1,2016-10-26,0,Jul-2019
ACC001618,340,BUXAR,JLG30K,29093,45929,5123,2023-05-06,Active,Quarterly EMI,710002,BUXAR-710002,Kavya Gupta,Female,36-45,43,1979-01-29,Minority,Muslim,RENT,<25K,Self-Employed,528,XLG,Services, 36 months,0.1065,B,B2,BUXAR,209-DBS,PATNA,BR,BR,BIHAR,BUXAR,710002,10055-MAHESH KUMAR PATEL,Medium,30078,47147,28836,41.6,1025.83,N,N,1,On-Time,0,0,1,2020-08-13,0,May-2023
ACC001619,3,DHURI,JLG30K,5643,49457,7434,2018-10-27,Active,Monthly EMI,1030063,DHURI-1030063,Laksh Joshi,Female,36-45,36,1979-01-29,OBC,Christian,RENT,100K+,Self-Employed,357,XLG,Services, 36 months,0.1065,B,B2,DHURI,102-DBS,LUDHIANA,PB,PB,PUNJAB,SANGRUR,1030063,12058-DEEPAK KUMAR,Low,6628,50400,5460,6.17,1065.72,N,N,1,Very Late,0,0,1,2018-10-27,1,Oct-2018
ACC001620,755,DURGAPUR,JLG30K,48628,3791,16238,2017-04-23,Fully Paid,Monthly EMI,700013,DURGAPUR-700013,Ananya Reddy,Female,26-35,29,1979-01-29,ST,Sikh,RENT,100K+,Salaried,324,XLG,Services, 36 months,0.1065,B,B2,DURGAPUR,201-DBS,HOWRAH,WB,WB,WEST BENGAL,PASCHIM BARDHHAMAN,700013,10037-RAJESH PRATAP,Low,49981,4730,48193,3.42,4524.61,N,N,1,Late,0,0,1,2017-04-23,1,Apr-2017
ACC001621,29,JALANDHAR,JLG35K,21988,40745,19571,2022-02-02,Paid Off,Monthly EMI,160051,JALANDHAR-160051,Kavya Reddy,Female,18-25,23,1979-01-29,General,Hindu,RENT,25K-50K,Business,503,XLG,Trade, 36 months,0.0991,B,B1,JALANDHAR,102-DBS,LUDHIANA,PB,PB,PUNJAB,JALANDHAR,160051,10067-AKSHAY KUMAR,Low,22046,42497,21910,27.67,1697.25,N,N,0,Late,0,0,1,2017-09-17,0,Feb-2022
ACC001622,125,DHURI,JLG29K,40730,8743,23373,2017-01-03,Active,Quarterly EMI,1030063,DHURI-1030063,Nisha Reddy,Female,36-45,38,1979-01-29,ST,Sikh,RENT,50K-75K,Self-Employed,552,XLG,Trade, 60 months,0.1727,D,D3,DHURI,102-DBS,LUDHIANA,PB,PB,PUNJAB,SANGRUR,1030063,12058-DEEPAK KUMAR,Low,41628,10031,40338,40.17,4869.01,N,N,0,On-Time,0,0,1,2017-01-03,1,Jan-2017
ACC001623,983,MUKTSAR,JLG30K,42213,25689,38097,2018-03-29,Paid Off,Monthly EMI,1110166,MUKTSAR-1110166,Nisha Verma,Female,18-25,22,1979-01-29,ST,Sikh,MORTGAGE,100K+,Salaried,564,XLG,Services, 36 months,0.1065,B,B2,MUKTSAR,102-DBS,LUDHIANA,PB,PB,PUNJAB,SRI MUKTSAR SAHIB,1110166,11303-ASHUTOSH KUMAR SUMAN,Medium,43770,25208,41918,22.94,3657.49,N,N,0,Late,0,0,1,2015-02-28,0,Mar-2018
ACC001624,883,TEZPUR,JLG30K,40627,10647,18874,2015-11-29,Default,Monthly EMI,680026,TEZPUR-680026,Laksh Sharma,Female,26-35,31,1979-01-29,SC,Hindu,RENT,100K+,Self-Employed,672,XLG,Services, 36 months,0.1065,B,B2,TEZPUR,208-DBS,GUWAAHATI,AS,AS,ASSAM,SONITPUR,680026,11055-MANAS PROTIM HAZARIKA,Medium,40427,11244,40482,10.1,1883.13,N,N,1,On-Time,0,0,1,2015-08-29,0,Nov-2015
ACC001625,767,BULANDSHAHR,JLG30K,22217,19366,3224,2021-05-16,Paid Off,Quarterly EMI,10068,BULANDSHAHR-10068,Meera Verma,Female,26-35,34,1979-01-29,ST,Sikh,RENT,100K+,Self-Employed,464,XLG,Services, 36 months,0.1065,B,B2,BULANDSHAHR,176-DBS,BULANDSHAHR,UP,UP,UTTAR PRADESH,BULANDSHAHAR,10068,10057-NANDI SHANKAR,High,22785,19974,21738,38.76,4888.97,N,N,0,Late,0,0,1,2021-05-16,1,May-2021
ACC001626,519,MUKTSAR,JLG30K,38342,49332,36150,2019-12-23,Fully Paid,Monthly EMI,1110166,MUKTSAR-1110166,Ananya Patel,Female,36-45,43,1979-01-29,Minority,Muslim,RENT,75K-100K,Salaried,558,XLG,Services, 36 months,0.1065,B,B2,MUKTSAR,102-DBS,LUDHIANA,PB,PB,PUNJAB,SRI MUKTSAR SAHIB,1110166,11303-ASHUTOSH KUMAR SUMAN,Medium,38493,50035,37863,30.8,3693.63,N,N,0,On-Time,0,0,1,2017-12-25,0,Dec-2019
ACC001627,118,MAWANA,JLG30K,5528,38971,38671,2023-11-10,Active,Monthly EMI,800018,MAWANA-800018,Meera Patel,Female,26-35,28,1991-03-29,ST,Sikh,RENT,25K-50K,Salaried,432,XLG,Services, 36 months,0.1065,B,B2,MAWANA,176-DBS,BULANDSHAHR,UP,UP,UTTAR PRADESH,MEERUT,800018,11183-ANIL KUMAR,Medium,5821,39401,5170,14.88,4033.03,N,N,1,On-Time,0,0,1,2017-05-20,0,Nov-2023
ACC001628,597,MUKTSAR,JLG30K,12537,5080,39470,2018-01-20,Default,Monthly EMI,1110166,MUKTSAR-1110166,Meera Mehta,Female,46-55,49,1979-01-29,Minority,Muslim,MORTGAGE,<25K,Salaried,825,XLG,Services, 36 months,0.1065,B,B2,MUKTSAR,102-DBS,LUDHIANA,PB,PB,PUNJAB,SRI MUKTSAR SAHIB,1110166,11303-ASHUTOSH KUMAR SUMAN,Medium,12458,5352,12266,35.33,1482.22,N,N,0,On-Time,0,0,1,2015-09-02,0,Jan-2018
ACC001629,987,Mathura,JLG30K,13226,12887,15991,2019-03-30,Paid Off,Monthly EMI,910182,Mathura-910182,Meera Joshi,Female,46-55,53,1979-01-29,ST,Sikh,RENT,<25K,Salaried,529,XLG,Services, 36 months,0.1065,B,B2,Mathura,176-DBS,BULANDSHAHR,UP,UP,UTTAR PRADESH,MATHURA,910182,10469-MANISH  PANDEY,High,12845,14810,12747,35.73,4632.67,Y,N,0,On-Time,0,1,1,2019-01-06,0,Mar-2019
ACC001630,493,MUKTSAR,JLG30K,4851,38529,16691,2015-10-21,Paid Off,Quarterly EMI,1110166,MUKTSAR-1110166,Vivaan Mehta,Female,26-35,28,1979-01-29,ST,Sikh,RENT,50K-75K,Salaried,375,XLG,Services, 36 months,0.1065,B,B2,MUKTSAR,102-DBS,LUDHIANA,PB,PB,PUNJAB,SRI MUKTSAR SAHIB,1110166,11303-ASHUTOSH KUMAR SUMAN,Medium,6300,39587,4628,17.72,564.98,N,N,2,On-Time,0,0,1,2015-10-21,1,Oct-2015
ACC001631,39,ASANSOL,JLG50K,5657,33635,23845,2017-11-07,Paid Off,Monthly EMI,690076,ASANSOL-690076,Nisha Patel,Female,36-45,41,1979-01-29,General,Hindu,RENT,100K+,Salaried,399,XLG,Home Loan, 60 months,0.1991,E,E4,ASANSOL,201-DBS,HOWRAH,WB,WB,WEST BENGAL,PASCHIM BARDHHAMAN,690076,10035-ABHAY TOMER,Medium,6745,33567,5419,23.02,3053.14,N,N,1,On-Time,0,0,1,2017-11-07,1,Nov-2017
ACC001632,551,BEHROR,JLG30K,11280,2995,26544,2020-10-09,Fully Paid,Quarterly EMI,30179,BEHROR-30179,Nisha Chopra,Female,46-55,49,1979-01-29,SC,Hindu,RENT,75K-100K,Business,641,XLG,Services, 36 months,0.1065,B,B2,BEHROR,301-DBS,JAIPUR,RJ,RJ,RAJASTHAN,BEHROD,30179,10055-MAHESH KUMAR PATEL,Low,12809,4773,11039,9.77,4284.51,N,N,2,On-Time,0,0,1,2015-05-17,0,Oct-2020
ACC001633,456,MUKTSAR,JLG46K,32080,31980,25368,2023-03-07,Default,Quarterly EMI,1110166,MUKTSAR-1110166,Kavya Malhotra,Female,36-45,41,1979-01-29,OBC,Hindu,RENT,25K-50K,Salaried,495,XLG,Home Loan, 36 months,0.1825,D,D5,MUKTSAR,102-DBS,LUDHIANA,PB,PB,PUNJAB,SRI MUKTSAR SAHIB,1110166,11303-ASHUTOSH KUMAR SUMAN,Medium,31979,32545,31978,49.49,1716.74,Y,N,0,Very Late,0,1,1,2015-06-22,0,Mar-2023
ACC001634,85,DURGAPUR,JLG35K,39711,19326,21654,2019-05-05,Paid Off,Monthly EMI,700013,DURGAPUR-700013,Nisha Verma,Female,26-35,26,1979-01-29,OBC,Hindu,RENT,100K+,Self-Employed,824,XLG,Trade, 36 months,0.0991,B,B1,DURGAPUR,201-DBS,HOWRAH,WB,WB,WEST BENGAL,PASCHIM BARDHHAMAN,700013,10037-RAJESH PRATAP,Low,39937,21133,39604,19.11,2165.57,N,N,2,On-Time,0,0,1,2019-05-05,1,May-2019
ACC001635,130,AGRA,JLG30K,48026,32758,24134,2021-12-10,Paid Off,Monthly EMI,140056,AGRA-140056,Vivaan Verma,Female,26-35,34,1985-09-29,ST,Sikh,MORTGAGE,100K+,Self-Employed,469,XLG,Services, 36 months,0.1065,B,B2,AGRA,176-DBS,BULANDSHAHR,UP,UP,UTTAR PRADESH,AGRA,140056,10161-RAM AVTAR,Medium,49343,32917,47852,18.98,544.9,N,N,2,On-Time,0,0,1,2015-03-16,0,Dec-2021
ACC001636,962,BEHROR,JLG30K,15816,9378,32469,2023-10-20,Paid Off,Monthly EMI,30179,BEHROR-30179,Kavya Verma,Female,36-45,39,1979-01-29,ST,Sikh,RENT,100K+,Business,791,XLG,Services, 36 months,0.1065,B,B2,BEHROR,301-DBS,JAIPUR,RJ,RJ,RAJASTHAN,BEHROD,30179,10055-MAHESH KUMAR PATEL,Low,16839,11288,15787,5.8,436.91,Y,N,2,On-Time,0,1,1,2019-08-17,0,Oct-2023
ACC001637,252,MUKTSAR,JLG35K,48862,24716,19876,2016-12-21,Fully Paid,Monthly EMI,1110166,MUKTSAR-1110166,Ishaan Patel,Female,36-45,39,1979-01-29,Minority,Muslim,RENT,75K-100K,Self-Employed,472,XLG,Trade, 36 months,0.0991,B,B1,MUKTSAR,102-DBS,LUDHIANA,PB,PB,PUNJAB,SRI MUKTSAR SAHIB,1110166,11303-ASHUTOSH KUMAR SUMAN,Medium,50784,26515,48713,17.15,3790.3,N,Y,2,On-Time,1,0,1,2016-12-21,1,Dec-2016
ACC001638,2,MUKTSAR,JLG30K,37576,4754,19863,2023-02-27,Paid Off,Quarterly EMI,1110166,MUKTSAR-1110166,Meera Chopra,Female,36-45,36,1979-01-29,OBC,Christian,RENT,75K-100K,Self-Employed,419,XLG,Services, 36 months,0.1065,B,B2,MUKTSAR,102-DBS,LUDHIANA,PB,PB,PUNJAB,SRI MUKTSAR SAHIB,1110166,11303-ASHUTOSH KUMAR SUMAN,Medium,38149,4482,37107,18.12,4637.45,N,Y,0,Late,1,0,1,2018-08-16,0,Feb-2023
ACC001639,847,BUXAR,JLG30K,21855,37129,10668,2015-03-01,Paid Off,Monthly EMI,710002,BUXAR-710002,Kavya Gupta,Female,36-45,39,1979-01-29,OBC,Hindu,RENT,50K-75K,Salaried,692,XLG,Services, 36 months,0.1065,B,B2,BUXAR,209-DBS,PATNA,BR,BR,BIHAR,BUXAR,710002,10055-MAHESH KUMAR PATEL,Medium,23495,38920,21807,17.94,4636.19,N,Y,0,On-Time,1,0,1,2015-03-01,1,Mar-2015
ACC001640,680,DURGAPUR,JLG30K,39348,3590,10480,2021-05-20,Paid Off,Quarterly EMI,700013,DURGAPUR-700013,Diya Joshi,Female,26-35,34,1979-01-29,OBC,Hindu,RENT,25K-50K,Salaried,756,XLG,Services, 36 months,0.1065,B,B2,DURGAPUR,201-DBS,HOWRAH,WB,WB,WEST BENGAL,PASCHIM BARDHHAMAN,700013,10037-RAJESH PRATAP,Low,39232,4385,38989,4.51,3525.09,N,N,0,Late,0,0,1,2021-05-20,1,May-2021
ACC001641,298,MUKTSAR,JLG35K,40547,16150,24677,2021-07-27,Paid Off,Monthly EMI,1110166,MUKTSAR-1110166,Ananya Nair,Female,36-45,44,1979-01-29,ST,Sikh,RENT,50K-75K,Self-Employed,638,XLG,Trade, 36 months,0.0991,B,B1,MUKTSAR,102-DBS,LUDHIANA,PB,PB,PUNJAB,SRI MUKTSAR SAHIB,1110166,11303-ASHUTOSH KUMAR SUMAN,Medium,41218,16666,40337,3.14,2701.24,Y,N,0,On-Time,0,1,1,2021-07-27,1,Jul-2021
ACC001642,242,SIWAN,JLG30K,42994,16126,13929,2022-03-20,Paid Off,Quarterly EMI,790102,SIWAN-790102,Kavya Verma,Female,36-45,37,1979-01-29,General,Hindu,RENT,<25K,Self-Employed,479,XLG,Services, 36 months,0.1065,B,B2,SIWAN,209-DBS,PATNA,BR,BR,BIHAR,SIWAN,790102,10827-AJEET KUMAR PANDEY,Medium,44598,17447,42952,3.02,829.46,N,N,2,On-Time,0,0,1,2015-10-15,0,Mar-2022
ACC001643,564,KURUKSHETRA,JLG30K,8378,20742,17361,2023-07-26,Fully Paid,Quarterly EMI,70364,KURUKSHETRA-70364,Kavya Mehta,Female,46-55,52,1979-01-29,General,Muslim,RENT,<25K,Business,390,XLG,Services, 36 months,0.1065,B,B2,KURUKSHETRA,206-DBS,KARNAL,HR,HR,HARYANA,KURUKSHETRA,70364,10028-AAYUSH PANDEY,Medium,7923,22542,7907,42.6,1541.48,N,N,1,On-Time,0,0,1,2021-01-11,0,Jul-2023
ACC001644,463,DHURI,JLG30K,21601,16646,19740,2016-06-10,Fully Paid,Monthly EMI,1030063,DHURI-1030063,Nisha Mehta,Female,36-45,38,1979-01-29,SC,Muslim,RENT,25K-50K,Self-Employed,774,XLG,Services, 36 months,0.1065,B,B2,DHURI,102-DBS,LUDHIANA,PB,PB,PUNJAB,SANGRUR,1030063,12058-DEEPAK KUMAR,Low,21297,16279,21402,19.91,2536.25,N,Y,0,Very Late,1,0,1,2016-06-10,1,Jun-2016
ACC001645,800,MUKTSAR,JLG35K,16074,21904,13575,2021-06-16,Fully Paid,Quarterly EMI,1110166,MUKTSAR-1110166,Ishaan Nair,Female,36-45,41,1979-01-29,ST,Sikh,MORTGAGE,<25K,Salaried,338,XLG,Trade, 36 months,0.0991,B,B1,MUKTSAR,102-DBS,LUDHIANA,PB,PB,PUNJAB,SRI MUKTSAR SAHIB,1110166,11303-ASHUTOSH KUMAR SUMAN,Medium,15803,22638,15669,17.71,2704.66,N,N,2,On-Time,0,0,1,2017-03-02,0,Jun-2021
ACC001646,950,Mathura,JLG35K,5993,41996,24391,2016-11-27,Paid Off,Monthly EMI,910182,Mathura-910182,Aditya Malhotra,Female,46-55,51,1979-01-29,OBC,Hindu,RENT,25K-50K,Self-Employed,389,XLG,Trade, 36 months,0.0991,B,B1,Mathura,176-DBS,BULANDSHAHR,UP,UP,UTTAR PRADESH,MATHURA,910182,10469-MANISH  PANDEY,High,6897,42681,5993,21.94,3170.95,N,N,2,Late,0,0,1,2016-11-27,1,Nov-2016
ACC001647,53,MUKTSAR,JLG30K,29889,45408,21776,2016-05-17,Active,Quarterly EMI,1110166,MUKTSAR-1110166,Meera Chopra,Female,46-55,50,1979-01-29,SC,Hindu,RENT,75K-100K,Salaried,726,XLG,Services, 36 months,0.1065,B,B2,MUKTSAR,102-DBS,LUDHIANA,PB,PB,PUNJAB,SRI MUKTSAR SAHIB,1110166,11303-ASHUTOSH KUMAR SUMAN,Medium,31829,45054,29747,31.38,4379.89,N,N,2,On-Time,0,0,1,2016-05-17,1,May-2016
ACC001648,877,DHARMANAGAR,JLG30K,27858,34739,20894,2016-03-27,Active,Quarterly EMI,1230018,DHARMANAGAR-1230018,Vivaan Joshi,Female,26-35,29,1979-01-29,Minority,Hindu,MORTGAGE,75K-100K,Business,395,XLG,Services, 36 months,0.1065,B,B2,DHARMANAGAR,303-DBS,GUWAAHATI,TR,TR,TRIPURA,NORTH TRIPURA,1230018,12526-OKRAM AMOLENDU SINGHA,High,29720,35567,27822,47.96,4051.69,N,N,2,On-Time,0,0,1,2016-03-27,1,Mar-2016
ACC001649,262,FATEHGARH SAHIB,JLG30K,3343,24150,32936,2018-07-04,Paid Off,Monthly EMI,120676,FATEHGARH SAHIB-120676,Nisha Patel,Female,18-25,21,1979-01-29,General,Hindu,RENT,25K-50K,Salaried,800,XLG,Services, 36 months,0.1065,B,B2,FATEHGARH SAHIB,102-DBS,LUDHIANA,PB,PB,PUNJAB,FATEHGARH SAHIB,120676,10037-RAJESH PRATAP,Medium,4675,24691,3102,35.75,642.77,N,N,2,On-Time,0,0,1,2018-02-24,0,Jul-2018
ACC001650,784,DHURI,JLG45K,43190,37289,16727,2016-04-10,Fully Paid,Quarterly EMI,1030063,DHURI-1030063,Ananya Patel,Female,36-45,43,1979-01-29,Minority,Muslim,RENT,75K-100K,Salaried,558,XLG,Agriculture, 36 months,0.0751,A,A3,DHURI,102-DBS,LUDHIANA,PB,PB,PUNJAB,SANGRUR,1030063,12058-DEEPAK KUMAR,Low,44136,38177,43087,12.36,2075.07,N,N,2,On-Time,0,0,1,2015-09-25,0,Apr-2016
ACC001651,138,BEHROR,JLG30K,7920,27201,28900,2019-09-07,Fully Paid,Monthly EMI,30179,BEHROR-30179,Ananya Nair,Female,36-45,39,1979-01-29,ST,Sikh,RENT,75K-100K,Business,795,XLG,Services, 36 months,0.1065,B,B2,BEHROR,301-DBS,JAIPUR,RJ,RJ,RAJASTHAN,BEHROD,30179,10055-MAHESH KUMAR PATEL,Low,9758,28210,7862,30.63,2851.4,N,N,0,Very Late,0,0,1,2015-04-12,0,Sep-2019
ACC001652,220,BEHROR,JLG30K,19949,2986,34640,2021-08-06,Fully Paid,Quarterly EMI,30179,BEHROR-30179,Diya Nair,Female,18-25,25,1979-01-29,General,Hindu,RENT,50K-75K,Self-Employed,752,XLG,Services, 36 months,0.1065,B,B2,BEHROR,301-DBS,JAIPUR,RJ,RJ,RAJASTHAN,BEHROD,30179,10055-MAHESH KUMAR PATEL,Low,19759,3637,19557,4.36,2601.24,N,Y,1,Late,1,0,1,2015-01-03,0,Aug-2021
ACC001653,422,CHHATA,JLG30K,35036,46446,18895,2022-01-05,Fully Paid,Quarterly EMI,910020,CHHATA-910020,Laksh Chopra,Female,46-55,55,1964-04-22,Minority,Muslim,RENT,100K+,Self-Employed,502,XLG,Services, 36 months,0.1065,B,B2,CHHATA,176-DBS,BULANDSHAHR,UP,UP,UTTAR PRADESH,MATHURA,910020,10047-ANIL KUMAR,High,35582,46984,34997,41.45,4963.46,N,N,0,Late,0,0,1,2017-03-18,0,Jan-2022
ACC001654,570,ASANSOL,JLG30K,15192,14918,8463,2020-08-25,Fully Paid,Monthly EMI,690076,ASANSOL-690076,Diya Patel,Female,36-45,44,1979-01-29,General,Hindu,MORTGAGE,25K-50K,Salaried,601,XLG,Services, 36 months,0.1065,B,B2,ASANSOL,201-DBS,HOWRAH,WB,WB,WEST BENGAL,PASCHIM BARDHHAMAN,690076,10035-ABHAY TOMER,Medium,16951,15748,14893,29.34,3320.92,N,N,0,On-Time,0,0,1,2019-04-22,0,Aug-2020
ACC001655,248,Mathura,JLG35K,44652,43034,38653,2020-07-16,Active,Monthly EMI,910182,Mathura-910182,Aditya Mehta,Female,36-45,38,1979-01-29,SC,Hindu,OWN,25K-50K,Business,696,XLG,Trade, 36 months,0.0991,B,B1,Mathura,176-DBS,BULANDSHAHR,UP,UP,UTTAR PRADESH,MATHURA,910182,10469-MANISH  PANDEY,High,46580,43920,44377,27.32,1590.01,N,N,1,On-Time,0,0,1,2020-07-16,1,Jul-2020
ACC001656,848,DHURI,JLG35K,40650,36121,5899,2018-12-17,Active,Quarterly EMI,1030063,DHURI-1030063,Nisha Reddy,Female,36-45,38,1979-01-29,General,Muslim,RENT,50K-75K,Self-Employed,755,XLG,Trade, 36 months,0.0991,B,B1,DHURI,102-DBS,LUDHIANA,PB,PB,PUNJAB,SANGRUR,1030063,12058-DEEPAK KUMAR,Low,41933,37382,40215,20.6,3360.88,N,N,2,On-Time,0,0,1,2015-08-26,0,Dec-2018
ACC001657,666,MUKTSAR,JLG30K,24268,28746,10373,2023-05-20,Fully Paid,Quarterly EMI,1110166,MUKTSAR-1110166,Nisha Verma,Female,18-25,22,1979-01-29,ST,Sikh,MORTGAGE,100K+,Salaried,564,XLG,Services, 36 months,0.1065,B,B2,MUKTSAR,102-DBS,LUDHIANA,PB,PB,PUNJAB,SRI MUKTSAR SAHIB,1110166,11303-ASHUTOSH KUMAR SUMAN,Medium,24566,28465,24189,41.93,4350.45,Y,N,2,Late,0,1,1,2017-03-11,0,May-2023
ACC001658,331,FATEHABAD,JLG44K,9036,15431,13004,2023-09-30,Active,Quarterly EMI,670106,FATEHABAD-670106,Nisha Patel,Female,36-45,43,1979-01-29,OBC,Hindu,RENT,75K-100K,Self-Employed,798,XLG,Home Loan, 36 months,0.0662,A,A2,FATEHABAD,206-DBS,KARNAL,HR,HR,HARYANA,FATEHABAD,670106,10316-DEEPAK KUMAR,Medium,8785,16012,9009,1.97,1094.82,N,N,0,On-Time,0,0,1,2022-05-21,0,Sep-2023
ACC001659,16,MUKTSAR,JLG30K,3835,37806,32115,2015-09-15,Paid Off,Quarterly EMI,1110166,MUKTSAR-1110166,Vivaan Malhotra,Female,46-55,53,1979-01-29,SC,Hindu,RENT,75K-100K,Business,488,XLG,Services, 36 months,0.1065,B,B2,MUKTSAR,102-DBS,LUDHIANA,PB,PB,PUNJAB,SRI MUKTSAR SAHIB,1110166,11303-ASHUTOSH KUMAR SUMAN,Medium,3355,39462,3738,32.0,3346.8,N,N,2,Late,0,0,1,2015-09-15,1,Sep-2015
ACC001660,792,MADHUBANI,JLG30K,31405,7778,25955,2021-11-15,Default,Monthly EMI,1140044,MADHUBANI-1140044,Nisha Reddy,Female,36-45,42,1979-01-29,SC,Hindu,RENT,100K+,Self-Employed,668,XLG,Services, 36 months,0.1065,B,B2,MADHUBANI,209-DBS,PATNA,BR,BR,BIHAR,MADHUBANI,1140044,10514-MANISH KUMAR MISHRA,Medium,30936,8801,31393,30.8,334.81,Y,N,2,Late,0,1,1,2018-01-17,0,Nov-2021
ACC001661,467,DURGAPUR,JLG44K,14286,47322,26484,2023-12-10,Paid Off,Quarterly EMI,700013,DURGAPUR-700013,Nisha Verma,Female,18-25,24,1979-01-29,ST,Sikh,RENT,<25K,Salaried,443,XLG,Home Loan, 36 months,0.0662,A,A2,DURGAPUR,201-DBS,HOWRAH,WB,WB,WEST BENGAL,PASCHIM BARDHHAMAN,700013,10037-RAJESH PRATAP,Low,14438,47967,14151,45.94,375.4,N,N,0,Late,0,0,1,2015-12-31,0,Dec-2023
ACC001662,235,SANGRUR,JLG35K,36501,45171,9212,2016-04-29,Fully Paid,Quarterly EMI,110159,SANGRUR-110159,Meera Nair,Female,36-45,38,1979-01-29,ST,Sikh,OWN,75K-100K,Self-Employed,368,XLG,Trade, 36 months,0.0991,B,B1,SANGRUR,102-DBS,LUDHIANA,PB,PB,PUNJAB,SANGRUR,110159,10037-RAJESH PRATAP,Low,38249,45028,36008,7.43,209.2,N,N,0,On-Time,0,0,1,2016-04-29,1,Apr-2016
ACC001663,169,BILASPUR,JLG35K,10298,19662,30970,2017-05-22,Active,Quarterly EMI,240005,BILASPUR-240005,Kavya Mehta,Female,36-45,45,1973-03-14,General,Muslim,OWN,50K-75K,Business,490,XLG,Trade, 36 months,0.0991,B,B1,BILASPUR,207-DBS,RAIPUR,CG,CG,CHATTISGARH,BILASPUR,240005,10886-MANISH KUMAR DWIVEDI,Low,11728,20138,10066,8.67,4834.63,N,N,1,Very Late,0,0,1,2015-08-27,0,May-2017
ACC001664,438,ASANSOL,JLG46K,19860,43265,27428,2016-06-12,Fully Paid,Monthly EMI,690076,ASANSOL-690076,Laksh Mehta,Female,36-45,44,1975-07-28,General,Muslim,RENT,50K-75K,Salaried,425,XLG,Home Loan, 36 months,0.1825,D,D5,ASANSOL,201-DBS,HOWRAH,WB,WB,WEST BENGAL,PASCHIM BARDHHAMAN,690076,10035-ABHAY TOMER,Medium,20429,43225,19824,30.14,4089.28,N,N,1,On-Time,0,0,1,2015-02-20,0,Jun-2016
ACC001665,905,Mathura,JLG35K,18672,32085,10757,2016-06-16,Fully Paid,Quarterly EMI,910182,Mathura-910182,Ishaan Mehta,Female,36-45,39,1979-01-29,OBC,Hindu,OWN,50K-75K,Self-Employed,812,XLG,Trade, 36 months,0.0991,B,B1,Mathura,176-DBS,BULANDSHAHR,UP,UP,UTTAR PRADESH,MATHURA,910182,10469-MANISH  PANDEY,High,20545,33263,18329,17.96,3039.98,N,N,1,Late,0,0,1,2015-10-17,0,Jun-2016
ACC001666,183,ASANSOL,JLG46K,44946,42580,7499,2020-01-22,Active,Quarterly EMI,690076,ASANSOL-690076,Vivaan Chopra,Female,36-45,39,1979-01-29,Minority,Muslim,RENT,50K-75K,Self-Employed,831,XLG,Home Loan, 36 months,0.1825,D,D5,ASANSOL,201-DBS,HOWRAH,WB,WB,WEST BENGAL,PASCHIM BARDHHAMAN,690076,10035-ABHAY TOMER,Medium,45662,43201,44660,46.19,3758.7,N,N,2,Late,0,0,1,2016-08-23,0,Jan-2020
ACC001667,938,SANGRUR,JLG30K,33414,21028,13131,2023-06-11,Paid Off,Monthly EMI,110159,SANGRUR-110159,Kavya Malhotra,Female,26-35,34,1979-01-29,ST,Sikh,MORTGAGE,75K-100K,Business,328,XLG,Services, 36 months,0.1065,B,B2,SANGRUR,102-DBS,LUDHIANA,PB,PB,PUNJAB,SANGRUR,110159,10037-RAJESH PRATAP,Low,33600,22951,33391,23.15,752.19,N,N,1,On-Time,0,0,1,2017-01-08,0,Jun-2023
ACC001668,1001,DHURI,JLG30K,49984,24226,27662,2020-08-11,Active,Monthly EMI,1030063,DHURI-1030063,Nisha Malhotra,Female,36-45,42,1979-01-29,SC,Hindu,RENT,25K-50K,Self-Employed,717,XLG,Services, 36 months,0.1065,B,B2,DHURI,102-DBS,LUDHIANA,PB,PB,PUNJAB,SANGRUR,1030063,12058-DEEPAK KUMAR,Low,49762,26155,49886,46.47,1225.67,N,N,0,On-Time,0,0,1,2019-05-06,0,Aug-2020
ACC001669,663,BEHROR,JLG30K,32205,31933,43609,2022-04-23,Fully Paid,Quarterly EMI,30179,BEHROR-30179,Ananya Reddy,Female,18-25,39,1979-01-29,General,Muslim,MORTGAGE,<25K,Self-Employed,660,XLG,Services, 36 months,0.1065,B,B2,BEHROR,301-DBS,JAIPUR,RJ,RJ,RAJASTHAN,BEHROD,30179,10055-MAHESH KUMAR PATEL,Low,32049,31518,31870,24.47,4888.13,N,N,2,On-Time,0,0,1,2015-08-16,0,Apr-2022
ACC001670,92,DURGAPUR,JLG44K,28576,32667,30095,2022-06-04,Paid Off,Quarterly EMI,700013,DURGAPUR-700013,Laksh Mehta,Female,36-45,40,1979-01-29,ST,Sikh,RENT,50K-75K,Self-Employed,318,XLG,Home Loan, 36 months,0.0662,A,A2,DURGAPUR,201-DBS,HOWRAH,WB,WB,WEST BENGAL,PASCHIM BARDHHAMAN,700013,10037-RAJESH PRATAP,Low,30370,32797,28460,13.75,4453.93,N,N,0,Late,0,0,1,2022-06-04,1,Jun-2022
ACC001671,812,BISWANATH CHARIALI,JLG30K,29002,21220,35599,2023-12-25,Paid Off,Quarterly EMI,740048,BISWANATH CHARIALI-740048,Kavya Gupta,Female,36-45,39,1979-01-29,OBC,Hindu,RENT,50K-75K,Salaried,692,XLG,Services, 36 months,0.1065,B,B2,BISWANATH CHARIALI,208-DBS,GUWAAHATI,AS,AS,ASSAM,BISWANATH,740048,13111-SHANTUMONI BORAH,Medium,30874,23209,28701,48.42,3349.68,Y,N,2,On-Time,0,1,1,2017-04-29,0,Dec-2023
ACC001672,321,TEZPUR,JLG30K,32686,8403,4536,2015-11-19,Active,Monthly EMI,680026,TEZPUR-680026,Kavya Chopra,Female,18-25,23,1979-01-29,General,Hindu,RENT,75K-100K,Business,588,XLG,Services, 36 months,0.1065,B,B2,TEZPUR,208-DBS,GUWAAHATI,AS,AS,ASSAM,SONITPUR,680026,11055-MANAS PROTIM HAZARIKA,Medium,32597,10071,32434,43.63,4076.11,N,N,0,Very Late,0,0,1,2015-11-19,1,Nov-2015
ACC001673,336,DHURI,JLG30K,26460,8545,43136,2021-04-19,Active,Quarterly EMI,1030063,DHURI-1030063,Laksh Mehta,Female,36-45,44,1979-01-29,General,Muslim,MORTGAGE,<25K,Business,686,XLG,Services, 36 months,0.1065,B,B2,DHURI,102-DBS,LUDHIANA,PB,PB,PUNJAB,SANGRUR,1030063,12058-DEEPAK KUMAR,Low,28225,9715,26280,9.53,3194.23,N,N,1,On-Time,0,0,1,2016-05-18,0,Apr-2021
ACC001674,77,MUKTSAR,JLG35K,21395,24528,40694,2021-01-15,Default,Monthly EMI,1110166,MUKTSAR-1110166,Diya Joshi,Female,26-35,34,1979-01-29,OBC,Hindu,RENT,25K-50K,Salaried,756,XLG,Trade, 36 months,0.0991,B,B1,MUKTSAR,102-DBS,LUDHIANA,PB,PB,PUNJAB,SRI MUKTSAR SAHIB,1110166,11303-ASHUTOSH KUMAR SUMAN,Medium,21213,24405,21195,46.12,801.47,Y,N,0,On-Time,0,1,1,2021-01-15,1,Jan-2021
ACC001675,90,Mathura,JLG30K,14215,19500,35463,2015-06-10,Paid Off,Monthly EMI,910182,Mathura-910182,Nisha Chopra,Female,46-55,49,1979-01-29,SC,Hindu,RENT,75K-100K,Business,641,XLG,Services, 36 months,0.1065,B,B2,Mathura,176-DBS,BULANDSHAHR,UP,UP,UTTAR PRADESH,MATHURA,910182,10469-MANISH  PANDEY,High,15569,20425,14034,0.14,2331.93,N,N,1,Late,0,0,1,2015-06-10,1,Jun-2015
ACC001676,723,KURUKSHETRA,JLG41K,29439,36719,13676,2017-06-26,Active,Quarterly EMI,70364,KURUKSHETRA-70364,Ananya Nair,Female,36-45,44,1979-01-29,ST,Sikh,RENT,50K-75K,Self-Employed,638,XLG,Services, 36 months,0.1465,C,C3,KURUKSHETRA,206-DBS,KARNAL,HR,HR,HARYANA,KURUKSHETRA,70364,10028-AAYUSH PANDEY,Medium,30564,38584,28980,41.69,757.31,N,N,1,On-Time,0,0,1,2017-06-26,1,Jun-2017
ACC001677,730,FATEHGARH SAHIB,JLG30K,13224,33249,29016,2017-10-13,Paid Off,Monthly EMI,120676,FATEHGARH SAHIB-120676,Aarav Verma,Female,26-35,33,1979-01-29,ST,Sikh,MORTGAGE,25K-50K,Salaried,754,XLG,Services, 36 months,0.1065,B,B2,FATEHGARH SAHIB,102-DBS,LUDHIANA,PB,PB,PUNJAB,FATEHGARH SAHIB,120676,10037-RAJESH PRATAP,Medium,14456,33037,12827,45.1,3390.92,N,N,2,On-Time,0,0,1,2015-12-21,0,Oct-2017
ACC001678,158,ASANSOL,JLG30K,36261,43852,2377,2018-09-23,Paid Off,Monthly EMI,690076,ASANSOL-690076,Vivaan Gupta,Female,56-63,57,1979-01-29,General,Muslim,RENT,75K-100K,Business,472,XLG,Services, 36 months,0.1065,B,B2,ASANSOL,201-DBS,HOWRAH,WB,WB,WEST BENGAL,PASCHIM BARDHHAMAN,690076,10035-ABHAY TOMER,Medium,37541,44067,36216,34.4,774.89,Y,N,2,On-Time,0,1,1,2018-09-23,1,Sep-2018
ACC001679,992,FATEHGARH SAHIB,JLG35K,29606,15352,26320,2022-09-10,Paid Off,Monthly EMI,120676,FATEHGARH SAHIB-120676,Ishaan Joshi,Female,36-45,43,1979-01-29,General,Hindu,RENT,100K+,Salaried,675,XLG,Trade, 36 months,0.0991,B,B1,FATEHGARH SAHIB,102-DBS,LUDHIANA,PB,PB,PUNJAB,FATEHGARH SAHIB,120676,10037-RAJESH PRATAP,Medium,30371,16777,29360,7.4,317.76,N,N,1,On-Time,0,0,1,2015-08-31,0,Sep-2022
ACC001680,657,SHAHDOL,JLG35K,9027,18556,38133,2017-09-23,Active,Quarterly EMI,1550006,SHAHDOL-1550006,Meera Verma,Female,46-55,47,1979-01-29,SC,Hindu,RENT,75K-100K,Business,546,XLG,Trade, 36 months,0.0991,B,B1,SHAHDOL,200-DBS,BHOPAL,MP,MP,MADHYA PRADESH,SHAHDOL,1550006,10021-MAHENDRA PRATAP SINGH,Medium,9630,20271,8992,33.63,4417.36,N,N,1,On-Time,0,0,1,2015-01-13,0,Sep-2017
ACC001681,110,Mangaldoi,JLG35K,17003,30262,43999,2022-12-28,Paid Off,Quarterly EMI,570241,Mangaldoi-570241,Ananya Gupta,Female,36-45,38,1979-01-29,ST,Sikh,RENT,50K-75K,Salaried,450,XLG,Trade, 36 months,0.0991,B,B1,Mangaldoi,208-DBS,GUWAAHATI,AS,AS,ASSAM,Mangaldoi,570241,10961-NAYAN JYOTI SARMAH,Low,18715,30306,16639,22.92,4159.54,N,N,0,On-Time,0,0,1,2019-11-16,0,Dec-2022
ACC001682,941,Mathura,JLG30K,27096,14871,20760,2023-10-25,Active,Monthly EMI,910182,Mathura-910182,Ishaan Patel,Female,36-45,39,1979-01-29,Minority,Muslim,RENT,75K-100K,Self-Employed,472,XLG,Services, 36 months,0.1065,B,B2,Mathura,176-DBS,BULANDSHAHR,UP,UP,UTTAR PRADESH,MATHURA,910182,10469-MANISH  PANDEY,High,26943,16537,27069,9.44,2743.48,N,N,0,On-Time,0,0,1,2018-11-27,0,Oct-2023
ACC001683,318,FATEHGARH SAHIB,JLG46K,41398,20075,26776,2019-08-14,Fully Paid,Quarterly EMI,120676,FATEHGARH SAHIB-120676,Laksh Sharma,Female,26-35,31,1979-01-29,SC,Hindu,RENT,100K+,Self-Employed,672,XLG,Home Loan, 36 months,0.1825,D,D5,FATEHGARH SAHIB,102-DBS,LUDHIANA,PB,PB,PUNJAB,FATEHGARH SAHIB,120676,10037-RAJESH PRATAP,Medium,41582,20089,40984,40.67,3408.4,N,N,2,On-Time,0,0,1,2015-02-17,0,Aug-2019
ACC001684,250,BEHROR,JLG35K,11846,13769,3820,2017-07-29,Fully Paid,Monthly EMI,30179,BEHROR-30179,Meera Joshi,Female,36-45,42,1979-01-29,ST,Sikh,RENT,25K-50K,Salaried,534,XLG,Trade, 36 months,0.0991,B,B1,BEHROR,301-DBS,JAIPUR,RJ,RJ,RAJASTHAN,BEHROD,30179,10055-MAHESH KUMAR PATEL,Low,11526,15299,11809,46.2,4087.33,N,N,1,On-Time,0,0,1,2017-07-29,1,Jul-2017
ACC001685,598,BEHROR,JLG30K,29526,41473,43454,2017-11-15,Active,Monthly EMI,30179,BEHROR-30179,Nisha Patel,Female,36-45,41,1979-01-29,General,Hindu,RENT,100K+,Salaried,399,XLG,Services, 36 months,0.1065,B,B2,BEHROR,301-DBS,JAIPUR,RJ,RJ,RAJASTHAN,BEHROD,30179,10055-MAHESH KUMAR PATEL,Low,31028,42574,29222,34.14,2568.47,N,N,1,On-Time,0,0,1,2017-09-05,0,Nov-2017
ACC001686,259,BEHROR,JLG35K,11417,49720,11262,2022-02-13,Active,Quarterly EMI,30179,BEHROR-30179,Diya Joshi,Female,26-35,34,1979-01-29,OBC,Hindu,RENT,25K-50K,Salaried,756,XLG,Trade, 36 months,0.0991,B,B1,BEHROR,301-DBS,JAIPUR,RJ,RJ,RAJASTHAN,BEHROD,30179,10055-MAHESH KUMAR PATEL,Low,12396,50255,11122,46.91,2453.27,Y,N,2,On-Time,0,1,1,2022-02-13,1,Feb-2022
ACC001687,38,CHHATA,JLG45K,47037,21528,36716,2021-07-25,Fully Paid,Quarterly EMI,910020,CHHATA-910020,Aditya Sharma,Female,26-35,32,1979-01-29,General,Hindu,RENT,50K-75K,Self-Employed,821,XLG,Agriculture, 36 months,0.0751,A,A3,CHHATA,176-DBS,BULANDSHAHR,UP,UP,UTTAR PRADESH,MATHURA,910020,10047-ANIL KUMAR,High,48134,22998,46970,22.97,1838.76,N,N,1,On-Time,0,0,1,2019-05-27,0,Jul-2021
ACC001688,620,SAMRALA,JLG46K,14712,30455,33229,2018-07-01,Fully Paid,Monthly EMI,130067,SAMRALA-130067,Aditya Joshi,Female,26-35,35,1979-01-29,General,Hindu,RENT,<25K,Business,624,XLG,Home Loan, 36 months,0.1825,D,D5,SAMRALA,102-DBS,LUDHIANA,PB,PB,PUNJAB,SAMRALA,130067,10050-GAUTAM SINGH,Low,15197,30439,14584,12.26,3543.82,N,N,0,Late,0,0,1,2015-11-08,0,Jul-2018
ACC001689,386,DURGAPUR,JLG35K,34805,48019,20776,2019-10-28,Paid Off,Monthly EMI,700013,DURGAPUR-700013,Nisha Verma,Female,18-25,22,1979-01-29,ST,Sikh,MORTGAGE,100K+,Salaried,564,XLG,Trade, 36 months,0.0991,B,B1,DURGAPUR,201-DBS,HOWRAH,WB,WB,WEST BENGAL,PASCHIM BARDHHAMAN,700013,10037-RAJESH PRATAP,Low,36793,48624,34360,16.95,1741.88,N,N,2,On-Time,0,0,1,2015-02-23,0,Oct-2019
ACC001690,944,PANIPAT,JLG35K,18424,26717,25232,2016-05-30,Paid Off,Quarterly EMI,60004,PANIPAT-60004,Aarav Malhotra,Female,46-55,46,1979-01-29,Minority,Muslim,MORTGAGE,100K+,Salaried,604,XLG,Trade, 36 months,0.0991,B,B1,PANIPAT,206-DBS,KARNAL,HR,HR,HARYANA,PANIPAT,60004,10204-SAIF  ALI,Medium,18379,27029,18067,13.84,876.39,N,N,1,On-Time,0,0,1,2016-05-30,1,May-2016
ACC001691,323,SANGRUR,JLG30K,29622,28120,31716,2019-08-25,Default,Monthly EMI,110159,SANGRUR-110159,Nisha Patel,Female,36-45,41,1979-01-29,General,Hindu,RENT,100K+,Salaried,399,XLG,Services, 36 months,0.1065,B,B2,SANGRUR,102-DBS,LUDHIANA,PB,PB,PUNJAB,SANGRUR,110159,10037-RAJESH PRATAP,Low,30760,29508,29439,46.81,1722.85,N,N,2,Very Late,0,0,1,2015-10-28,0,Aug-2019
ACC001692,873,FATEHGARH SAHIB,JLG35K,35528,30054,11159,2022-06-06,Active,Quarterly EMI,120676,FATEHGARH SAHIB-120676,Laksh Gupta,Female,36-45,36,1979-01-29,General,Muslim,OWN,<25K,Business,807,XLG,Trade, 36 months,0.0991,B,B1,FATEHGARH SAHIB,102-DBS,LUDHIANA,PB,PB,PUNJAB,FATEHGARH SAHIB,120676,10037-RAJESH PRATAP,Medium,37123,31121,35117,38.25,4807.16,Y,N,1,On-Time,0,1,1,2022-06-06,1,Jun-2022
ACC001693,76,DHURI,JLG30K,2183,23000,5060,2015-01-19,Default,Quarterly EMI,1030063,DHURI-1030063,Aarav Gupta,Female,26-35,27,1979-01-29,SC,Hindu,OWN,100K+,Salaried,693,XLG,Services, 36 months,0.1065,B,B2,DHURI,102-DBS,LUDHIANA,PB,PB,PUNJAB,SANGRUR,1030063,12058-DEEPAK KUMAR,Low,1910,23250,1733,27.38,3797.79,N,N,0,On-Time,0,0,1,2015-01-19,1,Jan-2015
ACC001694,26,JALANDHAR,JLG35K,7809,9966,15909,2017-05-03,Active,Quarterly EMI,160051,JALANDHAR-160051,Meera Sharma,Female,18-25,22,1995-12-14,General,Hindu,RENT,<25K,Salaried,346,XLG,Trade, 36 months,0.0991,B,B1,JALANDHAR,102-DBS,LUDHIANA,PB,PB,PUNJAB,JALANDHAR,160051,10067-AKSHAY KUMAR,Low,7912,10450,7406,21.39,251.28,N,N,2,Late,0,0,1,2017-05-03,1,May-2017
ACC001695,510,MOTIHARI,JLG35K,33270,2472,44840,2016-04-25,Fully Paid,Monthly EMI,520376,MOTIHARI-520376,Diya Sharma,Female,26-35,34,1979-01-29,ST,Sikh,MORTGAGE,100K+,Self-Employed,341,XLG,Trade, 36 months,0.0991,B,B1,MOTIHARI,209-DBS,PATNA,BR,BR,BIHAR,Motihari,520376,10537-RAGHUVANSH SINGH,Medium,34683,3148,33203,9.7,2214.21,Y,N,2,On-Time,0,1,1,2016-04-25,1,Apr-2016
ACC001696,659,Mathura,JLG40K,6985,30428,41757,2021-12-17,Paid Off,Quarterly EMI,910182,Mathura-910182,Kavya Gupta,Female,36-45,39,1979-01-29,OBC,Hindu,RENT,50K-75K,Salaried,692,XLG,Services, 36 months,0.1727,D,D3,Mathura,176-DBS,BULANDSHAHR,UP,UP,UTTAR PRADESH,MATHURA,910182,10469-MANISH  PANDEY,High,7694,32275,6908,6.45,3607.14,Y,N,1,Late,0,1,1,2017-05-06,0,Dec-2021
ACC001697,924,CUTTACK,JLG35K,22817,2916,40519,2023-02-23,Paid Off,Monthly EMI,630081,CUTTACK-630081,Diya Chopra,Female,26-35,35,1984-03-20,SC,Hindu,RENT,75K-100K,Self-Employed,567,XLG,Trade, 36 months,0.0991,B,B1,CUTTACK,107-DBS,BHUBANESWAR,OR,OR,ODISHA,CUTTACK,630081,12061-PINAKAPANI KANUNGO,High,23807,4845,22453,10.94,4936.78,N,N,0,On-Time,0,0,1,2015-08-20,0,Feb-2023
ACC001698,541,Mathura,JLG30K,2811,28427,14463,2022-04-07,Paid Off,Monthly EMI,910182,Mathura-910182,Ishaan Sharma,Female,26-35,26,1979-01-29,General,Hindu,RENT,25K-50K,Salaried,522,XLG,Services, 36 months,0.1065,B,B2,Mathura,176-DBS,BULANDSHAHR,UP,UP,UTTAR PRADESH,MATHURA,910182,10469-MANISH  PANDEY,High,2313,28591,2805,37.97,414.6,N,N,0,On-Time,0,0,1,2022-04-07,1,Apr-2022
ACC001699,861,JALANDHAR,JLG35K,39697,4887,38390,2022-12-01,Fully Paid,Quarterly EMI,160051,JALANDHAR-160051,Diya Joshi,Female,36-45,43,1979-01-29,SC,Christian,RENT,50K-75K,Self-Employed,645,XLG,Trade, 36 months,0.0991,B,B1,JALANDHAR,102-DBS,LUDHIANA,PB,PB,PUNJAB,JALANDHAR,160051,10067-AKSHAY KUMAR,Low,41448,6212,39478,20.29,2225.48,N,N,1,On-Time,0,0,1,2021-01-25,0,Dec-2022
ACC001700,295,KAROND,JLG35K,17686,11648,34106,2021-04-24,Fully Paid,Quarterly EMI,1320004,KAROND-1320004,Vivaan Joshi,Female,26-35,29,1979-01-29,Minority,Hindu,MORTGAGE,75K-100K,Business,395,XLG,Trade, 36 months,0.0991,B,B1,KAROND,200-DBS,BHOPAL,MP,MP,MADHYA PRADESH,BHOPAL,1320004,12758-ROHIT KUMAR JAISWAL,Medium,18901,13615,17601,46.88,854.81,N,N,1,On-Time,0,0,1,2016-01-07,0,Apr-2021
ACC001701,829,Mathura,JLG30K,23458,48106,27472,2017-10-13,Fully Paid,Quarterly EMI,910182,Mathura-910182,Meera Nair,Female,36-45,43,1979-01-29,SC,Hindu,MORTGAGE,<25K,Salaried,453,XLG,Services, 36 months,0.1065,B,B2,Mathura,176-DBS,BULANDSHAHR,UP,UP,UTTAR PRADESH,MATHURA,910182,10469-MANISH  PANDEY,High,23634,48258,23145,30.72,715.01,Y,N,1,On-Time,0,1,1,2016-11-16,0,Oct-2017
ACC001702,957,HAPUR,JLG30K,28004,10807,44067,2017-05-29,Default,Quarterly EMI,210563,HAPUR-210563,Diya Chopra,Female,26-35,35,1984-03-20,SC,Hindu,RENT,75K-100K,Self-Employed,567,XLG,Services, 36 months,0.1065,B,B2,HAPUR,176-DBS,BULANDSHAHR,UP,UP,UTTAR PRADESH,HAPUR,210563,10183-RISHABH PANT,Low,28760,10670,27789,24.21,1394.44,N,N,0,On-Time,0,0,1,2015-02-22,0,May-2017
ACC001703,587,MAHASAMUND,JLG30K,7983,49068,4085,2017-11-26,Paid Off,Quarterly EMI,250029,MAHASAMUND-250029,Kavya Reddy,Female,56-63,59,1979-01-29,General,Muslim,RENT,50K-75K,Salaried,775,XLG,Services, 36 months,0.1065,B,B2,MAHASAMUND,207-DBS,RAIPUR,CG,CG,CHATTISGARH,MAHASAMUND,250029,11640-NITISH KUMAR,High,8102,51006,7727,8.39,3445.81,N,N,2,On-Time,0,0,1,2017-07-19,0,Nov-2017
ACC001704,709,MUKTSAR,JLG30K,33475,36566,33953,2021-03-18,Fully Paid,Quarterly EMI,1110166,MUKTSAR-1110166,Nisha Reddy,Female,36-45,42,1979-01-29,SC,Hindu,RENT,100K+,Self-Employed,668,XLG,Services, 36 months,0.1065,B,B2,MUKTSAR,102-DBS,LUDHIANA,PB,PB,PUNJAB,SRI MUKTSAR SAHIB,1110166,11303-ASHUTOSH KUMAR SUMAN,Medium,35149,36994,33114,49.66,3542.75,N,N,2,On-Time,0,0,1,2015-10-21,0,Mar-2021
ACC001705,964,SANGRUR,JLG30K,23144,36184,3401,2021-11-06,Active,Monthly EMI,110159,SANGRUR-110159,Kavya Reddy,Female,56-63,59,1979-01-29,General,Muslim,RENT,50K-75K,Salaried,775,XLG,Services, 36 months,0.1065,B,B2,SANGRUR,102-DBS,LUDHIANA,PB,PB,PUNJAB,SANGRUR,110159,10037-RAJESH PRATAP,Low,24914,37795,23091,31.3,3852.79,N,N,1,On-Time,0,0,1,2021-04-16,0,Nov-2021
ACC001706,438,JORHAT,JLG30K,24044,30498,18974,2015-02-20,Active,Quarterly EMI,850152,JORHAT-850152,Laksh Mehta,Female,36-45,44,1975-07-28,General,Muslim,RENT,50K-75K,Salaried,425,XLG,Services, 36 months,0.1065,B,B2,JORHAT,208-DBS,GUWAAHATI,AS,AS,ASSAM,JORHAT,850152,10961-NAYAN JYOTI SARMAH,High,24585,32278,23561,19.46,3994.97,N,N,0,Late,0,0,1,2015-02-20,1,Feb-2015
ACC001707,854,TEZPUR,JLG30K,33006,13772,14089,2021-12-08,Fully Paid,Monthly EMI,680026,TEZPUR-680026,Meera Gupta,Female,26-35,29,1979-01-29,ST,Sikh,RENT,75K-100K,Self-Employed,369,XLG,Services, 36 months,0.1065,B,B2,TEZPUR,208-DBS,GUWAAHATI,AS,AS,ASSAM,SONITPUR,680026,11055-MANAS PROTIM HAZARIKA,Medium,34252,13961,32741,39.41,1635.64,Y,N,2,Very Late,0,1,1,2018-02-07,0,Dec-2021
ACC001708,878,SANGRUR,JLG30K,38143,14416,15506,2018-09-21,Fully Paid,Quarterly EMI,110159,SANGRUR-110159,Ishaan Sharma,Female,46-55,46,1979-01-29,ST,Sikh,MORTGAGE,100K+,Business,522,XLG,Services, 36 months,0.1065,B,B2,SANGRUR,102-DBS,LUDHIANA,PB,PB,PUNJAB,SANGRUR,110159,10037-RAJESH PRATAP,Low,39014,14366,38002,38.82,147.43,N,N,2,On-Time,0,0,1,2016-01-27,0,Sep-2018
ACC001709,861,MAWANA,JLG35K,11414,31174,27709,2022-08-17,Fully Paid,Quarterly EMI,800018,MAWANA-800018,Diya Joshi,Female,36-45,43,1979-01-29,SC,Christian,RENT,50K-75K,Self-Employed,645,XLG,Trade, 36 months,0.0991,B,B1,MAWANA,176-DBS,BULANDSHAHR,UP,UP,UTTAR PRADESH,MEERUT,800018,11183-ANIL KUMAR,Medium,12568,32597,10993,47.45,2745.17,N,N,2,Very Late,0,0,1,2021-01-25,0,Aug-2022
ACC001710,574,DHURI,JLG30K,28543,27185,34612,2016-11-09,Paid Off,Quarterly EMI,1030063,DHURI-1030063,Nisha Chopra,Female,46-55,52,1979-01-29,General,Hindu,RENT,100K+,Salaried,322,XLG,Services, 36 months,0.1065,B,B2,DHURI,102-DBS,LUDHIANA,PB,PB,PUNJAB,SANGRUR,1030063,12058-DEEPAK KUMAR,Low,29711,27873,28209,46.78,1614.62,N,N,1,On-Time,0,0,1,2016-11-09,1,Nov-2016
ACC001711,433,MUKTSAR,JLG30K,12229,41031,6502,2016-06-10,Default,Monthly EMI,1110166,MUKTSAR-1110166,Vivaan Reddy,Female,36-45,37,1979-01-29,OBC,Hindu,RENT,25K-50K,Salaried,426,XLG,Services, 36 months,0.1065,B,B2,MUKTSAR,102-DBS,LUDHIANA,PB,PB,PUNJAB,SRI MUKTSAR SAHIB,1110166,11303-ASHUTOSH KUMAR SUMAN,Medium,12051,42112,11820,26.99,1027.66,N,N,2,On-Time,0,0,1,2015-08-18,0,Jun-2016
ACC001712,171,CHHATA,JLG30K,16278,6011,23461,2019-06-18,Paid Off,Quarterly EMI,910020,CHHATA-910020,Diya Nair,Female,36-45,38,1979-01-29,General,Muslim,MORTGAGE,75K-100K,Self-Employed,668,XLG,Services, 36 months,0.1065,B,B2,CHHATA,176-DBS,BULANDSHAHR,UP,UP,UTTAR PRADESH,MATHURA,910020,10047-ANIL KUMAR,High,17537,7492,16132,16.4,2643.98,N,Y,2,On-Time,1,0,1,2019-06-18,1,Jun-2019
ACC001713,88,CHHATA,JLG30K,46252,39017,14699,2018-08-20,Active,Quarterly EMI,910020,CHHATA-910020,Diya Chopra,Female,46-55,49,1979-01-29,General,Hindu,RENT,<25K,Business,572,XLG,Services, 36 months,0.1065,B,B2,CHHATA,176-DBS,BULANDSHAHR,UP,UP,UTTAR PRADESH,MATHURA,910020,10047-ANIL KUMAR,High,46145,40159,46141,34.25,1805.16,N,N,0,On-Time,0,0,1,2016-02-29,0,Aug-2018
ACC001714,393,ASANSOL,JLG30K,45760,13425,44994,2015-02-16,Paid Off,Quarterly EMI,690076,ASANSOL-690076,Nisha Patel,Female,36-45,41,1979-01-29,General,Hindu,RENT,100K+,Salaried,399,XLG,Services, 36 months,0.1065,B,B2,ASANSOL,201-DBS,HOWRAH,WB,WB,WEST BENGAL,PASCHIM BARDHHAMAN,690076,10035-ABHAY TOMER,Medium,46866,15342,45331,10.46,1505.93,N,N,2,On-Time,0,0,1,2015-02-16,1,Feb-2015
ACC001715,220,DURGAPUR,JLG35K,46426,37695,31728,2015-01-03,Fully Paid,Quarterly EMI,700013,DURGAPUR-700013,Diya Nair,Female,18-25,25,1979-01-29,General,Hindu,RENT,50K-75K,Self-Employed,752,XLG,Trade, 36 months,0.0991,B,B1,DURGAPUR,201-DBS,HOWRAH,WB,WB,WEST BENGAL,PASCHIM BARDHHAMAN,700013,10037-RAJESH PRATAP,Low,47619,38313,46104,10.08,1996.77,N,N,2,On-Time,0,0,1,2015-01-03,1,Jan-2015
ACC001716,374,FATEHGARH SAHIB,JLG35K,13785,8175,8679,2019-02-02,Fully Paid,Quarterly EMI,120676,FATEHGARH SAHIB-120676,Ishaan Reddy,Female,26-35,33,1979-01-29,General,Muslim,RENT,<25K,Self-Employed,336,XLG,Trade, 36 months,0.0991,B,B1,FATEHGARH SAHIB,102-DBS,LUDHIANA,PB,PB,PUNJAB,FATEHGARH SAHIB,120676,10037-RAJESH PRATAP,Medium,15578,7917,13377,46.98,1344.79,N,N,1,On-Time,0,0,1,2017-08-01,0,Feb-2019
ACC001717,949,SANGRUR,JLG30K,40272,32436,13990,2022-05-17,Paid Off,Monthly EMI,110159,SANGRUR-110159,Laksh Joshi,Female,36-45,36,1979-01-29,OBC,Christian,RENT,100K+,Self-Employed,357,XLG,Services, 36 months,0.1065,B,B2,SANGRUR,102-DBS,LUDHIANA,PB,PB,PUNJAB,SANGRUR,110159,10037-RAJESH PRATAP,Low,42238,33727,39975,21.72,3024.17,N,N,1,On-Time,0,0,1,2021-05-07,0,May-2022
ACC001718,6,BUXAR,JLG35K,20818,46488,2629,2023-05-17,Paid Off,Quarterly EMI,710002,BUXAR-710002,Ishaan Mehta,Female,18-25,23,1979-01-29,OBC,Hindu,RENT,100K+,Business,416,XLG,Trade, 36 months,0.0991,B,B1,BUXAR,209-DBS,PATNA,BR,BR,BIHAR,BUXAR,710002,10055-MAHESH KUMAR PATEL,Medium,22001,48102,20647,34.54,525.91,N,N,0,On-Time,0,0,1,2016-07-05,0,May-2023
ACC001719,308,DURGAPUR,JLG35K,43608,13804,26044,2017-10-03,Fully Paid,Quarterly EMI,700013,DURGAPUR-700013,Vivaan Joshi,Female,26-35,33,1986-06-15,SC,Sikh,MORTGAGE,75K-100K,Self-Employed,847,XLG,Trade, 36 months,0.0991,B,B1,DURGAPUR,201-DBS,HOWRAH,WB,WB,WEST BENGAL,PASCHIM BARDHHAMAN,700013,10037-RAJESH PRATAP,Low,44116,14912,43132,4.26,2848.26,N,N,2,Very Late,0,0,1,2017-10-03,1,Oct-2017
ACC001720,32,FATEHGARH SAHIB,JLG46K,21333,10701,27812,2020-03-06,Active,Monthly EMI,120676,FATEHGARH SAHIB-120676,Nisha Joshi,Female,26-35,33,1979-01-29,General,Hindu,MORTGAGE,50K-75K,Self-Employed,731,XLG,Home Loan, 36 months,0.1825,D,D5,FATEHGARH SAHIB,102-DBS,LUDHIANA,PB,PB,PUNJAB,FATEHGARH SAHIB,120676,10037-RAJESH PRATAP,Medium,21001,10425,21000,46.62,2383.1,N,N,2,On-Time,0,0,1,2020-03-06,1,Mar-2020
ACC001721,233,UJJAIN,JLG30K,16698,20979,39030,2020-10-23,Fully Paid,Monthly EMI,1510002,UJJAIN-1510002,Laksh Reddy,Female,26-35,29,1979-01-29,OBC,Hindu,RENT,75K-100K,Business,311,XLG,Services, 36 months,0.1065,B,B2,UJJAIN,200-DBS,BHOPAL,MP,MP,MADHYA PRADESH,UJJAIN,1510002,12915-FAIZAL KHAN,High,16523,20874,16319,2.33,1520.91,N,N,0,On-Time,0,0,1,2020-10-23,1,Oct-2020
ACC001722,923,Mathura,JLG30K,19724,43961,6032,2017-08-10,Active,Quarterly EMI,910182,Mathura-910182,Ishaan Chopra,Female,18-25,22,1997-10-16,ST,Sikh,MORTGAGE,50K-75K,Salaried,714,XLG,Services, 36 months,0.1065,B,B2,Mathura,176-DBS,BULANDSHAHR,UP,UP,UTTAR PRADESH,MATHURA,910182,10469-MANISH  PANDEY,High,20966,43647,19296,43.22,4492.5,N,N,1,Late,0,0,1,2017-08-10,1,Aug-2017
ACC001723,327,MAWANA,JLG35K,14417,29420,27345,2022-09-13,Fully Paid,Monthly EMI,800018,MAWANA-800018,Meera Chopra,Female,36-45,37,1979-01-29,ST,Sikh,RENT,75K-100K,Salaried,373,XLG,Trade, 36 months,0.0991,B,B1,MAWANA,176-DBS,BULANDSHAHR,UP,UP,UTTAR PRADESH,MEERUT,800018,11183-ANIL KUMAR,Medium,15687,29967,14245,2.19,177.94,N,N,0,On-Time,0,0,1,2020-10-19,0,Sep-2022
ACC001724,616,KAROND,JLG35,34336,9777,33168,2023-01-13,Active,Monthly EMI,1320004,KAROND-1320004,Nisha Joshi,Female,26-35,33,1979-01-29,General,Hindu,MORTGAGE,50K-75K,Self-Employed,731,XLG,Home Loan, 60 months,0.1465,C,C3,KAROND,200-DBS,BHOPAL,MP,MP,MADHYA PRADESH,BHOPAL,1320004,12758-ROHIT KUMAR JAISWAL,Medium,36274,11641,34288,19.19,1790.33,N,N,2,On-Time,0,0,1,2015-08-30,0,Jan-2023
ACC001725,458,CHHAPRA,JLG46K,18839,32209,35638,2022-09-24,Paid Off,Quarterly EMI,380112,CHHAPRA-380112,Aditya Verma,Female,36-45,40,1979-01-29,Minority,Muslim,RENT,50K-75K,Salaried,714,XLG,Home Loan, 36 months,0.1825,D,D5,CHHAPRA,209-DBS,PATNA,BR,BR,BIHAR,CHHAPRA,380112,11867-VIKRANT KUMAR VICKY,High,20483,33853,18481,27.35,2968.45,N,N,1,On-Time,0,0,1,2022-09-24,1,Sep-2022
ACC001726,860,DURGAPUR,JLG30K,15799,49075,36503,2018-08-25,Fully Paid,Quarterly EMI,700013,DURGAPUR-700013,Kavya Reddy,Female,26-35,35,1979-01-29,General,Hindu,RENT,50K-75K,Salaried,656,XLG,Services, 36 months,0.1065,B,B2,DURGAPUR,201-DBS,HOWRAH,WB,WB,WEST BENGAL,PASCHIM BARDHHAMAN,700013,10037-RAJESH PRATAP,Low,16571,49912,15574,33.59,1902.57,N,N,0,On-Time,0,0,1,2017-07-13,0,Aug-2018
ACC001727,155,MUKTSAR,JLG46K,10794,42387,36316,2021-05-07,Active,Monthly EMI,1110166,MUKTSAR-1110166,Laksh Nair,Female,46-55,51,1979-01-29,General,Muslim,RENT,<25K,Salaried,338,XLG,Home Loan, 36 months,0.1825,D,D5,MUKTSAR,102-DBS,LUDHIANA,PB,PB,PUNJAB,SRI MUKTSAR SAHIB,1110166,11303-ASHUTOSH KUMAR SUMAN,Medium,11271,43015,10391,0.92,1020.14,N,N,1,On-Time,0,0,1,2021-05-07,1,May-2021
ACC001728,29,DURGAPUR,JLG30K,13658,47419,39834,2020-07-29,Default,Monthly EMI,700013,DURGAPUR-700013,Kavya Reddy,Female,18-25,23,1979-01-29,General,Hindu,RENT,25K-50K,Business,503,XLG,Services, 36 months,0.1065,B,B2,DURGAPUR,201-DBS,HOWRAH,WB,WB,WEST BENGAL,PASCHIM BARDHHAMAN,700013,10037-RAJESH PRATAP,Low,14113,48215,13355,40.05,2789.83,N,N,0,Very Late,0,0,1,2017-09-17,0,Jul-2020
ACC001729,96,BISWANATH CHARIALI,JLG35K,43223,39605,23634,2021-01-08,Paid Off,Monthly EMI,740048,BISWANATH CHARIALI-740048,Meera Joshi,Female,26-35,31,1988-05-24,ST,Sikh,OWN,<25K,Business,532,XLG,Trade, 36 months,0.0991,B,B1,BISWANATH CHARIALI,208-DBS,GUWAAHATI,AS,AS,ASSAM,BISWANATH,740048,13111-SHANTUMONI BORAH,Medium,44254,40604,43191,3.57,4374.24,N,N,0,On-Time,0,0,1,2015-01-27,0,Jan-2021
ACC001730,922,Mangaldoi,JLG30K,37346,20953,42895,2023-11-15,Default,Monthly EMI,570241,Mangaldoi-570241,Nisha Joshi,Female,46-55,48,1979-01-29,General,Hindu,MORTGAGE,50K-75K,Business,657,XLG,Services, 36 months,0.1065,B,B2,Mangaldoi,208-DBS,GUWAAHATI,AS,AS,ASSAM,Mangaldoi,570241,10961-NAYAN JYOTI SARMAH,Low,39096,21002,37033,24.16,110.74,N,N,2,On-Time,0,0,1,2015-02-10,0,Nov-2023
ACC001731,363,DHURI,JLG30K,13758,43250,15996,2018-12-23,Active,Quarterly EMI,1030063,DHURI-1030063,Diya Reddy,Female,36-45,40,1979-12-28,ST,Sikh,RENT,<25K,Self-Employed,810,XLG,Services, 36 months,0.1065,B,B2,DHURI,102-DBS,LUDHIANA,PB,PB,PUNJAB,SANGRUR,1030063,12058-DEEPAK KUMAR,Low,13935,42792,13504,29.76,4382.73,N,N,1,On-Time,0,0,1,2018-11-01,0,Dec-2018
ACC001732,472,Mangaldoi,JLG30K,40496,28609,18321,2022-04-06,Fully Paid,Quarterly EMI,570241,Mangaldoi-570241,Laksh Reddy,Female,26-35,31,1979-01-29,SC,Hindu,RENT,25K-50K,Salaried,315,XLG,Services, 36 months,0.1065,B,B2,Mangaldoi,208-DBS,GUWAAHATI,AS,AS,ASSAM,Mangaldoi,570241,10961-NAYAN JYOTI SARMAH,Low,41803,29908,40345,8.29,1098.55,N,N,1,On-Time,0,0,1,2022-04-06,1,Apr-2022
ACC001733,493,DHURI,JLG30K,40628,3500,24152,2021-08-22,Fully Paid,Monthly EMI,1030063,DHURI-1030063,Vivaan Mehta,Female,26-35,28,1979-01-29,ST,Sikh,RENT,50K-75K,Salaried,375,XLG,Services, 36 months,0.1065,B,B2,DHURI,102-DBS,LUDHIANA,PB,PB,PUNJAB,SANGRUR,1030063,12058-DEEPAK KUMAR,Low,42395,5461,40332,35.25,2194.25,N,N,2,On-Time,0,0,1,2015-10-21,0,Aug-2021
ACC001734,468,Mathura,JLG35K,10093,49521,35710,2021-01-19,Default,Monthly EMI,910182,Mathura-910182,Laksh Mehta,Female,36-45,44,1975-07-28,General,Muslim,RENT,50K-75K,Salaried,425,XLG,Trade, 36 months,0.0991,B,B1,Mathura,176-DBS,BULANDSHAHR,UP,UP,UTTAR PRADESH,MATHURA,910182,10469-MANISH  PANDEY,High,11899,49646,9860,7.19,965.49,N,Y,2,On-Time,1,0,1,2015-11-15,0,Jan-2021
ACC001735,208,MUKTSAR,JLG46K,14587,48830,36706,2019-12-10,Paid Off,Quarterly EMI,1110166,MUKTSAR-1110166,Nisha Joshi,Female,26-35,33,1979-01-29,General,Hindu,MORTGAGE,50K-75K,Self-Employed,731,XLG,Home Loan, 36 months,0.1825,D,D5,MUKTSAR,102-DBS,LUDHIANA,PB,PB,PUNJAB,SRI MUKTSAR SAHIB,1110166,11303-ASHUTOSH KUMAR SUMAN,Medium,15349,50483,14259,19.77,4386.49,N,N,1,On-Time,0,0,1,2016-01-31,0,Dec-2019
ACC001736,88,DURGAPUR,JLG30K,38237,23632,44924,2019-01-01,Paid Off,Quarterly EMI,700013,DURGAPUR-700013,Diya Chopra,Female,46-55,49,1979-01-29,General,Hindu,RENT,<25K,Business,572,XLG,Services, 36 months,0.1065,B,B2,DURGAPUR,201-DBS,HOWRAH,WB,WB,WEST BENGAL,PASCHIM BARDHHAMAN,700013,10037-RAJESH PRATAP,Low,39035,23361,38048,30.93,2973.65,Y,N,2,On-Time,0,1,1,2016-02-29,0,Jan-2019
ACC001737,475,TEZPUR,JLG35K,13971,37780,40737,2023-05-04,Active,Monthly EMI,680026,TEZPUR-680026,Aarav Patel,Female,26-35,31,1979-01-29,ST,Sikh,MORTGAGE,50K-75K,Business,462,XLG,Trade, 36 months,0.0991,B,B1,TEZPUR,208-DBS,GUWAAHATI,AS,AS,ASSAM,SONITPUR,680026,11055-MANAS PROTIM HAZARIKA,Medium,13705,37653,13731,20.09,3482.31,Y,N,0,On-Time,0,1,1,2023-05-04,1,May-2023
ACC001738,795,SANGRUR,JLG30K,47999,4174,21469,2021-07-10,Default,Monthly EMI,110159,SANGRUR-110159,Aditya Malhotra,Female,46-55,51,1979-01-29,OBC,Hindu,RENT,25K-50K,Self-Employed,389,XLG,Services, 36 months,0.1065,B,B2,SANGRUR,102-DBS,LUDHIANA,PB,PB,PUNJAB,SANGRUR,110159,10037-RAJESH PRATAP,Low,48691,5165,47659,8.58,4237.86,Y,N,0,Late,0,1,1,2021-07-10,1,Jul-2021
ACC001739,846,SANGRUR,JLG35K,44288,43888,42254,2022-12-18,Paid Off,Monthly EMI,110159,SANGRUR-110159,Ananya Nair,Female,36-45,44,1979-01-29,ST,Sikh,RENT,50K-75K,Self-Employed,638,XLG,Trade, 36 months,0.0991,B,B1,SANGRUR,102-DBS,LUDHIANA,PB,PB,PUNJAB,SANGRUR,110159,10037-RAJESH PRATAP,Low,44077,45655,44170,14.02,1071.06,Y,N,2,On-Time,0,1,1,2022-12-18,1,Dec-2022
ACC001740,256,SIWAN,JLG30K,29704,41907,5882,2017-10-05,Default,Quarterly EMI,790102,SIWAN-790102,Meera Gupta,Female,46-55,52,1979-01-29,ST,Sikh,RENT,<25K,Business,805,XLG,Services, 36 months,0.1065,B,B2,SIWAN,209-DBS,PATNA,BR,BR,BIHAR,SIWAN,790102,10827-AJEET KUMAR PANDEY,Medium,30485,43674,29460,4.73,384.04,N,N,1,Late,0,0,1,2016-10-09,0,Oct-2017
ACC001741,359,DHURI,JLG30K,26235,40656,12586,2020-07-01,Paid Off,Quarterly EMI,1030063,DHURI-1030063,Vivaan Verma,Female,46-55,52,1979-01-29,ST,Sikh,RENT,100K+,Salaried,626,XLG,Services, 36 months,0.1065,B,B2,DHURI,102-DBS,LUDHIANA,PB,PB,PUNJAB,SANGRUR,1030063,12058-DEEPAK KUMAR,Low,25839,41640,25791,17.19,1102.84,N,N,2,On-Time,0,0,1,2017-11-07,0,Jul-2020
ACC001742,67,BEHROR,JLG30K,36146,15962,20464,2018-09-03,Fully Paid,Quarterly EMI,30179,BEHROR-30179,Kavya Mehta,Female,36-45,37,1979-01-29,ST,Hindu,MORTGAGE,75K-100K,Business,414,XLG,Services, 36 months,0.1065,B,B2,BEHROR,301-DBS,JAIPUR,RJ,RJ,RAJASTHAN,BEHROD,30179,10055-MAHESH KUMAR PATEL,Low,36738,17362,35946,28.85,438.51,N,N,0,On-Time,0,0,1,2018-09-03,1,Sep-2018
ACC001743,150,MUKTSAR,JLG35K,29151,7494,44764,2020-12-24,Default,Quarterly EMI,1110166,MUKTSAR-1110166,Diya Verma,Female,26-35,35,1979-01-29,ST,Sikh,MORTGAGE,25K-50K,Self-Employed,744,XLG,Trade, 36 months,0.0991,B,B1,MUKTSAR,102-DBS,LUDHIANA,PB,PB,PUNJAB,SRI MUKTSAR SAHIB,1110166,11303-ASHUTOSH KUMAR SUMAN,Medium,30394,8618,28673,25.13,3516.62,N,N,0,Late,0,0,1,2016-09-04,0,Dec-2020
ACC001744,255,MUKTSAR,JLG30K,2244,20606,25097,2022-11-18,Paid Off,Monthly EMI,1110166,MUKTSAR-1110166,Kavya Gupta,Female,36-45,45,1979-01-29,General,Hindu,RENT,75K-100K,Self-Employed,773,XLG,Services, 36 months,0.1065,B,B2,MUKTSAR,102-DBS,LUDHIANA,PB,PB,PUNJAB,SRI MUKTSAR SAHIB,1110166,11303-ASHUTOSH KUMAR SUMAN,Medium,3322,20861,2185,22.15,2701.72,N,N,2,On-Time,0,0,1,2020-01-13,0,Nov-2022
ACC001745,216,Mathura,JLG35K,23298,30602,21102,2023-02-24,Paid Off,Quarterly EMI,910182,Mathura-910182,Kavya Reddy,Female,46-55,49,1979-01-29,Minority,Muslim,RENT,<25K,Salaried,442,XLG,Trade, 36 months,0.0991,B,B1,Mathura,176-DBS,BULANDSHAHR,UP,UP,UTTAR PRADESH,MATHURA,910182,10469-MANISH  PANDEY,High,25188,30313,23186,14.28,631.77,N,N,1,On-Time,0,0,1,2015-03-15,0,Feb-2023
ACC001746,984,MAWANA,JLG35K,48883,35930,1504,2023-07-04,Paid Off,Monthly EMI,800018,MAWANA-800018,Laksh Reddy,Female,26-35,29,1979-01-29,OBC,Hindu,RENT,75K-100K,Business,311,XLG,Trade, 36 months,0.0991,B,B1,MAWANA,176-DBS,BULANDSHAHR,UP,UP,UTTAR PRADESH,MEERUT,800018,11183-ANIL KUMAR,Medium,49972,35646,48484,4.76,753.01,N,N,0,On-Time,0,0,1,2022-03-07,0,Jul-2023
ACC001747,382,SANGRUR,JLG30K,13878,22206,36116,2020-01-23,Fully Paid,Monthly EMI,110159,SANGRUR-110159,Aarav Malhotra,Female,46-55,47,1979-01-29,Minority,Muslim,RENT,<25K,Salaried,526,XLG,Services, 36 months,0.1065,B,B2,SANGRUR,102-DBS,LUDHIANA,PB,PB,PUNJAB,SANGRUR,110159,10037-RAJESH PRATAP,Low,14883,23656,13504,3.55,708.13,N,N,1,On-Time,0,0,1,2019-09-20,0,Jan-2020
ACC001748,201,MUKTSAR,JLG35K,18608,17574,40650,2016-04-10,Paid Off,Monthly EMI,1110166,MUKTSAR-1110166,Kavya Chopra,Female,36-45,36,1979-01-29,Minority,Muslim,RENT,75K-100K,Self-Employed,307,XLG,Trade, 36 months,0.0991,B,B1,MUKTSAR,102-DBS,LUDHIANA,PB,PB,PUNJAB,SRI MUKTSAR SAHIB,1110166,11303-ASHUTOSH KUMAR SUMAN,Medium,18423,17993,18121,11.85,2315.73,N,N,0,On-Time,0,0,1,2016-04-10,1,Apr-2016
ACC001749,859,DHURI,JLG50K,3098,5230,7907,2021-09-15,Fully Paid,Monthly EMI,1030063,DHURI-1030063,Kavya Malhotra,Female,26-35,33,1985-05-30,General,Hindu,RENT,100K+,Self-Employed,716,XLG,Home Loan, 60 months,0.1991,E,E4,DHURI,102-DBS,LUDHIANA,PB,PB,PUNJAB,SANGRUR,1030063,12058-DEEPAK KUMAR,Low,3687,7173,3084,8.59,2091.66,Y,N,1,On-Time,0,1,1,2015-08-31,0,Sep-2021
ACC001750,786,BEHROR,JLG30K,16724,30761,5072,2019-10-01,Fully Paid,Quarterly EMI,30179,BEHROR-30179,Diya Patel,Female,36-45,44,1979-01-29,General,Hindu,MORTGAGE,25K-50K,Salaried,601,XLG,Services, 36 months,0.1065,B,B2,BEHROR,301-DBS,JAIPUR,RJ,RJ,RAJASTHAN,BEHROD,30179,10055-MAHESH KUMAR PATEL,Low,17797,31985,16241,33.66,2603.92,N,N,1,On-Time,0,0,1,2019-10-01,1,Oct-2019
ACC001751,743,Mathura,JLG30K,27492,47175,17918,2015-03-26,Fully Paid,Quarterly EMI,910182,Mathura-910182,Nisha Malhotra,Female,26-35,29,1979-01-29,ST,Sikh,MORTGAGE,100K+,Self-Employed,799,XLG,Services, 36 months,0.1065,B,B2,Mathura,176-DBS,BULANDSHAHR,UP,UP,UTTAR PRADESH,MATHURA,910182,10469-MANISH  PANDEY,High,27262,48736,27151,44.89,3222.76,N,N,0,Late,0,0,1,2015-03-26,1,Mar-2015
ACC001752,434,PALWAL,JLG30K,15448,39919,44615,2015-04-24,Fully Paid,Monthly EMI,20242,PALWAL-20242,Ananya Verma,Female,46-55,51,1979-01-29,OBC,Hindu,MORTGAGE,25K-50K,Self-Employed,770,XLG,Services, 36 months,0.1065,B,B2,PALWAL,206-DBS,KARNAL,HR,HR,HARYANA,PALWAL,20242,10903-HEMANT SHUKLA,Medium,17435,40287,14966,48.04,3692.95,N,N,2,Very Late,0,0,1,2015-04-24,1,Apr-2015
ACC001753,830,SANGRUR,JLG35K,25016,24140,2223,2018-08-13,Paid Off,Quarterly EMI,110159,SANGRUR-110159,Ananya Sharma,Female,46-55,52,1979-01-29,Minority,Muslim,RENT,<25K,Business,557,XLG,Trade, 36 months,0.0991,B,B1,SANGRUR,102-DBS,LUDHIANA,PB,PB,PUNJAB,SANGRUR,110159,10037-RAJESH PRATAP,Low,26427,24789,24607,13.97,2847.33,N,N,0,On-Time,0,0,1,2017-11-18,0,Aug-2018
ACC001754,163,Bardhaman,JLG29K,15711,32748,44065,2020-08-24,Fully Paid,Quarterly EMI,610198,Bardhaman-610198,Ananya Reddy,Female,18-25,39,1979-01-29,General,Muslim,MORTGAGE,<25K,Self-Employed,660,XLG,Trade, 60 months,0.1727,D,D3,Bardhaman,201-DBS,HOWRAH,WB,WB,WEST BENGAL,Barddhaman,610198,10035-ABHAY TOMER,Medium,17493,33672,15626,0.16,1586.57,N,N,1,Late,0,0,1,2016-06-04,0,Aug-2020
ACC001755,22,MAHASAMUND,JLG30K,43784,42786,44662,2020-07-21,Default,Quarterly EMI,250029,MAHASAMUND-250029,Meera Patel,Female,26-35,28,1979-01-29,SC,Hindu,RENT,25K-50K,Business,385,XLG,Services, 36 months,0.1065,B,B2,MAHASAMUND,207-DBS,RAIPUR,CG,CG,CHATTISGARH,MAHASAMUND,250029,11640-NITISH KUMAR,High,45628,42458,43733,29.14,467.32,N,N,2,On-Time,0,0,1,2017-07-29,0,Jul-2020
ACC001756,216,CHHATA,JLG45K,40902,45997,43828,2015-03-15,Fully Paid,Monthly EMI,910020,CHHATA-910020,Kavya Reddy,Female,46-55,49,1979-01-29,Minority,Muslim,RENT,<25K,Salaried,442,XLG,Agriculture, 36 months,0.0751,A,A3,CHHATA,176-DBS,BULANDSHAHR,UP,UP,UTTAR PRADESH,MATHURA,910020,10047-ANIL KUMAR,High,40584,46525,40418,2.28,3054.07,N,N,2,On-Time,0,0,1,2015-03-15,1,Mar-2015
ACC001757,959,MUKTSAR,JLG30K,48086,28916,2394,2022-11-28,Paid Off,Monthly EMI,1110166,MUKTSAR-1110166,Nisha Reddy,Female,36-45,42,1979-01-29,SC,Hindu,RENT,100K+,Self-Employed,668,XLG,Services, 36 months,0.1065,B,B2,MUKTSAR,102-DBS,LUDHIANA,PB,PB,PUNJAB,SRI MUKTSAR SAHIB,1110166,11303-ASHUTOSH KUMAR SUMAN,Medium,48299,29157,48006,45.91,4357.91,N,N,2,On-Time,0,0,1,2015-01-20,0,Nov-2022
ACC001758,449,MAWANA,JLG30K,7851,40957,35767,2023-12-16,Paid Off,Monthly EMI,800018,MAWANA-800018,Vivaan Patel,Female,46-55,51,1979-01-29,SC,Hindu,MORTGAGE,100K+,Business,375,XLG,Services, 36 months,0.1065,B,B2,MAWANA,176-DBS,BULANDSHAHR,UP,UP,UTTAR PRADESH,MEERUT,800018,11183-ANIL KUMAR,Medium,9689,42351,7452,14.74,1915.42,N,N,1,Late,0,0,1,2017-06-14,0,Dec-2023
ACC001759,726,MUKTSAR,JLG45K,13751,38302,37936,2016-11-28,Active,Quarterly EMI,1110166,MUKTSAR-1110166,Ananya Sharma,Female,26-35,29,1979-01-29,General,Hindu,MORTGAGE,<25K,Self-Employed,712,XLG,Agriculture, 36 months,0.0751,A,A3,MUKTSAR,102-DBS,LUDHIANA,PB,PB,PUNJAB,SRI MUKTSAR SAHIB,1110166,11303-ASHUTOSH KUMAR SUMAN,Medium,14002,40273,13690,34.98,894.49,N,N,0,On-Time,0,0,1,2016-11-28,1,Nov-2016
ACC001760,737,MAWANA,JLG35K,18728,32271,18293,2020-06-20,Fully Paid,Monthly EMI,800018,MAWANA-800018,Ananya Sharma,Female,46-55,52,1979-01-29,Minority,Muslim,RENT,<25K,Business,557,XLG,Trade, 36 months,0.0991,B,B1,MAWANA,176-DBS,BULANDSHAHR,UP,UP,UTTAR PRADESH,MEERUT,800018,11183-ANIL KUMAR,Medium,20166,32203,18315,32.36,605.41,N,N,0,On-Time,0,0,1,2015-02-28,0,Jun-2020
ACC001761,433,CUTTACK,JLG30K,37291,48327,13370,2015-08-18,Fully Paid,Quarterly EMI,630081,CUTTACK-630081,Vivaan Reddy,Female,36-45,37,1979-01-29,OBC,Hindu,RENT,25K-50K,Salaried,426,XLG,Services, 36 months,0.1065,B,B2,CUTTACK,107-DBS,BHUBANESWAR,OR,OR,ODISHA,CUTTACK,630081,12061-PINAKAPANI KANUNGO,High,38171,50251,37028,40.14,1581.75,N,N,1,On-Time,0,0,1,2015-08-18,1,Aug-2015
ACC001762,326,SANGRUR,JLG30K,22465,21241,42026,2022-10-17,Paid Off,Monthly EMI,110159,SANGRUR-110159,Ananya Nair,Female,36-45,44,1979-01-29,ST,Sikh,RENT,50K-75K,Self-Employed,638,XLG,Services, 36 months,0.1065,B,B2,SANGRUR,102-DBS,LUDHIANA,PB,PB,PUNJAB,SANGRUR,110159,10037-RAJESH PRATAP,Low,22503,20986,22223,37.64,4201.62,N,N,2,On-Time,0,0,1,2017-09-25,0,Oct-2022
ACC001763,675,BEHROR,JLG35K,26673,18595,30914,2021-04-23,Paid Off,Quarterly EMI,30179,BEHROR-30179,Laksh Reddy,Female,26-35,29,1979-01-29,OBC,Hindu,RENT,75K-100K,Business,311,XLG,Trade, 36 months,0.0991,B,B1,BEHROR,301-DBS,JAIPUR,RJ,RJ,RAJASTHAN,BEHROD,30179,10055-MAHESH KUMAR PATEL,Low,27406,19181,26354,8.82,619.63,Y,N,2,On-Time,0,1,1,2021-04-23,1,Apr-2021
ACC001764,132,MUKTSAR,JLG35K,10176,2087,3144,2021-11-14,Fully Paid,Quarterly EMI,1110166,MUKTSAR-1110166,Diya Malhotra,Female,18-25,21,1979-01-29,ST,Sikh,RENT,50K-75K,Self-Employed,493,XLG,Trade, 36 months,0.0991,B,B1,MUKTSAR,102-DBS,LUDHIANA,PB,PB,PUNJAB,SRI MUKTSAR SAHIB,1110166,11303-ASHUTOSH KUMAR SUMAN,Medium,10285,3947,9881,23.69,1635.13,N,N,0,On-Time,0,0,1,2015-03-15,0,Nov-2021
ACC001765,403,BILASPUR,JLG35K,46828,32996,14952,2016-09-08,Fully Paid,Monthly EMI,240005,BILASPUR-240005,Aarav Reddy,Female,46-55,55,1979-01-29,General,Muslim,MORTGAGE,<25K,Self-Employed,750,XLG,Trade, 36 months,0.0991,B,B1,BILASPUR,207-DBS,RAIPUR,CG,CG,CHATTISGARH,BILASPUR,240005,10886-MANISH KUMAR DWIVEDI,Low,47519,33428,46400,22.71,867.38,N,N,2,Very Late,0,0,1,2016-09-08,1,Sep-2016
ACC001766,137,FATEHGARH SAHIB,JLG30K,19288,42969,34418,2018-11-13,Default,Monthly EMI,120676,FATEHGARH SAHIB-120676,Ananya Nair,Female,36-45,44,1979-01-29,ST,Sikh,RENT,50K-75K,Self-Employed,638,XLG,Services, 36 months,0.1065,B,B2,FATEHGARH SAHIB,102-DBS,LUDHIANA,PB,PB,PUNJAB,FATEHGARH SAHIB,120676,10037-RAJESH PRATAP,Medium,18857,43692,19165,4.59,4098.74,N,N,1,On-Time,0,0,1,2017-10-03,0,Nov-2018
ACC001767,933,Mathura,JLG30K,42177,29754,43115,2017-02-12,Active,Quarterly EMI,910182,Mathura-910182,Meera Joshi,Female,46-55,53,1979-01-29,ST,Sikh,RENT,<25K,Salaried,529,XLG,Services, 36 months,0.1065,B,B2,Mathura,176-DBS,BULANDSHAHR,UP,UP,UTTAR PRADESH,MATHURA,910182,10469-MANISH  PANDEY,High,42522,30118,42040,33.18,406.81,N,N,1,On-Time,0,0,1,2017-02-12,1,Feb-2017
ACC001768,784,SHAHDOL,JLG35K,19719,29408,30050,2017-07-11,Paid Off,Quarterly EMI,1550006,SHAHDOL-1550006,Ananya Patel,Female,36-45,43,1979-01-29,Minority,Muslim,RENT,75K-100K,Salaried,558,XLG,Trade, 36 months,0.0991,B,B1,SHAHDOL,200-DBS,BHOPAL,MP,MP,MADHYA PRADESH,SHAHDOL,1550006,10021-MAHENDRA PRATAP SINGH,Medium,19354,30203,19236,5.92,2299.34,Y,N,0,On-Time,0,1,1,2015-09-25,0,Jul-2017
ACC001769,50,Mathura,JLG35K,25686,21375,4789,2019-09-23,Paid Off,Monthly EMI,910182,Mathura-910182,Nisha Mehta,Female,36-45,38,1979-01-29,SC,Muslim,RENT,25K-50K,Self-Employed,774,XLG,Trade, 36 months,0.0991,B,B1,Mathura,176-DBS,BULANDSHAHR,UP,UP,UTTAR PRADESH,MATHURA,910182,10469-MANISH  PANDEY,High,27244,22905,25304,30.76,1260.46,Y,N,1,Late,0,1,1,2015-03-30,0,Sep-2019
ACC001770,935,FATEHABAD,JLG30K,43802,25080,39829,2023-02-06,Fully Paid,Quarterly EMI,670106,FATEHABAD-670106,Nisha Chopra,Female,46-55,49,1979-01-29,SC,Hindu,RENT,75K-100K,Business,641,XLG,Services, 36 months,0.1065,B,B2,FATEHABAD,206-DBS,KARNAL,HR,HR,HARYANA,FATEHABAD,670106,10316-DEEPAK KUMAR,Medium,45496,26008,43738,25.42,4171.67,N,N,1,On-Time,0,0,1,2017-11-14,0,Feb-2023
ACC001771,196,JALANDHAR,JLG30K,4126,28903,4141,2021-10-13,Active,Quarterly EMI,160051,JALANDHAR-160051,Laksh Reddy,Female,26-35,29,1979-01-29,OBC,Hindu,RENT,75K-100K,Business,311,XLG,Services, 36 months,0.1065,B,B2,JALANDHAR,102-DBS,LUDHIANA,PB,PB,PUNJAB,JALANDHAR,160051,10067-AKSHAY KUMAR,Low,3712,29601,4076,21.87,3628.32,N,N,1,Late,0,0,1,2018-05-21,0,Oct-2021
ACC001772,915,Mathura,JLG30K,12527,3479,34968,2021-01-17,Paid Off,Quarterly EMI,910182,Mathura-910182,Ishaan Mehta,Female,46-55,54,1979-01-29,General,Hindu,MORTGAGE,50K-75K,Business,629,XLG,Services, 36 months,0.1065,B,B2,Mathura,176-DBS,BULANDSHAHR,UP,UP,UTTAR PRADESH,MATHURA,910182,10469-MANISH  PANDEY,High,13844,4930,12117,7.3,514.15,N,N,1,Late,0,0,1,2016-03-21,0,Jan-2021
ACC001773,104,SANGRUR,JLG44K,21680,15805,7108,2020-06-05,Paid Off,Quarterly EMI,110159,SANGRUR-110159,Meera Nair,Female,36-45,38,1979-01-29,ST,Sikh,OWN,75K-100K,Self-Employed,368,XLG,Home Loan, 36 months,0.0662,A,A2,SANGRUR,102-DBS,LUDHIANA,PB,PB,PUNJAB,SANGRUR,110159,10037-RAJESH PRATAP,Low,22064,17086,21620,8.59,2971.17,N,N,2,On-Time,0,0,1,2020-06-05,1,Jun-2020
ACC001774,24,NEEM KA THANA,JLG35K,12023,11818,14980,2016-09-16,Active,Monthly EMI,80001,NEEM KA THANA-80001,Vivaan Chopra,Female,46-55,47,1979-01-29,General,Hindu,OWN,75K-100K,Salaried,519,XLG,Trade, 36 months,0.0991,B,B1,NEEM KA THANA,301-DBS,JAIPUR,RJ,RJ,RAJASTHAN,NEEM KA THANA,80001,10043-RAVI MISHRA,High,13422,12647,11902,31.68,4670.15,N,N,2,On-Time,0,0,1,2016-09-16,1,Sep-2016
ACC001775,716,MUKTSAR,JLG46K,33000,26425,16439,2018-10-05,Fully Paid,Monthly EMI,1110166,MUKTSAR-1110166,Nisha Nair,Female,26-35,28,1979-01-29,ST,Sikh,MORTGAGE,25K-50K,Self-Employed,641,XLG,Home Loan, 36 months,0.1825,D,D5,MUKTSAR,102-DBS,LUDHIANA,PB,PB,PUNJAB,SRI MUKTSAR SAHIB,1110166,11303-ASHUTOSH KUMAR SUMAN,Medium,33896,26272,32929,41.43,1644.17,Y,N,1,On-Time,0,1,1,2016-11-23,0,Oct-2018
ACC001776,41,JALANDHAR,JLG30K,6510,43935,25892,2023-02-11,Active,Quarterly EMI,160051,JALANDHAR-160051,Ishaan Sharma,Female,26-35,26,1979-01-29,General,Hindu,RENT,25K-50K,Salaried,522,XLG,Services, 36 months,0.1065,B,B2,JALANDHAR,102-DBS,LUDHIANA,PB,PB,PUNJAB,JALANDHAR,160051,10067-AKSHAY KUMAR,Low,7234,44437,6205,42.8,2833.8,Y,N,0,On-Time,0,1,1,2017-11-21,0,Feb-2023
ACC001777,374,TEZPUR,JLG44K,32559,45198,6133,2017-08-01,Fully Paid,Monthly EMI,680026,TEZPUR-680026,Ishaan Reddy,Female,26-35,33,1979-01-29,General,Muslim,RENT,<25K,Self-Employed,336,XLG,Home Loan, 36 months,0.0662,A,A2,TEZPUR,208-DBS,GUWAAHATI,AS,AS,ASSAM,SONITPUR,680026,11055-MANAS PROTIM HAZARIKA,Medium,32775,45798,32491,45.68,3522.95,N,N,1,On-Time,0,0,1,2017-08-01,1,Aug-2017
ACC001778,497,BEHROR,JLG30K,33648,7741,6770,2020-01-10,Fully Paid,Monthly EMI,30179,BEHROR-30179,Vivaan Gupta,Female,46-55,46,1979-01-29,ST,Sikh,OWN,75K-100K,Business,481,XLG,Services, 36 months,0.1065,B,B2,BEHROR,301-DBS,JAIPUR,RJ,RJ,RAJASTHAN,BEHROD,30179,10055-MAHESH KUMAR PATEL,Low,33934,8864,33406,10.8,1374.02,N,N,0,Very Late,0,0,1,2016-11-26,0,Jan-2020
ACC001779,656,DHURI,JLG35K,3098,41094,35048,2022-02-17,Active,Quarterly EMI,1030063,DHURI-1030063,Kavya Chopra,Female,36-45,43,1979-01-29,General,Muslim,OWN,100K+,Business,300,XLG,Trade, 36 months,0.0991,B,B1,DHURI,102-DBS,LUDHIANA,PB,PB,PUNJAB,SANGRUR,1030063,12058-DEEPAK KUMAR,Low,4112,42367,2839,49.49,4843.16,N,N,2,On-Time,0,0,1,2015-04-27,0,Feb-2022
ACC001780,758,AGRA,JLG30K,11180,8982,42772,2021-12-29,Fully Paid,Monthly EMI,140056,AGRA-140056,Aditya Mehta,Female,46-55,46,1979-01-29,Minority,Muslim,RENT,<25K,Business,708,XLG,Services, 36 months,0.1065,B,B2,AGRA,176-DBS,BULANDSHAHR,UP,UP,UTTAR PRADESH,AGRA,140056,10161-RAM AVTAR,Medium,12556,8816,11117,36.21,114.6,N,N,1,On-Time,0,0,1,2021-12-29,1,Dec-2021
ACC001781,900,MAWANA,JLG30K,7327,2470,4266,2015-12-25,Default,Monthly EMI,800018,MAWANA-800018,Nisha Reddy,Female,36-45,42,1979-01-29,SC,Hindu,RENT,100K+,Self-Employed,668,XLG,Services, 36 months,0.1065,B,B2,MAWANA,176-DBS,BULANDSHAHR,UP,UP,UTTAR PRADESH,MEERUT,800018,11183-ANIL KUMAR,Medium,7828,4120,7182,46.23,1204.51,N,N,0,On-Time,0,0,1,2015-12-25,1,Dec-2015
ACC001782,841,MAWANA,JLG30K,25707,2142,23700,2022-10-06,Active,Quarterly EMI,800018,MAWANA-800018,Ishaan Joshi,Female,36-45,43,1979-01-29,General,Hindu,RENT,100K+,Salaried,675,XLG,Services, 36 months,0.1065,B,B2,MAWANA,176-DBS,BULANDSHAHR,UP,UP,UTTAR PRADESH,MEERUT,800018,11183-ANIL KUMAR,Medium,25425,3755,25366,35.31,4541.7,N,N,0,Very Late,0,0,1,2021-09-08,0,Oct-2022
ACC001783,439,MAWANA,JLG35K,46035,43814,33273,2019-07-02,Fully Paid,Quarterly EMI,800018,MAWANA-800018,Vivaan Gupta,Female,36-45,38,1979-01-29,General,Hindu,MORTGAGE,75K-100K,Business,517,XLG,Trade, 36 months,0.0991,B,B1,MAWANA,176-DBS,BULANDSHAHR,UP,UP,UTTAR PRADESH,MEERUT,800018,11183-ANIL KUMAR,Medium,46973,45326,45920,34.75,1256.52,N,N,1,Late,0,0,1,2018-07-30,0,Jul-2019
ACC001784,351,Mathura,JLG30K,32780,23428,29714,2020-01-03,Paid Off,Monthly EMI,910182,Mathura-910182,Ananya Reddy,Female,26-35,29,1979-01-29,ST,Sikh,RENT,100K+,Salaried,324,XLG,Services, 36 months,0.1065,B,B2,Mathura,176-DBS,BULANDSHAHR,UP,UP,UTTAR PRADESH,MATHURA,910182,10469-MANISH  PANDEY,High,33067,23664,32761,21.47,1706.44,Y,N,2,Late,0,1,1,2016-07-05,0,Jan-2020
ACC001785,339,Mathura,JLG30K,32170,22583,12293,2016-12-18,Paid Off,Quarterly EMI,910182,Mathura-910182,Ananya Patel,Female,36-45,43,1979-01-29,Minority,Muslim,RENT,75K-100K,Salaried,558,XLG,Services, 36 months,0.1065,B,B2,Mathura,176-DBS,BULANDSHAHR,UP,UP,UTTAR PRADESH,MATHURA,910182,10469-MANISH  PANDEY,High,32030,24154,31691,17.38,2202.84,N,N,1,On-Time,0,0,1,2016-07-13,0,Dec-2016
ACC001786,322,PATIALA,JLG30K,26805,30939,15682,2020-10-17,Fully Paid,Monthly EMI,100186,PATIALA-100186,Meera Gupta,Female,26-35,29,1979-01-29,ST,Sikh,RENT,75K-100K,Self-Employed,369,XLG,Services, 36 months,0.1065,B,B2,PATIALA,102-DBS,LUDHIANA,PB,PB,PUNJAB,PATIALA,100186,10420-MUNENDRA  SINGH,Medium,28498,30515,26574,0.17,1766.7,N,N,1,Very Late,0,0,1,2020-10-17,1,Oct-2020
ACC001787,161,PAOTA,JLG46K,49856,45571,41295,2020-08-12,Active,Monthly EMI,90149,PAOTA-90149,Kavya Reddy,Female,56-63,59,1979-01-29,General,Muslim,RENT,50K-75K,Salaried,775,XLG,Home Loan, 36 months,0.1825,D,D5,PAOTA,301-DBS,JAIPUR,RJ,RJ,RAJASTHAN,jaipur,90149,10043-RAVI MISHRA,Low,49665,45606,49693,26.62,724.23,N,Y,1,Late,1,0,1,2015-02-21,0,Aug-2020
ACC001788,908,DURGAPUR,JLG30K,9929,27422,11794,2018-01-17,Default,Quarterly EMI,700013,DURGAPUR-700013,Nisha Reddy,Female,26-35,33,1979-01-29,ST,Sikh,RENT,100K+,Business,473,XLG,Services, 36 months,0.1065,B,B2,DURGAPUR,201-DBS,HOWRAH,WB,WB,WEST BENGAL,PASCHIM BARDHHAMAN,700013,10037-RAJESH PRATAP,Low,10385,27687,9608,26.83,3007.52,N,N,1,Late,0,0,1,2018-01-17,1,Jan-2018
ACC001789,169,MUKTSAR,JLG35K,49809,11038,38336,2019-10-22,Fully Paid,Monthly EMI,1110166,MUKTSAR-1110166,Kavya Mehta,Female,36-45,45,1973-03-14,General,Muslim,OWN,50K-75K,Business,490,XLG,Trade, 36 months,0.0991,B,B1,MUKTSAR,102-DBS,LUDHIANA,PB,PB,PUNJAB,SRI MUKTSAR SAHIB,1110166,11303-ASHUTOSH KUMAR SUMAN,Medium,51351,13033,49678,48.76,3533.72,N,N,2,On-Time,0,0,1,2015-08-27,0,Oct-2019
ACC001790,785,JAMMU,JLG30K,22441,17356,24174,2016-12-16,Paid Off,Quarterly EMI,720081,JAMMU-720081,Diya Sharma,Female,26-35,34,1979-01-29,ST,Sikh,MORTGAGE,100K+,Self-Employed,341,XLG,Services, 36 months,0.1065,B,B2,JAMMU,201-DBS,LUDHIANA,JK,JK,JAMMU & KASHMIR,JAMMU,720081,10588-POONAM DEVI,High,21993,18503,22362,11.52,4646.61,N,N,1,On-Time,0,0,1,2015-03-24,0,Dec-2016
ACC001791,953,MAHASAMUND,JLG30K,24857,8208,13858,2016-04-21,Active,Quarterly EMI,250029,MAHASAMUND-250029,Nisha Reddy,Female,26-35,33,1979-01-29,ST,Sikh,RENT,100K+,Business,473,XLG,Services, 36 months,0.1065,B,B2,MAHASAMUND,207-DBS,RAIPUR,CG,CG,CHATTISGARH,MAHASAMUND,250029,11640-NITISH KUMAR,High,26121,9786,24708,0.59,2059.0,N,N,0,On-Time,0,0,1,2016-04-21,1,Apr-2016
ACC001792,545,MAWANA,JLG35K,48195,29655,5024,2023-01-23,Active,Quarterly EMI,800018,MAWANA-800018,Ananya Mehta,Female,26-35,30,1979-01-29,ST,Sikh,RENT,75K-100K,Business,783,XLG,Trade, 36 months,0.0991,B,B1,MAWANA,176-DBS,BULANDSHAHR,UP,UP,UTTAR PRADESH,MEERUT,800018,11183-ANIL KUMAR,Medium,47949,29604,47959,49.68,3782.29,N,N,1,On-Time,0,0,1,2018-03-19,0,Jan-2023
ACC001793,49,MAHASAMUND,JLG35K,41776,26866,12545,2017-06-24,Active,Monthly EMI,250029,MAHASAMUND-250029,Aarav Sharma,Female,46-55,46,1979-01-29,SC,Hindu,RENT,100K+,Business,459,XLG,Trade, 36 months,0.0991,B,B1,MAHASAMUND,207-DBS,RAIPUR,CG,CG,CHATTISGARH,MAHASAMUND,250029,11640-NITISH KUMAR,High,41523,26912,41351,35.36,378.72,N,N,0,Very Late,0,0,1,2015-02-26,0,Jun-2017
ACC001794,596,BULANDSHAHR,JLG35K,40175,23720,30475,2017-06-07,Paid Off,Quarterly EMI,10068,BULANDSHAHR-10068,Vivaan Patel,Female,46-55,51,1979-01-29,SC,Hindu,MORTGAGE,100K+,Business,375,XLG,Trade, 36 months,0.0991,B,B1,BULANDSHAHR,176-DBS,BULANDSHAHR,UP,UP,UTTAR PRADESH,BULANDSHAHAR,10068,10057-NANDI SHANKAR,High,41059,24534,40023,33.39,4429.63,N,N,2,On-Time,0,0,1,2017-06-07,1,Jun-2017
ACC001795,824,MUKTSAR,JLG30K,36583,43601,15689,2023-06-01,Active,Quarterly EMI,1110166,MUKTSAR-1110166,Laksh Reddy,Female,26-35,31,1979-01-29,SC,Hindu,RENT,25K-50K,Salaried,315,XLG,Services, 36 months,0.1065,B,B2,MUKTSAR,102-DBS,LUDHIANA,PB,PB,PUNJAB,SRI MUKTSAR SAHIB,1110166,11303-ASHUTOSH KUMAR SUMAN,Medium,36613,43227,36142,8.7,2330.26,Y,N,1,On-Time,0,1,1,2016-03-28,0,Jun-2023
ACC001796,116,Mathura,JLG30K,48460,47457,29615,2021-06-27,Fully Paid,Monthly EMI,910182,Mathura-910182,Nisha Joshi,Female,26-35,35,1979-01-29,ST,Sikh,RENT,<25K,Business,697,XLG,Services, 36 months,0.1065,B,B2,Mathura,176-DBS,BULANDSHAHR,UP,UP,UTTAR PRADESH,MATHURA,910182,10469-MANISH  PANDEY,High,48929,47239,48431,46.96,2742.12,N,N,1,On-Time,0,0,1,2017-03-25,0,Jun-2021
ACC001797,760,BUXAR,JLG35K,25425,35043,22399,2021-08-11,Active,Quarterly EMI,710002,BUXAR-710002,Nisha Reddy,Female,26-35,33,1979-01-29,ST,Sikh,RENT,100K+,Business,473,XLG,Trade, 36 months,0.0991,B,B1,BUXAR,209-DBS,PATNA,BR,BR,BIHAR,BUXAR,710002,10055-MAHESH KUMAR PATEL,Medium,26947,34657,25075,20.09,4232.5,N,N,2,Very Late,0,0,1,2021-01-21,0,Aug-2021
ACC001798,731,KURUKSHETRA,JLG30K,21579,2253,4226,2016-09-22,Fully Paid,Monthly EMI,70364,KURUKSHETRA-70364,Aarav Joshi,Female,18-25,22,1997-10-27,General,Hindu,RENT,<25K,Salaried,516,XLG,Services, 36 months,0.1065,B,B2,KURUKSHETRA,206-DBS,KARNAL,HR,HR,HARYANA,KURUKSHETRA,70364,10028-AAYUSH PANDEY,Medium,22702,2691,21287,15.5,2030.67,N,N,2,On-Time,0,0,1,2016-09-22,1,Sep-2016
ACC001799,587,FATEHGARH SAHIB,JLG30K,22147,34370,33537,2022-12-31,Fully Paid,Quarterly EMI,120676,FATEHGARH SAHIB-120676,Kavya Reddy,Female,56-63,59,1979-01-29,General,Muslim,RENT,50K-75K,Salaried,775,XLG,Services, 36 months,0.1065,B,B2,FATEHGARH SAHIB,102-DBS,LUDHIANA,PB,PB,PUNJAB,FATEHGARH SAHIB,120676,10037-RAJESH PRATAP,Medium,23122,36203,22098,22.94,1811.33,N,N,2,Very Late,0,0,1,2017-07-19,0,Dec-2022
ACC001800,907,MUKTSAR,JLG30K,33062,19429,37650,2020-06-19,Active,Monthly EMI,1110166,MUKTSAR-1110166,Aarav Gupta,Female,26-35,27,1979-01-29,SC,Hindu,OWN,100K+,Salaried,693,XLG,Services, 36 months,0.1065,B,B2,MUKTSAR,102-DBS,LUDHIANA,PB,PB,PUNJAB,SRI MUKTSAR SAHIB,1110166,11303-ASHUTOSH KUMAR SUMAN,Medium,35028,19087,32827,31.8,1154.64,N,N,0,On-Time,0,0,1,2018-10-11,0,Jun-2020
ACC001801,576,HABRA,JLG30K,37173,32563,35859,2021-02-25,Paid Off,Quarterly EMI,650051,HABRA-650051,Kavya Chopra,Female,18-25,23,1979-01-29,General,Hindu,RENT,75K-100K,Business,588,XLG,Services, 36 months,0.1065,B,B2,HABRA,201-DBS,HOWRAH,WB,WB,WEST BENGAL,HABRA,650051,12361-RITESH KUMAR SINHA,Low,37917,34522,37038,4.31,3044.32,N,N,2,On-Time,0,0,1,2015-03-01,0,Feb-2021
ACC001802,558,BUXAR,JLG35K,44899,6203,41832,2016-01-18,Active,Monthly EMI,710002,BUXAR-710002,Aditya Mehta,Female,46-55,46,1979-01-29,Minority,Muslim,RENT,<25K,Business,708,XLG,Trade, 36 months,0.0991,B,B1,BUXAR,209-DBS,PATNA,BR,BR,BIHAR,BUXAR,710002,10055-MAHESH KUMAR PATEL,Medium,46782,7205,44866,4.03,2158.1,N,N,2,On-Time,0,0,1,2016-01-18,1,Jan-2016
ACC001803,611,ASANSOL,JLG35K,30945,8625,42964,2023-02-07,Fully Paid,Monthly EMI,690076,ASANSOL-690076,Vivaan Nair,Female,46-55,49,1979-01-29,General,Muslim,RENT,100K+,Salaried,519,XLG,Trade, 36 months,0.0991,B,B1,ASANSOL,201-DBS,HOWRAH,WB,WB,WEST BENGAL,PASCHIM BARDHHAMAN,690076,10035-ABHAY TOMER,Medium,31116,8963,30751,46.74,1568.59,N,N,2,On-Time,0,0,1,2017-02-13,0,Feb-2023
ACC001804,577,Mathura,JLG35K,49183,39315,35724,2019-01-10,Paid Off,Quarterly EMI,910182,Mathura-910182,Nisha Reddy,Female,36-45,44,1979-01-29,OBC,Hindu,MORTGAGE,75K-100K,Business,815,XLG,Trade, 36 months,0.0991,B,B1,Mathura,176-DBS,BULANDSHAHR,UP,UP,UTTAR PRADESH,MATHURA,910182,10469-MANISH  PANDEY,High,49702,39181,48880,20.19,4027.64,N,N,2,On-Time,0,0,1,2019-01-10,1,Jan-2019
ACC001805,496,SANGRUR,JLG30K,2845,5059,44730,2016-11-12,Fully Paid,Quarterly EMI,110159,SANGRUR-110159,Kavya Verma,Female,36-45,37,1979-01-29,General,Hindu,RENT,<25K,Self-Employed,479,XLG,Services, 36 months,0.1065,B,B2,SANGRUR,102-DBS,LUDHIANA,PB,PB,PUNJAB,SANGRUR,110159,10037-RAJESH PRATAP,Low,2575,5584,2842,40.59,3789.59,N,N,0,On-Time,0,0,1,2016-11-12,1,Nov-2016
ACC001806,864,BUXAR,JLG30K,7565,6287,37868,2021-08-12,Fully Paid,Quarterly EMI,710002,BUXAR-710002,Aditya Patel,Female,26-35,27,1979-01-29,ST,Sikh,MORTGAGE,75K-100K,Salaried,600,XLG,Services, 36 months,0.1065,B,B2,BUXAR,209-DBS,PATNA,BR,BR,BIHAR,BUXAR,710002,10055-MAHESH KUMAR PATEL,Medium,8518,6184,7128,10.75,853.05,N,N,2,On-Time,0,0,1,2016-01-15,0,Aug-2021
ACC001807,314,BULANDSHAHR,JLG30K,25655,21021,36797,2021-09-19,Paid Off,Monthly EMI,10068,BULANDSHAHR-10068,Nisha Verma,Female,26-35,26,1979-01-29,OBC,Hindu,RENT,100K+,Self-Employed,824,XLG,Services, 36 months,0.1065,B,B2,BULANDSHAHR,176-DBS,BULANDSHAHR,UP,UP,UTTAR PRADESH,BULANDSHAHAR,10068,10057-NANDI SHANKAR,High,27139,22290,25287,17.81,4887.77,N,Y,1,On-Time,1,0,1,2021-09-19,1,Sep-2021
ACC001808,646,PATIALA,JLG30K,20140,45004,19145,2016-12-20,Paid Off,Monthly EMI,100186,PATIALA-100186,Kavya Verma,Female,36-45,37,1979-01-29,General,Hindu,RENT,<25K,Self-Employed,479,XLG,Services, 36 months,0.1065,B,B2,PATIALA,102-DBS,LUDHIANA,PB,PB,PUNJAB,PATIALA,100186,10420-MUNENDRA  SINGH,Medium,20034,44513,19864,6.91,1101.86,N,N,2,On-Time,0,0,1,2016-12-20,1,Dec-2016
ACC001809,115,BEHROR,JLG35K,32355,43916,6419,2019-04-21,Fully Paid,Monthly EMI,30179,BEHROR-30179,Laksh Malhotra,Female,36-45,38,1979-01-29,ST,Sikh,MORTGAGE,50K-75K,Salaried,485,XLG,Trade, 36 months,0.0991,B,B1,BEHROR,301-DBS,JAIPUR,RJ,RJ,RAJASTHAN,BEHROD,30179,10055-MAHESH KUMAR PATEL,Low,33751,44865,32299,3.15,336.12,N,N,0,Late,0,0,1,2019-04-21,1,Apr-2019
ACC001810,948,JALANDHAR,JLG30K,21285,49194,25097,2017-01-10,Paid Off,Quarterly EMI,160051,JALANDHAR-160051,Meera Sharma,Female,36-45,45,1979-01-29,OBC,Hindu,OWN,75K-100K,Business,417,XLG,Services, 36 months,0.1065,B,B2,JALANDHAR,102-DBS,LUDHIANA,PB,PB,PUNJAB,JALANDHAR,160051,10067-AKSHAY KUMAR,Low,21883,49657,20952,3.68,4211.46,N,N,2,On-Time,0,0,1,2015-11-04,0,Jan-2017
ACC001811,516,DHURI,JLG30K,7297,37355,5373,2016-01-29,Active,Monthly EMI,1030063,DHURI-1030063,Kavya Sharma,Female,26-35,26,1979-01-29,SC,Hindu,RENT,75K-100K,Business,398,XLG,Services, 36 months,0.1065,B,B2,DHURI,102-DBS,LUDHIANA,PB,PB,PUNJAB,SANGRUR,1030063,12058-DEEPAK KUMAR,Low,9202,39105,7029,28.75,1675.11,N,N,2,On-Time,0,0,1,2016-01-29,1,Jan-2016
ACC001812,387,CHHAPRA,JLG35K,9941,20452,42569,2022-10-05,Fully Paid,Monthly EMI,380112,CHHAPRA-380112,Laksh Chopra,Female,46-55,55,1964-04-22,Minority,Muslim,RENT,100K+,Self-Employed,502,XLG,Trade, 36 months,0.0991,B,B1,CHHAPRA,209-DBS,PATNA,BR,BR,BIHAR,CHHAPRA,380112,11867-VIKRANT KUMAR VICKY,High,11718,20886,9524,49.68,214.91,N,N,1,Late,0,0,1,2022-10-05,1,Oct-2022
ACC001813,839,DURGAPUR,JLG35K,5373,17991,4761,2023-02-03,Paid Off,Quarterly EMI,700013,DURGAPUR-700013,Aditya Malhotra,Female,46-55,51,1979-01-29,OBC,Hindu,RENT,25K-50K,Self-Employed,389,XLG,Trade, 36 months,0.0991,B,B1,DURGAPUR,201-DBS,HOWRAH,WB,WB,WEST BENGAL,PASCHIM BARDHHAMAN,700013,10037-RAJESH PRATAP,Low,6253,17940,4954,39.43,4250.1,N,N,2,Late,0,0,1,2017-11-17,0,Feb-2023
ACC001814,603,KURUKSHETRA,JLG35K,33073,32994,14764,2018-02-19,Paid Off,Monthly EMI,70364,KURUKSHETRA-70364,Laksh Patel,Female,46-55,46,1979-01-29,General,Hindu,RENT,50K-75K,Business,467,XLG,Trade, 36 months,0.0991,B,B1,KURUKSHETRA,206-DBS,KARNAL,HR,HR,HARYANA,KURUKSHETRA,70364,10028-AAYUSH PANDEY,Medium,33461,33603,33069,16.14,2357.14,N,N,1,On-Time,0,0,1,2018-02-19,1,Feb-2018
ACC001815,389,DHURI,JLG35K,18764,22065,7955,2015-11-21,Default,Quarterly EMI,1030063,DHURI-1030063,Laksh Patel,Female,26-35,28,1979-01-29,SC,Hindu,MORTGAGE,75K-100K,Business,844,XLG,Trade, 36 months,0.0991,B,B1,DHURI,102-DBS,LUDHIANA,PB,PB,PUNJAB,SANGRUR,1030063,12058-DEEPAK KUMAR,Low,18351,23289,18716,39.23,2480.81,Y,N,0,Late,0,1,1,2015-10-31,0,Nov-2015
ACC001816,584,MUKTSAR,JLG30K,40943,33191,29267,2016-04-08,Fully Paid,Quarterly EMI,1110166,MUKTSAR-1110166,Ishaan Mehta,Female,18-25,23,1979-01-29,OBC,Hindu,RENT,100K+,Business,416,XLG,Services, 36 months,0.1065,B,B2,MUKTSAR,102-DBS,LUDHIANA,PB,PB,PUNJAB,SRI MUKTSAR SAHIB,1110166,11303-ASHUTOSH KUMAR SUMAN,Medium,41778,32796,40506,9.25,4555.22,N,Y,1,On-Time,1,0,1,2016-04-08,1,Apr-2016
ACC001817,771,FATEHGARH SAHIB,JLG45K,12846,45254,8187,2021-05-24,Fully Paid,Quarterly EMI,120676,FATEHGARH SAHIB-120676,Aarav Reddy,Female,46-55,55,1979-01-29,General,Muslim,MORTGAGE,<25K,Self-Employed,750,XLG,Agriculture, 36 months,0.0751,A,A3,FATEHGARH SAHIB,102-DBS,LUDHIANA,PB,PB,PUNJAB,FATEHGARH SAHIB,120676,10037-RAJESH PRATAP,Medium,14198,45117,12395,26.47,2790.21,N,N,0,Late,0,0,1,2016-09-03,0,May-2021
ACC001818,235,DURGAPUR,JLG30K,28739,26754,6139,2016-08-28,Paid Off,Monthly EMI,700013,DURGAPUR-700013,Meera Nair,Female,36-45,38,1979-01-29,ST,Sikh,OWN,75K-100K,Self-Employed,368,XLG,Services, 36 months,0.1065,B,B2,DURGAPUR,201-DBS,HOWRAH,WB,WB,WEST BENGAL,PASCHIM BARDHHAMAN,700013,10037-RAJESH PRATAP,Low,29185,28239,28365,20.14,3885.94,N,N,2,On-Time,0,0,1,2016-04-29,0,Aug-2016
ACC001819,183,AGRA,JLG46K,42370,44217,43598,2018-10-26,Fully Paid,Monthly EMI,140056,AGRA-140056,Vivaan Chopra,Female,36-45,39,1979-01-29,Minority,Muslim,RENT,50K-75K,Self-Employed,831,XLG,Home Loan, 36 months,0.1825,D,D5,AGRA,176-DBS,BULANDSHAHR,UP,UP,UTTAR PRADESH,AGRA,140056,10161-RAM AVTAR,Medium,42022,44708,42055,19.39,1920.06,N,N,1,On-Time,0,0,1,2016-08-23,0,Oct-2018
ACC001820,217,SANGRUR,JLG30K,25699,22245,43200,2022-08-24,Paid Off,Monthly EMI,110159,SANGRUR-110159,Meera Gupta,Female,46-55,55,1979-01-29,ST,Christian,RENT,100K+,Business,773,XLG,Services, 36 months,0.1065,B,B2,SANGRUR,102-DBS,LUDHIANA,PB,PB,PUNJAB,SANGRUR,110159,10037-RAJESH PRATAP,Low,26809,22385,25266,3.38,2596.53,N,N,1,On-Time,0,0,1,2022-08-24,1,Aug-2022
ACC001821,671,BEHROR,JLG30K,32482,38463,36045,2023-03-31,Fully Paid,Quarterly EMI,30179,BEHROR-30179,Ananya Mehta,Female,36-45,38,1979-01-29,ST,Sikh,RENT,25K-50K,Salaried,398,XLG,Services, 36 months,0.1065,B,B2,BEHROR,301-DBS,JAIPUR,RJ,RJ,RAJASTHAN,BEHROD,30179,10055-MAHESH KUMAR PATEL,Low,33728,39726,32043,27.8,975.22,N,N,1,On-Time,0,0,1,2017-12-24,0,Mar-2023
ACC001822,99,SAMRALA,JLG30K,44393,31506,10400,2019-05-02,Fully Paid,Monthly EMI,130067,SAMRALA-130067,Aarav Verma,Female,26-35,33,1979-01-29,ST,Sikh,MORTGAGE,25K-50K,Salaried,754,XLG,Services, 36 months,0.1065,B,B2,SAMRALA,102-DBS,LUDHIANA,PB,PB,PUNJAB,SAMRALA,130067,10050-GAUTAM SINGH,Low,46347,32484,44391,15.85,2815.25,Y,N,0,On-Time,0,1,1,2017-11-19,0,May-2019
ACC001823,991,Mathura,JLG35K,8082,31732,4063,2017-12-08,Paid Off,Quarterly EMI,910182,Mathura-910182,Diya Patel,Female,36-45,44,1979-01-29,General,Hindu,MORTGAGE,25K-50K,Salaried,601,XLG,Trade, 36 months,0.0991,B,B1,Mathura,176-DBS,BULANDSHAHR,UP,UP,UTTAR PRADESH,MATHURA,910182,10469-MANISH  PANDEY,High,8924,32456,7700,19.83,4568.96,N,N,2,On-Time,0,0,1,2017-12-08,1,Dec-2017
ACC001824,979,BEHROR,JLG35K,22757,42013,10688,2022-09-05,Fully Paid,Quarterly EMI,30179,BEHROR-30179,Ananya Malhotra,Female,36-45,44,1979-01-29,SC,Hindu,MORTGAGE,<25K,Self-Employed,361,XLG,Trade, 36 months,0.0991,B,B1,BEHROR,301-DBS,JAIPUR,RJ,RJ,RAJASTHAN,BEHROD,30179,10055-MAHESH KUMAR PATEL,Low,23493,43002,22287,1.93,1523.29,N,Y,1,On-Time,1,0,1,2016-10-23,0,Sep-2022
ACC001825,995,MAWANA,JLG30K,31504,9752,18213,2023-07-06,Paid Off,Quarterly EMI,800018,MAWANA-800018,Ananya Reddy,Female,26-35,29,1979-01-29,ST,Sikh,RENT,100K+,Salaried,324,XLG,Services, 36 months,0.1065,B,B2,MAWANA,176-DBS,BULANDSHAHR,UP,UP,UTTAR PRADESH,MEERUT,800018,11183-ANIL KUMAR,Medium,32576,10504,31364,48.43,696.11,N,N,1,Late,0,0,1,2016-01-04,0,Jul-2023
ACC001826,432,MUKTSAR,JLG30K,19259,8116,22694,2023-06-13,Default,Quarterly EMI,1110166,MUKTSAR-1110166,Ananya Gupta,Female,46-55,48,1979-01-29,Minority,Muslim,RENT,25K-50K,Business,701,XLG,Services, 36 months,0.1065,B,B2,MUKTSAR,102-DBS,LUDHIANA,PB,PB,PUNJAB,SRI MUKTSAR SAHIB,1110166,11303-ASHUTOSH KUMAR SUMAN,Medium,20936,9530,18921,29.3,4898.1,N,N,1,On-Time,0,0,1,2022-02-28,0,Jun-2023
ACC001827,246,SANGRUR,JLG30K,43398,25883,4049,2022-02-02,Fully Paid,Monthly EMI,110159,SANGRUR-110159,Diya Joshi,Female,36-45,43,1979-01-29,SC,Christian,RENT,50K-75K,Self-Employed,645,XLG,Services, 36 months,0.1065,B,B2,SANGRUR,102-DBS,LUDHIANA,PB,PB,PUNJAB,SANGRUR,110159,10037-RAJESH PRATAP,Low,44881,25586,42928,29.15,4197.25,N,N,1,On-Time,0,0,1,2020-07-14,0,Feb-2022
ACC001828,243,Mathura,JLG30K,24075,14977,10260,2021-05-21,Fully Paid,Monthly EMI,910182,Mathura-910182,Meera Patel,Female,26-35,28,1979-01-29,SC,Hindu,RENT,25K-50K,Business,385,XLG,Services, 36 months,0.1065,B,B2,Mathura,176-DBS,BULANDSHAHR,UP,UP,UTTAR PRADESH,MATHURA,910182,10469-MANISH  PANDEY,High,25361,15137,24056,21.71,3448.15,N,N,1,On-Time,0,0,1,2021-05-21,1,May-2021
ACC001829,199,AGRA,JLG35K,15718,35631,37359,2017-05-22,Fully Paid,Quarterly EMI,140056,AGRA-140056,Laksh Reddy,Female,26-35,34,1979-01-29,OBC,Hindu,RENT,<25K,Salaried,707,XLG,Trade, 36 months,0.0991,B,B1,AGRA,176-DBS,BULANDSHAHR,UP,UP,UTTAR PRADESH,AGRA,140056,10161-RAM AVTAR,Medium,15550,35934,15446,47.48,2929.49,N,N,0,Late,0,0,1,2017-05-22,1,May-2017
ACC001830,564,FATEHGARH SAHIB,JLG30K,40550,4059,21012,2021-01-11,Fully Paid,Quarterly EMI,120676,FATEHGARH SAHIB-120676,Kavya Mehta,Female,46-55,52,1979-01-29,General,Muslim,RENT,<25K,Business,390,XLG,Services, 36 months,0.1065,B,B2,FATEHGARH SAHIB,102-DBS,LUDHIANA,PB,PB,PUNJAB,FATEHGARH SAHIB,120676,10037-RAJESH PRATAP,Medium,41121,4673,40402,23.62,115.15,N,N,2,On-Time,0,0,1,2021-01-11,1,Jan-2021
ACC001831,686,Mathura,JLG30K,9653,2674,12578,2015-12-19,Fully Paid,Monthly EMI,910182,Mathura-910182,Nisha Reddy,Female,26-35,33,1979-01-29,ST,Sikh,RENT,100K+,Business,473,XLG,Services, 36 months,0.1065,B,B2,Mathura,176-DBS,BULANDSHAHR,UP,UP,UTTAR PRADESH,MATHURA,910182,10469-MANISH  PANDEY,High,9430,3628,9547,13.52,1475.12,N,N,1,Late,0,0,1,2015-12-19,1,Dec-2015
ACC001832,939,SIRSA,JLG30K,44274,11496,2998,2018-04-21,Paid Off,Monthly EMI,730084,SIRSA-730084,Kavya Verma,Female,36-45,39,1979-01-29,ST,Sikh,RENT,100K+,Business,791,XLG,Services, 36 months,0.1065,B,B2,SIRSA,206-DBS,KARNAL,HR,HR,HARYANA,SIRSA,730084,10149-ABHISHEK MAURYA,Medium,44771,11219,44090,23.97,4797.34,N,Y,0,Late,1,0,1,2018-04-21,1,Apr-2018
ACC001833,518,PATIALA,JLG30K,2150,19119,33016,2015-10-09,Fully Paid,Monthly EMI,100186,PATIALA-100186,Vivaan Verma,Female,26-35,34,1985-09-29,ST,Sikh,MORTGAGE,100K+,Self-Employed,469,XLG,Services, 36 months,0.1065,B,B2,PATIALA,102-DBS,LUDHIANA,PB,PB,PUNJAB,PATIALA,100186,10420-MUNENDRA  SINGH,Medium,3428,20394,2126,18.37,2517.7,N,N,0,On-Time,0,0,1,2015-09-05,0,Oct-2015
ACC001834,770,DHURI,JLG35K,15331,45190,23690,2018-09-07,Fully Paid,Monthly EMI,1030063,DHURI-1030063,Vivaan Gupta,Female,46-55,46,1979-01-29,ST,Sikh,OWN,75K-100K,Business,481,XLG,Trade, 36 months,0.0991,B,B1,DHURI,102-DBS,LUDHIANA,PB,PB,PUNJAB,SANGRUR,1030063,12058-DEEPAK KUMAR,Low,15605,45665,15041,41.52,2193.93,N,N,1,Late,0,0,1,2018-09-07,1,Sep-2018
ACC001835,666,DHURI,JLG35K,29411,29473,30289,2021-04-08,Fully Paid,Quarterly EMI,1030063,DHURI-1030063,Nisha Verma,Female,18-25,22,1979-01-29,ST,Sikh,MORTGAGE,100K+,Salaried,564,XLG,Trade, 36 months,0.0991,B,B1,DHURI,102-DBS,LUDHIANA,PB,PB,PUNJAB,SANGRUR,1030063,12058-DEEPAK KUMAR,Low,30676,31329,29166,13.83,2223.58,N,N,1,Very Late,0,0,1,2017-03-11,0,Apr-2021
ACC001836,335,MAWANA,JLG35K,49798,25216,28524,2017-10-01,Active,Monthly EMI,800018,MAWANA-800018,Nisha Patel,Female,36-45,41,1979-01-29,General,Hindu,RENT,100K+,Salaried,399,XLG,Trade, 36 months,0.0991,B,B1,MAWANA,176-DBS,BULANDSHAHR,UP,UP,UTTAR PRADESH,MEERUT,800018,11183-ANIL KUMAR,Medium,51738,24963,49384,12.48,1241.43,N,N,0,On-Time,0,0,1,2017-10-01,1,Oct-2017
ACC001837,824,MAWANA,JLG30K,37082,43729,17002,2016-03-28,Active,Quarterly EMI,800018,MAWANA-800018,Laksh Reddy,Female,26-35,31,1979-01-29,SC,Hindu,RENT,25K-50K,Salaried,315,XLG,Services, 36 months,0.1065,B,B2,MAWANA,176-DBS,BULANDSHAHR,UP,UP,UTTAR PRADESH,MEERUT,800018,11183-ANIL KUMAR,Medium,37827,43408,36747,32.01,1930.06,N,N,0,Very Late,0,0,1,2016-03-28,1,Mar-2016
ACC001838,977,JORHAT,JLG30K,23115,24718,41416,2018-09-29,Paid Off,Quarterly EMI,850152,JORHAT-850152,Kavya Mehta,Female,36-45,37,1979-01-29,ST,Hindu,MORTGAGE,75K-100K,Business,414,XLG,Services, 36 months,0.1065,B,B2,JORHAT,208-DBS,GUWAAHATI,AS,AS,ASSAM,JORHAT,850152,10961-NAYAN JYOTI SARMAH,High,24414,26406,23024,49.58,3647.8,N,N,1,On-Time,0,0,1,2018-09-29,1,Sep-2018
ACC001839,546,MUKTSAR,JLG30K,48408,4528,43275,2020-02-09,Active,Monthly EMI,1110166,MUKTSAR-1110166,Kavya Gupta,Female,36-45,39,1979-01-29,OBC,Hindu,RENT,50K-75K,Salaried,692,XLG,Services, 36 months,0.1065,B,B2,MUKTSAR,102-DBS,LUDHIANA,PB,PB,PUNJAB,SRI MUKTSAR SAHIB,1110166,11303-ASHUTOSH KUMAR SUMAN,Medium,48985,4390,48168,15.31,3290.41,N,N,0,On-Time,0,0,1,2016-08-11,0,Feb-2020
ACC001840,650,Mathura,JLG30K,7468,44013,16917,2016-10-20,Paid Off,Quarterly EMI,910182,Mathura-910182,Diya Patel,Female,36-45,44,1979-01-29,General,Hindu,MORTGAGE,25K-50K,Salaried,601,XLG,Services, 36 months,0.1065,B,B2,Mathura,176-DBS,BULANDSHAHR,UP,UP,UTTAR PRADESH,MATHURA,910182,10469-MANISH  PANDEY,High,7073,44948,7420,27.25,3064.21,N,N,0,Very Late,0,0,1,2016-10-20,1,Oct-2016
ACC001841,563,Mathura,JLG46K,7759,34349,14668,2022-11-30,Default,Quarterly EMI,910182,Mathura-910182,Ishaan Gupta,Female,26-35,28,1979-01-29,SC,Hindu,RENT,100K+,Business,536,XLG,Home Loan, 36 months,0.1825,D,D5,Mathura,176-DBS,BULANDSHAHR,UP,UP,UTTAR PRADESH,MATHURA,910182,10469-MANISH  PANDEY,High,9546,34825,7437,13.01,3357.48,N,N,2,On-Time,0,0,1,2021-04-12,0,Nov-2022
ACC001842,859,VARANASI,JLG30K,35971,43780,18805,2023-05-13,Paid Off,Monthly EMI,1280108,VARANASI-1280108,Kavya Malhotra,Female,26-35,33,1985-05-30,General,Hindu,RENT,100K+,Self-Employed,716,XLG,Services, 36 months,0.1065,B,B2,VARANASI,176-DBS,VARANASI,UP,UP,UTTAR PRADESH,VARANASI,1280108,10568-RAJU RANJAN RAY,Medium,37104,44415,35619,11.02,2540.89,N,N,2,On-Time,0,0,1,2015-08-31,0,May-2023
ACC001843,400,MUKTSAR,JLG30K,16215,36550,5694,2019-03-16,Fully Paid,Monthly EMI,1110166,MUKTSAR-1110166,Ananya Verma,Female,46-55,51,1979-01-29,OBC,Hindu,MORTGAGE,25K-50K,Self-Employed,770,XLG,Services, 36 months,0.1065,B,B2,MUKTSAR,102-DBS,LUDHIANA,PB,PB,PUNJAB,SRI MUKTSAR SAHIB,1110166,11303-ASHUTOSH KUMAR SUMAN,Medium,16789,36743,16007,43.67,590.36,N,N,2,Very Late,0,0,1,2019-03-16,1,Mar-2019
ACC001844,358,MUKTSAR,JLG30K,15862,40268,29342,2021-11-25,Fully Paid,Quarterly EMI,1110166,MUKTSAR-1110166,Meera Sharma,Female,18-25,22,1995-12-14,General,Hindu,RENT,<25K,Salaried,346,XLG,Services, 36 months,0.1065,B,B2,MUKTSAR,102-DBS,LUDHIANA,PB,PB,PUNJAB,SRI MUKTSAR SAHIB,1110166,11303-ASHUTOSH KUMAR SUMAN,Medium,16503,40676,15837,45.86,4445.82,N,N,1,On-Time,0,0,1,2018-12-24,0,Nov-2021
ACC001845,943,BEHROR,JLG30K,8101,25883,31315,2020-07-07,Fully Paid,Quarterly EMI,30179,BEHROR-30179,Vivaan Joshi,Female,26-35,29,1979-01-29,Minority,Hindu,MORTGAGE,75K-100K,Business,395,XLG,Services, 36 months,0.1065,B,B2,BEHROR,301-DBS,JAIPUR,RJ,RJ,RAJASTHAN,BEHROD,30179,10055-MAHESH KUMAR PATEL,Low,8946,25535,7915,4.34,3921.45,N,N,1,Late,0,0,1,2020-07-07,1,Jul-2020
ACC001846,258,UJJAIN,JLG35K,18374,23311,7513,2019-11-20,Fully Paid,Monthly EMI,1510002,UJJAIN-1510002,Vivaan Verma,Female,46-55,52,1979-01-29,ST,Sikh,RENT,100K+,Salaried,626,XLG,Trade, 36 months,0.0991,B,B1,UJJAIN,200-DBS,BHOPAL,MP,MP,MADHYA PRADESH,UJJAIN,1510002,12915-FAIZAL KHAN,High,18963,23330,17957,31.64,4279.56,N,N,0,On-Time,0,0,1,2019-11-20,1,Nov-2019
ACC001847,105,Mathura,JLG30K,42729,37841,12449,2017-12-05,Default,Quarterly EMI,910182,Mathura-910182,Ananya Mehta,Female,36-45,38,1979-01-29,ST,Sikh,RENT,25K-50K,Salaried,398,XLG,Services, 36 months,0.1065,B,B2,Mathura,176-DBS,BULANDSHAHR,UP,UP,UTTAR PRADESH,MATHURA,910182,10469-MANISH  PANDEY,High,44191,39114,42655,0.54,1058.18,N,N,2,Late,0,0,1,2017-05-03,0,Dec-2017
ACC001848,666,BEHROR,JLG44K,14251,6387,20096,2019-03-15,Paid Off,Monthly EMI,30179,BEHROR-30179,Nisha Verma,Female,18-25,22,1979-01-29,ST,Sikh,MORTGAGE,100K+,Salaried,564,XLG,Home Loan, 36 months,0.0662,A,A2,BEHROR,301-DBS,JAIPUR,RJ,RJ,RAJASTHAN,BEHROD,30179,10055-MAHESH KUMAR PATEL,Low,13948,7178,14245,30.42,382.6,N,N,1,Late,0,0,1,2017-03-11,0,Mar-2019
ACC001849,592,ASANSOL,JLG35K,46839,12603,42735,2021-08-29,Active,Monthly EMI,690076,ASANSOL-690076,Nisha Verma,Female,26-35,35,1979-01-29,SC,Hindu,RENT,75K-100K,Salaried,792,XLG,Trade, 36 months,0.0991,B,B1,ASANSOL,201-DBS,HOWRAH,WB,WB,WEST BENGAL,PASCHIM BARDHHAMAN,690076,10035-ABHAY TOMER,Medium,46390,14146,46760,41.86,4236.8,N,N,0,On-Time,0,0,1,2018-01-13,0,Aug-2021
ACC001850,468,MUKTSAR,JLG30K,44283,15616,24023,2022-03-24,Paid Off,Monthly EMI,1110166,MUKTSAR-1110166,Laksh Mehta,Female,36-45,44,1975-07-28,General,Muslim,RENT,50K-75K,Salaried,425,XLG,Services, 36 months,0.1065,B,B2,MUKTSAR,102-DBS,LUDHIANA,PB,PB,PUNJAB,SRI MUKTSAR SAHIB,1110166,11303-ASHUTOSH KUMAR SUMAN,Medium,44491,15802,44132,42.83,3464.85,N,N,0,Late,0,0,1,2015-11-15,0,Mar-2022
ACC001851,562,DHURI,JLG40K,33268,33576,18757,2017-04-02,Fully Paid,Monthly EMI,1030063,DHURI-1030063,Kavya Malhotra,Female,26-35,34,1979-01-29,ST,Sikh,MORTGAGE,75K-100K,Business,328,XLG,Services, 36 months,0.1727,D,D3,DHURI,102-DBS,LUDHIANA,PB,PB,PUNJAB,SANGRUR,1030063,12058-DEEPAK KUMAR,Low,33354,33907,33052,27.84,1752.96,N,N,0,On-Time,0,0,1,2017-04-02,1,Apr-2017
ACC001852,784,PANIPAT,JLG30K,22899,31581,8940,2018-05-21,Default,Quarterly EMI,60004,PANIPAT-60004,Ananya Patel,Female,36-45,43,1979-01-29,Minority,Muslim,RENT,75K-100K,Salaried,558,XLG,Services, 36 months,0.1065,B,B2,PANIPAT,206-DBS,KARNAL,HR,HR,HARYANA,PANIPAT,60004,10204-SAIF  ALI,Medium,22496,32684,22472,23.88,689.29,N,N,2,Very Late,0,0,1,2015-09-25,0,May-2018
ACC001853,363,ASANSOL,JLG35K,13796,32846,11648,2018-11-01,Paid Off,Quarterly EMI,690076,ASANSOL-690076,Diya Reddy,Female,36-45,40,1979-12-28,ST,Sikh,RENT,<25K,Self-Employed,810,XLG,Trade, 36 months,0.0991,B,B1,ASANSOL,201-DBS,HOWRAH,WB,WB,WEST BENGAL,PASCHIM BARDHHAMAN,690076,10035-ABHAY TOMER,Medium,14183,33173,13603,29.44,4479.33,N,N,2,On-Time,0,0,1,2018-11-01,1,Nov-2018
ACC001854,853,CUTTACK,JLG30K,35222,6438,42177,2017-07-14,Paid Off,Quarterly EMI,630081,CUTTACK-630081,Aditya Joshi,Female,26-35,35,1979-01-29,General,Hindu,RENT,<25K,Business,624,XLG,Services, 36 months,0.1065,B,B2,CUTTACK,107-DBS,BHUBANESWAR,OR,OR,ODISHA,CUTTACK,630081,12061-PINAKAPANI KANUNGO,High,35224,8251,35217,19.6,2643.53,N,N,0,Late,0,0,1,2017-07-14,1,Jul-2017
ACC001855,844,DHURI,JLG30K,6677,12550,2864,2022-12-28,Paid Off,Quarterly EMI,1030063,DHURI-1030063,Ananya Patel,Female,36-45,43,1979-01-29,Minority,Muslim,RENT,75K-100K,Salaried,558,XLG,Services, 36 months,0.1065,B,B2,DHURI,102-DBS,LUDHIANA,PB,PB,PUNJAB,SANGRUR,1030063,12058-DEEPAK KUMAR,Low,8661,13766,6490,27.78,3938.37,N,N,0,On-Time,0,0,1,2022-12-28,1,Dec-2022
ACC001856,260,ASANSOL,JLG30K,31129,8722,6360,2015-05-09,Fully Paid,Quarterly EMI,690076,ASANSOL-690076,Nisha Reddy,Female,36-45,38,1979-01-29,ST,Sikh,RENT,50K-75K,Self-Employed,552,XLG,Services, 36 months,0.1065,B,B2,ASANSOL,201-DBS,HOWRAH,WB,WB,WEST BENGAL,PASCHIM BARDHHAMAN,690076,10035-ABHAY TOMER,Medium,30768,8501,30694,21.57,1827.16,N,N,2,On-Time,0,0,1,2015-05-09,1,May-2015
ACC001857,465,DURGAPUR,JLG35K,38577,48870,25451,2016-02-03,Paid Off,Quarterly EMI,700013,DURGAPUR-700013,Meera Joshi,Female,36-45,42,1979-01-29,ST,Sikh,RENT,25K-50K,Salaried,534,XLG,Trade, 36 months,0.0991,B,B1,DURGAPUR,201-DBS,HOWRAH,WB,WB,WEST BENGAL,PASCHIM BARDHHAMAN,700013,10037-RAJESH PRATAP,Low,39804,50081,38170,10.45,3220.04,N,N,2,On-Time,0,0,1,2016-02-03,1,Feb-2016
ACC001858,6,BILASPUR,JLG35K,39300,44460,9607,2020-07-22,Paid Off,Monthly EMI,240005,BILASPUR-240005,Ishaan Mehta,Female,18-25,23,1979-01-29,OBC,Hindu,RENT,100K+,Business,416,XLG,Trade, 36 months,0.0991,B,B1,BILASPUR,207-DBS,RAIPUR,CG,CG,CHATTISGARH,BILASPUR,240005,10886-MANISH KUMAR DWIVEDI,Low,40571,45796,39086,20.4,2585.31,N,N,2,On-Time,0,0,1,2016-07-05,0,Jul-2020
ACC001859,308,DHURI,JLG30K,43915,10532,9447,2020-03-31,Default,Quarterly EMI,1030063,DHURI-1030063,Vivaan Joshi,Female,26-35,33,1986-06-15,SC,Sikh,MORTGAGE,75K-100K,Self-Employed,847,XLG,Services, 36 months,0.1065,B,B2,DHURI,102-DBS,LUDHIANA,PB,PB,PUNJAB,SANGRUR,1030063,12058-DEEPAK KUMAR,Low,43957,10838,43599,45.55,1747.32,N,N,1,Late,0,0,1,2017-10-03,0,Mar-2020
ACC001860,604,MUKTSAR,JLG30K,37223,47862,22859,2023-02-18,Active,Quarterly EMI,1110166,MUKTSAR-1110166,Meera Sharma,Female,18-25,22,1995-12-14,General,Hindu,RENT,<25K,Salaried,346,XLG,Services, 36 months,0.1065,B,B2,MUKTSAR,102-DBS,LUDHIANA,PB,PB,PUNJAB,SRI MUKTSAR SAHIB,1110166,11303-ASHUTOSH KUMAR SUMAN,Medium,37006,48663,36729,17.31,3936.66,Y,N,0,On-Time,0,1,1,2023-02-18,1,Feb-2023
ACC001861,806,Mathura,JLG44K,45955,11336,43604,2022-05-31,Active,Quarterly EMI,910182,Mathura-910182,Laksh Reddy,Female,26-35,31,1979-01-29,SC,Hindu,RENT,25K-50K,Salaried,315,XLG,Home Loan, 36 months,0.0662,A,A2,Mathura,176-DBS,BULANDSHAHR,UP,UP,UTTAR PRADESH,MATHURA,910182,10469-MANISH  PANDEY,High,45620,11670,45692,34.06,3145.46,N,N,0,On-Time,0,0,1,2017-05-11,0,May-2022
ACC001862,921,SANGRUR,JLG35K,42407,48546,42037,2022-09-09,Active,Monthly EMI,110159,SANGRUR-110159,Aditya Mehta,Female,26-35,32,1979-01-29,ST,Sikh,RENT,75K-100K,Salaried,666,XLG,Trade, 36 months,0.0991,B,B1,SANGRUR,102-DBS,LUDHIANA,PB,PB,PUNJAB,SANGRUR,110159,10037-RAJESH PRATAP,Low,43656,48590,42337,41.44,708.64,N,N,1,On-Time,0,0,1,2020-08-09,0,Sep-2022
ACC001863,850,JALANDHAR,JLG30K,3302,8930,23350,2018-04-21,Default,Quarterly EMI,160051,JALANDHAR-160051,Ananya Chopra,Female,36-45,45,1979-01-29,SC,Hindu,RENT,75K-100K,Salaried,311,XLG,Services, 36 months,0.1065,B,B2,JALANDHAR,102-DBS,LUDHIANA,PB,PB,PUNJAB,JALANDHAR,160051,10067-AKSHAY KUMAR,Low,3099,9998,3223,5.77,1142.37,N,N,0,Very Late,0,0,1,2018-04-21,1,Apr-2018
ACC001864,273,DURGAPUR,JLG29K,21745,16807,14725,2020-06-03,Paid Off,Quarterly EMI,700013,DURGAPUR-700013,Aditya Mehta,Female,26-35,32,1979-01-29,ST,Sikh,RENT,75K-100K,Salaried,666,XLG,Trade, 60 months,0.1727,D,D3,DURGAPUR,201-DBS,HOWRAH,WB,WB,WEST BENGAL,PASCHIM BARDHHAMAN,700013,10037-RAJESH PRATAP,Low,23004,18412,21454,26.92,1795.66,N,N,0,On-Time,0,0,1,2020-06-03,1,Jun-2020
ACC001865,127,JALANDHAR,JLG30K,21248,49435,3121,2020-01-12,Fully Paid,Monthly EMI,160051,JALANDHAR-160051,Diya Nair,Female,26-35,34,1979-01-29,ST,Sikh,RENT,75K-100K,Self-Employed,818,XLG,Services, 36 months,0.1065,B,B2,JALANDHAR,102-DBS,LUDHIANA,PB,PB,PUNJAB,JALANDHAR,160051,10067-AKSHAY KUMAR,Low,22951,50995,21226,4.1,3061.58,Y,N,0,Late,0,1,1,2019-03-13,0,Jan-2020
ACC001866,419,JALANDHAR,JLG30K,44462,39833,14327,2017-03-21,Fully Paid,Quarterly EMI,160051,JALANDHAR-160051,Diya Patel,Female,18-25,39,1979-01-29,ST,Sikh,MORTGAGE,<25K,Salaried,476,XLG,Services, 36 months,0.1065,B,B2,JALANDHAR,102-DBS,LUDHIANA,PB,PB,PUNJAB,JALANDHAR,160051,10067-AKSHAY KUMAR,Low,46162,39375,44163,20.34,2854.83,N,N,0,On-Time,0,0,1,2017-03-21,1,Mar-2017
ACC001867,516,MUKTSAR,JLG35K,34737,45540,34486,2017-08-31,Active,Quarterly EMI,1110166,MUKTSAR-1110166,Kavya Sharma,Female,26-35,26,1979-01-29,SC,Hindu,RENT,75K-100K,Business,398,XLG,Trade, 36 months,0.0991,B,B1,MUKTSAR,102-DBS,LUDHIANA,PB,PB,PUNJAB,SRI MUKTSAR SAHIB,1110166,11303-ASHUTOSH KUMAR SUMAN,Medium,34988,47399,34555,25.78,399.38,N,Y,0,On-Time,1,0,1,2016-01-29,0,Aug-2017
ACC001868,708,DHURI,JLG35K,9798,11192,28844,2015-02-02,Fully Paid,Quarterly EMI,1030063,DHURI-1030063,Nisha Reddy,Female,36-45,38,1979-01-29,General,Muslim,RENT,50K-75K,Self-Employed,755,XLG,Trade, 36 months,0.0991,B,B1,DHURI,102-DBS,LUDHIANA,PB,PB,PUNJAB,SANGRUR,1030063,12058-DEEPAK KUMAR,Low,11309,10777,9452,6.11,584.35,N,N,2,On-Time,0,0,1,2015-02-02,1,Feb-2015
ACC001869,972,DURGAPUR,JLG35K,13528,13176,43306,2021-08-16,Fully Paid,Monthly EMI,700013,DURGAPUR-700013,Aarav Malhotra,Female,46-55,47,1979-01-29,Minority,Muslim,RENT,<25K,Salaried,526,XLG,Trade, 36 months,0.0991,B,B1,DURGAPUR,201-DBS,HOWRAH,WB,WB,WEST BENGAL,PASCHIM BARDHHAMAN,700013,10037-RAJESH PRATAP,Low,14898,14590,13413,25.24,2574.08,N,Y,2,Late,1,0,1,2015-10-07,0,Aug-2021
ACC001870,408,AGRA,JLG30K,25919,2199,37519,2023-08-27,Fully Paid,Monthly EMI,140056,AGRA-140056,Kavya Malhotra,Female,36-45,36,1979-01-29,ST,Sikh,RENT,<25K,Salaried,514,XLG,Services, 36 months,0.1065,B,B2,AGRA,176-DBS,BULANDSHAHR,UP,UP,UTTAR PRADESH,AGRA,140056,10161-RAM AVTAR,Medium,25634,2743,25887,8.45,1693.86,N,N,1,On-Time,0,0,1,2016-01-30,0,Aug-2023
ACC001871,657,DHURI,JLG30K,48000,11083,31283,2022-11-08,Active,Monthly EMI,1030063,DHURI-1030063,Meera Verma,Female,46-55,47,1979-01-29,SC,Hindu,RENT,75K-100K,Business,546,XLG,Services, 36 months,0.1065,B,B2,DHURI,102-DBS,LUDHIANA,PB,PB,PUNJAB,SANGRUR,1030063,12058-DEEPAK KUMAR,Low,48094,12759,47922,13.46,3617.4,Y,N,2,On-Time,0,1,1,2015-01-13,0,Nov-2022
ACC001872,41,BUXAR,JLG35K,24443,36115,38404,2019-03-28,Fully Paid,Monthly EMI,710002,BUXAR-710002,Ishaan Sharma,Female,26-35,26,1979-01-29,General,Hindu,RENT,25K-50K,Salaried,522,XLG,Trade, 36 months,0.0991,B,B1,BUXAR,209-DBS,PATNA,BR,BR,BIHAR,BUXAR,710002,10055-MAHESH KUMAR PATEL,Medium,24192,36698,24002,33.83,2307.8,N,N,2,On-Time,0,0,1,2017-11-21,0,Mar-2019
ACC001873,534,CHHAPRA,JLG30K,25373,43602,42527,2021-06-20,Paid Off,Quarterly EMI,380112,CHHAPRA-380112,Nisha Reddy,Female,36-45,38,1979-01-29,General,Muslim,RENT,50K-75K,Self-Employed,755,XLG,Services, 36 months,0.1065,B,B2,CHHAPRA,209-DBS,PATNA,BR,BR,BIHAR,CHHAPRA,380112,11867-VIKRANT KUMAR VICKY,High,26201,43922,25168,11.69,4436.88,N,N,2,On-Time,0,0,1,2021-06-20,1,Jun-2021
ACC001874,803,JALANDHAR,JLG30K,41107,26342,35714,2023-03-13,Paid Off,Quarterly EMI,160051,JALANDHAR-160051,Laksh Malhotra,Female,36-45,38,1979-01-29,ST,Sikh,MORTGAGE,50K-75K,Salaried,485,XLG,Services, 36 months,0.1065,B,B2,JALANDHAR,102-DBS,LUDHIANA,PB,PB,PUNJAB,JALANDHAR,160051,10067-AKSHAY KUMAR,Low,41211,27058,40650,9.63,4818.87,N,N,0,On-Time,0,0,1,2023-03-13,1,Mar-2023
ACC001875,931,Mathura,JLG30K,7653,24025,8929,2016-11-07,Active,Monthly EMI,910182,Mathura-910182,Aditya Verma,Female,36-45,40,1979-01-29,Minority,Muslim,RENT,50K-75K,Salaried,714,XLG,Services, 36 months,0.1065,B,B2,Mathura,176-DBS,BULANDSHAHR,UP,UP,UTTAR PRADESH,MATHURA,910182,10469-MANISH  PANDEY,High,7441,25569,7403,3.07,456.74,N,N,1,On-Time,0,0,1,2016-11-07,1,Nov-2016
ACC001876,445,BULANDSHAHR,JLG35K,8237,25832,30084,2023-08-24,Paid Off,Monthly EMI,10068,BULANDSHAHR-10068,Nisha Verma,Female,18-25,22,1979-01-29,ST,Sikh,MORTGAGE,100K+,Salaried,564,XLG,Trade, 36 months,0.0991,B,B1,BULANDSHAHR,176-DBS,BULANDSHAHR,UP,UP,UTTAR PRADESH,BULANDSHAHAR,10068,10057-NANDI SHANKAR,High,9677,25972,7769,18.22,4639.09,N,N,2,Late,0,0,1,2018-04-13,0,Aug-2023
ACC001877,609,DHURI,JLG30K,26588,43117,33148,2018-06-22,Active,Quarterly EMI,1030063,DHURI-1030063,Kavya Reddy,Female,46-55,49,1979-01-29,Minority,Muslim,RENT,<25K,Salaried,442,XLG,Services, 36 months,0.1065,B,B2,DHURI,102-DBS,LUDHIANA,PB,PB,PUNJAB,SANGRUR,1030063,12058-DEEPAK KUMAR,Low,27896,43361,26438,44.06,4794.91,N,N,2,On-Time,0,0,1,2016-07-02,0,Jun-2018
ACC001878,451,MUKTSAR,JLG50K,18781,31317,37397,2018-03-23,Default,Monthly EMI,1110166,MUKTSAR-1110166,Kavya Mehta,Female,36-45,45,1973-03-14,General,Muslim,OWN,50K-75K,Business,490,XLG,Home Loan, 60 months,0.1991,E,E4,MUKTSAR,102-DBS,LUDHIANA,PB,PB,PUNJAB,SRI MUKTSAR SAHIB,1110166,11303-ASHUTOSH KUMAR SUMAN,Medium,19733,31104,18337,7.39,488.21,N,N,0,On-Time,0,0,1,2015-01-16,0,Mar-2018
ACC001879,42,MUKTSAR,JLG30K,13673,32810,38678,2015-12-16,Fully Paid,Monthly EMI,1110166,MUKTSAR-1110166,Ananya Malhotra,Female,46-55,47,1979-01-29,OBC,Hindu,RENT,75K-100K,Salaried,741,XLG,Services, 36 months,0.1065,B,B2,MUKTSAR,102-DBS,LUDHIANA,PB,PB,PUNJAB,SRI MUKTSAR SAHIB,1110166,11303-ASHUTOSH KUMAR SUMAN,Medium,14549,32732,13304,16.99,4461.85,N,N,0,Late,0,0,1,2015-12-16,1,Dec-2015
ACC001880,39,DURGAPUR,JLG35K,32344,23611,21966,2022-12-14,Fully Paid,Quarterly EMI,700013,DURGAPUR-700013,Nisha Patel,Female,36-45,41,1979-01-29,General,Hindu,RENT,100K+,Salaried,399,XLG,Trade, 36 months,0.0991,B,B1,DURGAPUR,201-DBS,HOWRAH,WB,WB,WEST BENGAL,PASCHIM BARDHHAMAN,700013,10037-RAJESH PRATAP,Low,32523,25489,32152,27.43,4326.6,N,N,0,On-Time,0,0,1,2017-11-07,0,Dec-2022
ACC001881,804,MAWANA,JLG30K,32130,33075,33061,2016-10-07,Fully Paid,Monthly EMI,800018,MAWANA-800018,Vivaan Patel,Female,46-55,51,1979-01-29,SC,Hindu,MORTGAGE,100K+,Business,375,XLG,Services, 36 months,0.1065,B,B2,MAWANA,176-DBS,BULANDSHAHR,UP,UP,UTTAR PRADESH,MEERUT,800018,11183-ANIL KUMAR,Medium,33731,33230,31985,33.95,4696.72,N,N,2,On-Time,0,0,1,2016-10-07,1,Oct-2016
ACC001882,236,FATEHGARH SAHIB,JLG30K,39336,39150,22854,2016-11-04,Active,Quarterly EMI,120676,FATEHGARH SAHIB-120676,Nisha Chopra,Female,46-55,49,1979-01-29,SC,Hindu,RENT,75K-100K,Business,641,XLG,Services, 36 months,0.1065,B,B2,FATEHGARH SAHIB,102-DBS,LUDHIANA,PB,PB,PUNJAB,FATEHGARH SAHIB,120676,10037-RAJESH PRATAP,Medium,39283,39034,39145,41.44,2064.97,N,N,2,Very Late,0,0,1,2016-11-04,1,Nov-2016
ACC001883,872,Mathura,JLG30K,28047,49844,5501,2016-04-13,Fully Paid,Monthly EMI,910182,Mathura-910182,Aarav Sharma,Female,26-35,30,1987-02-18,SC,Hindu,RENT,<25K,Business,368,XLG,Services, 36 months,0.1065,B,B2,Mathura,176-DBS,BULANDSHAHR,UP,UP,UTTAR PRADESH,MATHURA,910182,10469-MANISH  PANDEY,High,29619,49938,27938,8.24,4566.18,N,N,1,Late,0,0,1,2016-04-13,1,Apr-2016
ACC001884,924,SANGRUR,JLG39K,31462,7647,42364,2021-06-06,Fully Paid,Quarterly EMI,110159,SANGRUR-110159,Diya Chopra,Female,26-35,35,1984-03-20,SC,Hindu,RENT,75K-100K,Self-Employed,567,XLG,Agriculture, 36 months,0.0662,A,A2,SANGRUR,102-DBS,LUDHIANA,PB,PB,PUNJAB,SANGRUR,110159,10037-RAJESH PRATAP,Low,31445,8495,31093,41.38,4154.01,N,Y,1,On-Time,1,0,1,2015-08-20,0,Jun-2021
ACC001885,816,SIRSA,JLG35K,24513,33301,11618,2018-06-18,Default,Quarterly EMI,730084,SIRSA-730084,Ananya Nair,Female,36-45,44,1979-01-29,ST,Sikh,RENT,50K-75K,Self-Employed,638,XLG,Trade, 36 months,0.0991,B,B1,SIRSA,206-DBS,KARNAL,HR,HR,HARYANA,SIRSA,730084,10149-ABHISHEK MAURYA,Medium,25746,33824,24387,33.0,3348.8,N,N,2,On-Time,0,0,1,2016-11-15,0,Jun-2018
ACC001886,297,JALANDHAR,JLG35,30616,21724,15748,2016-10-24,Fully Paid,Monthly EMI,160051,JALANDHAR-160051,Meera Verma,Female,46-55,47,1979-01-29,SC,Hindu,RENT,75K-100K,Business,546,XLG,Home Loan, 60 months,0.1465,C,C3,JALANDHAR,102-DBS,LUDHIANA,PB,PB,PUNJAB,JALANDHAR,160051,10067-AKSHAY KUMAR,Low,31841,21870,30602,27.48,3140.93,N,N,1,Late,0,0,1,2016-10-24,1,Oct-2016
ACC001887,74,DHURI,JLG30K,24113,15182,40380,2020-03-20,Paid Off,Monthly EMI,1030063,DHURI-1030063,Meera Reddy,Female,26-35,32,1979-01-29,Minority,Muslim,RENT,100K+,Business,719,XLG,Services, 36 months,0.1065,B,B2,DHURI,102-DBS,LUDHIANA,PB,PB,PUNJAB,SANGRUR,1030063,12058-DEEPAK KUMAR,Low,25603,15969,23836,27.58,499.58,N,N,2,Very Late,0,0,1,2020-03-20,1,Mar-2020
ACC001888,323,SANGRUR,JLG30K,26723,25305,27266,2021-12-12,Paid Off,Monthly EMI,110159,SANGRUR-110159,Nisha Patel,Female,36-45,41,1979-01-29,General,Hindu,RENT,100K+,Salaried,399,XLG,Services, 36 months,0.1065,B,B2,SANGRUR,102-DBS,LUDHIANA,PB,PB,PUNJAB,SANGRUR,110159,10037-RAJESH PRATAP,Low,26872,25723,26470,44.47,2148.01,N,N,2,Late,0,0,1,2015-10-28,0,Dec-2021
ACC001889,262,Mangaldoi,JLG35K,44279,28689,17524,2018-02-24,Fully Paid,Quarterly EMI,570241,Mangaldoi-570241,Nisha Patel,Female,18-25,21,1979-01-29,General,Hindu,RENT,25K-50K,Salaried,800,XLG,Trade, 36 months,0.0991,B,B1,Mangaldoi,208-DBS,GUWAAHATI,AS,AS,ASSAM,Mangaldoi,570241,10961-NAYAN JYOTI SARMAH,Low,45455,28432,44217,41.17,2015.83,N,N,1,On-Time,0,0,1,2018-02-24,1,Feb-2018
ACC001890,965,PANIPAT,JLG30K,46349,33842,15451,2017-04-16,Fully Paid,Quarterly EMI,60004,PANIPAT-60004,Laksh Malhotra,Female,46-55,51,1979-01-29,General,Muslim,MORTGAGE,75K-100K,Self-Employed,804,XLG,Services, 36 months,0.1065,B,B2,PANIPAT,206-DBS,KARNAL,HR,HR,HARYANA,PANIPAT,60004,10204-SAIF  ALI,Medium,47094,35130,46150,18.43,1230.58,N,N,0,On-Time,0,0,1,2017-04-16,1,Apr-2017
ACC001891,563,SANGRUR,JLG30K,10589,29130,31885,2021-04-12,Fully Paid,Monthly EMI,110159,SANGRUR-110159,Ishaan Gupta,Female,26-35,28,1979-01-29,SC,Hindu,RENT,100K+,Business,536,XLG,Services, 36 months,0.1065,B,B2,SANGRUR,102-DBS,LUDHIANA,PB,PB,PUNJAB,SANGRUR,110159,10037-RAJESH PRATAP,Low,12279,30854,10456,35.84,3337.12,N,N,2,On-Time,0,0,1,2021-04-12,1,Apr-2021
ACC001892,56,Mathura,JLG30K,46129,5305,20436,2023-10-16,Default,Monthly EMI,910182,Mathura-910182,Laksh Patel,Female,46-55,46,1979-01-29,General,Hindu,RENT,50K-75K,Business,467,XLG,Services, 36 months,0.1065,B,B2,Mathura,176-DBS,BULANDSHAHR,UP,UP,UTTAR PRADESH,MATHURA,910182,10469-MANISH  PANDEY,High,47243,5239,45673,5.74,1920.31,N,N,0,On-Time,0,0,1,2022-07-11,0,Oct-2023
ACC001893,699,CUTTACK,JLG30K,17705,25042,8162,2019-08-14,Active,Quarterly EMI,630081,CUTTACK-630081,Nisha Chopra,Female,26-35,28,1979-01-29,General,Hindu,RENT,<25K,Self-Employed,553,XLG,Services, 36 months,0.1065,B,B2,CUTTACK,107-DBS,BHUBANESWAR,OR,OR,ODISHA,CUTTACK,630081,12061-PINAKAPANI KANUNGO,High,17229,26405,17553,19.83,3771.59,N,N,1,On-Time,0,0,1,2015-01-24,0,Aug-2019
ACC001894,800,MUKTSAR,JLG35K,41651,23792,6831,2017-03-02,Fully Paid,Quarterly EMI,1110166,MUKTSAR-1110166,Ishaan Nair,Female,36-45,41,1979-01-29,ST,Sikh,MORTGAGE,<25K,Salaried,338,XLG,Trade, 36 months,0.0991,B,B1,MUKTSAR,102-DBS,LUDHIANA,PB,PB,PUNJAB,SRI MUKTSAR SAHIB,1110166,11303-ASHUTOSH KUMAR SUMAN,Medium,42431,25776,41585,9.29,2173.73,N,Y,0,Late,1,0,1,2017-03-02,1,Mar-2017
ACC001895,62,VARANASI,JLG30K,35540,43186,39944,2019-06-23,Fully Paid,Monthly EMI,1280108,VARANASI-1280108,Ishaan Nair,Female,36-45,36,1983-03-26,OBC,Hindu,MORTGAGE,25K-50K,Self-Employed,552,XLG,Services, 36 months,0.1065,B,B2,VARANASI,176-DBS,VARANASI,UP,UP,UTTAR PRADESH,VARANASI,1280108,10568-RAJU RANJAN RAY,Medium,37188,45154,35521,7.15,4314.54,N,N,0,On-Time,0,0,1,2018-06-29,0,Jun-2019
ACC001896,359,DHURI,JLG35K,2188,19158,40453,2022-05-15,Fully Paid,Monthly EMI,1030063,DHURI-1030063,Vivaan Verma,Female,46-55,52,1979-01-29,ST,Sikh,RENT,100K+,Salaried,626,XLG,Trade, 36 months,0.0991,B,B1,DHURI,102-DBS,LUDHIANA,PB,PB,PUNJAB,SANGRUR,1030063,12058-DEEPAK KUMAR,Low,2004,20888,1890,24.68,532.37,N,N,1,On-Time,0,0,1,2017-11-07,0,May-2022
ACC001897,436,CHHAPRA,JLG41K,3972,25993,36141,2023-11-13,Fully Paid,Monthly EMI,380112,CHHAPRA-380112,Aditya Verma,Female,46-55,49,1979-01-29,ST,Sikh,RENT,50K-75K,Self-Employed,695,XLG,Services, 36 months,0.1465,C,C3,CHHAPRA,209-DBS,PATNA,BR,BR,BIHAR,CHHAPRA,380112,11867-VIKRANT KUMAR VICKY,High,5503,26883,3490,18.67,1303.43,N,N,1,On-Time,0,0,1,2019-07-31,0,Nov-2023
ACC001898,410,CHHAPRA,JLG30K,23439,19858,31679,2016-10-07,Paid Off,Monthly EMI,380112,CHHAPRA-380112,Ishaan Nair,Female,36-45,41,1979-01-29,ST,Sikh,MORTGAGE,<25K,Salaried,338,XLG,Services, 36 months,0.1065,B,B2,CHHAPRA,209-DBS,PATNA,BR,BR,BIHAR,CHHAPRA,380112,11867-VIKRANT KUMAR VICKY,High,23457,19630,23196,16.33,3648.43,N,N,1,On-Time,0,0,1,2016-10-07,1,Oct-2016
ACC001899,373,SAMRALA,JLG30K,23453,31771,11823,2016-03-16,Paid Off,Quarterly EMI,130067,SAMRALA-130067,Meera Gupta,Female,26-35,29,1979-01-29,ST,Sikh,RENT,75K-100K,Self-Employed,369,XLG,Services, 36 months,0.1065,B,B2,SAMRALA,102-DBS,LUDHIANA,PB,PB,PUNJAB,SAMRALA,130067,10050-GAUTAM SINGH,Low,23489,32074,23161,37.92,4522.96,N,N,0,Late,0,0,1,2016-03-16,1,Mar-2016
ACC001900,58,BEHROR,JLG35K,23455,26186,1507,2022-08-15,Fully Paid,Quarterly EMI,30179,BEHROR-30179,Laksh Gupta,Female,46-55,52,1979-01-29,SC,Hindu,RENT,75K-100K,Salaried,584,XLG,Trade, 36 months,0.0991,B,B1,BEHROR,301-DBS,JAIPUR,RJ,RJ,RAJASTHAN,BEHROD,30179,10055-MAHESH KUMAR PATEL,Low,23785,25807,23126,8.77,745.76,N,Y,2,On-Time,1,0,1,2016-04-06,0,Aug-2022
ACC001901,510,ASANSOL,JLG30K,25681,10424,5354,2023-11-06,Paid Off,Monthly EMI,690076,ASANSOL-690076,Diya Sharma,Female,26-35,34,1979-01-29,ST,Sikh,MORTGAGE,100K+,Self-Employed,341,XLG,Services, 36 months,0.1065,B,B2,ASANSOL,201-DBS,HOWRAH,WB,WB,WEST BENGAL,PASCHIM BARDHHAMAN,690076,10035-ABHAY TOMER,Medium,26724,10368,25479,9.47,205.75,N,N,0,On-Time,0,0,1,2016-04-25,0,Nov-2023
ACC001902,245,Mangaldoi,JLG35K,16214,34226,29148,2019-07-04,Paid Off,Quarterly EMI,570241,Mangaldoi-570241,Nisha Chopra,Female,46-55,52,1979-01-29,General,Hindu,RENT,100K+,Salaried,322,XLG,Trade, 36 months,0.0991,B,B1,Mangaldoi,208-DBS,GUWAAHATI,AS,AS,ASSAM,Mangaldoi,570241,10961-NAYAN JYOTI SARMAH,Low,18143,35384,16163,35.7,137.61,N,N,1,On-Time,0,0,1,2019-07-04,1,Jul-2019
ACC001903,652,PAOTA,JLG30K,19337,8457,20319,2016-04-02,Fully Paid,Monthly EMI,90149,PAOTA-90149,Vivaan Gupta,Female,46-55,46,1979-01-29,ST,Sikh,OWN,75K-100K,Business,481,XLG,Services, 36 months,0.1065,B,B2,PAOTA,301-DBS,JAIPUR,RJ,RJ,RAJASTHAN,jaipur,90149,10043-RAVI MISHRA,Low,20724,9604,19101,29.18,1752.03,N,N,0,On-Time,0,0,1,2016-04-02,1,Apr-2016
ACC001904,463,DHURI,JLG30K,32129,7478,33063,2019-09-07,Fully Paid,Monthly EMI,1030063,DHURI-1030063,Nisha Mehta,Female,36-45,38,1979-01-29,SC,Muslim,RENT,25K-50K,Self-Employed,774,XLG,Services, 36 months,0.1065,B,B2,DHURI,102-DBS,LUDHIANA,PB,PB,PUNJAB,SANGRUR,1030063,12058-DEEPAK KUMAR,Low,33555,7095,32000,27.36,337.18,N,N,2,Late,0,0,1,2016-06-10,0,Sep-2019
ACC001905,348,AGRA,JLG35K,18974,18303,13352,2020-11-08,Paid Off,Monthly EMI,140056,AGRA-140056,Laksh Sharma,Female,56-63,56,1979-01-29,Minority,Muslim,MORTGAGE,75K-100K,Business,532,XLG,Trade, 36 months,0.0991,B,B1,AGRA,176-DBS,BULANDSHAHR,UP,UP,UTTAR PRADESH,AGRA,140056,10161-RAM AVTAR,Medium,20859,19856,18545,46.29,4114.89,N,N,2,Late,0,0,1,2020-11-08,1,Nov-2020
ACC001906,432,DURGAPUR,JLG30K,2917,5327,40398,2022-02-28,Paid Off,Monthly EMI,700013,DURGAPUR-700013,Ananya Gupta,Female,46-55,48,1979-01-29,Minority,Muslim,RENT,25K-50K,Business,701,XLG,Services, 36 months,0.1065,B,B2,DURGAPUR,201-DBS,HOWRAH,WB,WB,WEST BENGAL,PASCHIM BARDHHAMAN,700013,10037-RAJESH PRATAP,Low,4813,6274,2422,32.12,4979.52,N,N,0,On-Time,0,0,1,2022-02-28,1,Feb-2022
ACC001907,906,TEZPUR,JLG30K,41391,26173,15108,2017-01-26,Default,Quarterly EMI,680026,TEZPUR-680026,Vivaan Verma,Female,46-55,52,1979-01-29,ST,Sikh,RENT,100K+,Salaried,626,XLG,Services, 36 months,0.1065,B,B2,TEZPUR,208-DBS,GUWAAHATI,AS,AS,ASSAM,SONITPUR,680026,11055-MANAS PROTIM HAZARIKA,Medium,43060,25797,41072,27.49,4982.87,N,N,0,On-Time,0,0,1,2015-09-18,0,Jan-2017
ACC001908,132,GUWAHATI,JLG35K,22472,38490,26081,2015-03-15,Paid Off,Monthly EMI,560090,GUWAHATI-560090,Diya Malhotra,Female,18-25,21,1979-01-29,ST,Sikh,RENT,50K-75K,Self-Employed,493,XLG,Trade, 36 months,0.0991,B,B1,GUWAHATI,208-DBS,GUWAAHATI,AS,AS,ASSAM,Guwahati,560090,11955-LEKHAN KONWAR,Medium,22531,38203,21991,18.91,101.46,N,N,1,Late,0,0,1,2015-03-15,1,Mar-2015
ACC001909,784,SEHORE,JLG30K,20001,18831,36423,2020-03-12,Fully Paid,Quarterly EMI,1440051,SEHORE-1440051,Ananya Patel,Female,36-45,43,1979-01-29,Minority,Muslim,RENT,75K-100K,Salaried,558,XLG,Services, 36 months,0.1065,B,B2,SEHORE,200-DBS,BHOPAL,MP,MP,MADHYA PRADESH,SEHORE,1440051,10063-VIR SINGH,High,21051,19821,19740,28.57,582.01,N,N,1,On-Time,0,0,1,2015-09-25,0,Mar-2020
ACC001910,315,MUKTSAR,JLG30K,44378,20404,21024,2015-06-27,Active,Monthly EMI,1110166,MUKTSAR-1110166,Aarav Reddy,Female,46-55,55,1979-01-29,General,Muslim,MORTGAGE,<25K,Self-Employed,750,XLG,Services, 36 months,0.1065,B,B2,MUKTSAR,102-DBS,LUDHIANA,PB,PB,PUNJAB,SRI MUKTSAR SAHIB,1110166,11303-ASHUTOSH KUMAR SUMAN,Medium,46351,21169,44319,41.56,4513.18,N,N,2,Late,0,0,1,2015-06-27,1,Jun-2015
ACC001911,260,DHURI,JLG41K,41523,44223,11697,2021-01-20,Fully Paid,Quarterly EMI,1030063,DHURI-1030063,Nisha Reddy,Female,36-45,38,1979-01-29,ST,Sikh,RENT,50K-75K,Self-Employed,552,XLG,Services, 36 months,0.1465,C,C3,DHURI,102-DBS,LUDHIANA,PB,PB,PUNJAB,SANGRUR,1030063,12058-DEEPAK KUMAR,Low,41715,44421,41264,20.89,1919.6,N,N,2,Very Late,0,0,1,2015-05-09,0,Jan-2021
ACC001912,46,DHARMANAGAR,JLG35,48266,28902,29675,2022-01-21,Fully Paid,Monthly EMI,1230018,DHARMANAGAR-1230018,Aditya Reddy,Female,36-45,38,1979-01-29,OBC,Hindu,MORTGAGE,25K-50K,Salaried,635,XLG,Home Loan, 60 months,0.1465,C,C3,DHARMANAGAR,303-DBS,GUWAAHATI,TR,TR,TRIPURA,NORTH TRIPURA,1230018,12526-OKRAM AMOLENDU SINGHA,High,47891,30638,48134,40.81,2616.25,N,N,1,On-Time,0,0,1,2022-01-21,1,Jan-2022
ACC001913,183,DURGAPUR,JLG30K,16052,17783,43344,2016-08-23,Fully Paid,Quarterly EMI,700013,DURGAPUR-700013,Vivaan Chopra,Female,36-45,39,1979-01-29,Minority,Muslim,RENT,50K-75K,Self-Employed,831,XLG,Services, 36 months,0.1065,B,B2,DURGAPUR,201-DBS,HOWRAH,WB,WB,WEST BENGAL,PASCHIM BARDHHAMAN,700013,10037-RAJESH PRATAP,Low,17172,17684,15798,32.58,3653.69,N,N,0,On-Time,0,0,1,2016-08-23,1,Aug-2016
ACC001914,93,SANGRUR,JLG30K,21704,26741,12123,2023-03-08,Active,Monthly EMI,110159,SANGRUR-110159,Diya Patel,Female,18-25,39,1979-01-29,ST,Sikh,MORTGAGE,<25K,Salaried,476,XLG,Services, 36 months,0.1065,B,B2,SANGRUR,102-DBS,LUDHIANA,PB,PB,PUNJAB,SANGRUR,110159,10037-RAJESH PRATAP,Low,23699,28351,21688,5.22,1982.86,N,N,1,On-Time,0,0,1,2023-03-08,1,Mar-2023
ACC001915,865,TEZPUR,JLG35K,7872,17537,8265,2019-01-27,Fully Paid,Quarterly EMI,680026,TEZPUR-680026,Kavya Gupta,Female,36-45,39,1979-01-29,OBC,Hindu,RENT,50K-75K,Salaried,692,XLG,Trade, 36 months,0.0991,B,B1,TEZPUR,208-DBS,GUWAAHATI,AS,AS,ASSAM,SONITPUR,680026,11055-MANAS PROTIM HAZARIKA,Medium,7887,17698,7830,36.07,1346.64,N,N,0,On-Time,0,0,1,2017-06-01,0,Jan-2019
ACC001916,536,JORHAT,JLG35K,20989,5267,11362,2017-06-02,Paid Off,Quarterly EMI,850152,JORHAT-850152,Meera Nair,Female,36-45,38,1979-01-29,ST,Sikh,OWN,75K-100K,Self-Employed,368,XLG,Trade, 36 months,0.0991,B,B1,JORHAT,208-DBS,GUWAAHATI,AS,AS,ASSAM,JORHAT,850152,10961-NAYAN JYOTI SARMAH,High,20533,6050,20775,23.29,4490.6,N,N,2,Very Late,0,0,1,2015-11-18,0,Jun-2017
ACC001917,716,UJJAIN,JLG30K,49502,44329,24118,2016-11-23,Fully Paid,Monthly EMI,1510002,UJJAIN-1510002,Nisha Nair,Female,26-35,28,1979-01-29,ST,Sikh,MORTGAGE,25K-50K,Self-Employed,641,XLG,Services, 36 months,0.1065,B,B2,UJJAIN,200-DBS,BHOPAL,MP,MP,MADHYA PRADESH,UJJAIN,1510002,12915-FAIZAL KHAN,High,51072,44923,49459,24.36,4844.64,N,N,0,On-Time,0,0,1,2016-11-23,1,Nov-2016
ACC001918,927,BILASPUR,JLG35K,47152,36317,26092,2021-06-30,Fully Paid,Quarterly EMI,240005,BILASPUR-240005,Vivaan Malhotra,Female,46-55,53,1979-01-29,SC,Hindu,RENT,75K-100K,Business,488,XLG,Trade, 36 months,0.0991,B,B1,BILASPUR,207-DBS,RAIPUR,CG,CG,CHATTISGARH,BILASPUR,240005,10886-MANISH KUMAR DWIVEDI,Low,49051,37796,47119,23.19,2775.02,N,N,0,Very Late,0,0,1,2021-06-30,1,Jun-2021
ACC001919,71,BILASPUR,JLG30K,36781,18478,18720,2019-05-12,Paid Off,Quarterly EMI,240005,BILASPUR-240005,Meera Reddy,Female,46-55,49,1979-01-29,ST,Hindu,OWN,75K-100K,Salaried,374,XLG,Services, 36 months,0.1065,B,B2,BILASPUR,207-DBS,RAIPUR,CG,CG,CHATTISGARH,BILASPUR,240005,10886-MANISH KUMAR DWIVEDI,Low,37948,19568,36372,26.33,2962.46,N,N,1,Very Late,0,0,1,2019-05-12,1,May-2019
ACC001920,665,AGRA,JLG29K,21829,49705,44371,2020-06-02,Fully Paid,Quarterly EMI,140056,AGRA-140056,Diya Joshi,Female,36-45,43,1979-01-29,SC,Christian,RENT,50K-75K,Self-Employed,645,XLG,Trade, 60 months,0.1727,D,D3,AGRA,176-DBS,BULANDSHAHR,UP,UP,UTTAR PRADESH,AGRA,140056,10161-RAM AVTAR,Medium,21600,51142,21429,44.93,2556.02,N,N,0,Late,0,0,1,2018-03-22,0,Jun-2020
ACC001921,664,PAOTA,JLG46K,9028,33789,11198,2019-04-09,Active,Quarterly EMI,90149,PAOTA-90149,Kavya Reddy,Female,26-35,35,1979-01-29,General,Hindu,RENT,50K-75K,Salaried,656,XLG,Home Loan, 36 months,0.1825,D,D5,PAOTA,301-DBS,JAIPUR,RJ,RJ,RAJASTHAN,jaipur,90149,10043-RAVI MISHRA,Low,10979,35551,8823,44.49,4560.55,N,N,2,On-Time,0,0,1,2019-04-09,1,Apr-2019
ACC001922,438,PANIPAT,JLG30K,28346,12737,4199,2017-03-24,Default,Monthly EMI,60004,PANIPAT-60004,Laksh Mehta,Female,36-45,44,1975-07-28,General,Muslim,RENT,50K-75K,Salaried,425,XLG,Services, 36 months,0.1065,B,B2,PANIPAT,206-DBS,KARNAL,HR,HR,HARYANA,PANIPAT,60004,10204-SAIF  ALI,Medium,29006,13326,28246,26.56,400.1,N,N,1,On-Time,0,0,1,2015-02-20,0,Mar-2017
ACC001923,354,BILASPUR,JLG35K,9928,42782,31522,2018-12-26,Active,Monthly EMI,240005,BILASPUR-240005,Nisha Malhotra,Female,36-45,36,1979-01-29,SC,Hindu,MORTGAGE,100K+,Self-Employed,489,XLG,Trade, 36 months,0.0991,B,B1,BILASPUR,207-DBS,RAIPUR,CG,CG,CHATTISGARH,BILASPUR,240005,10886-MANISH KUMAR DWIVEDI,Low,9965,43975,9927,42.49,3584.68,N,N,2,On-Time,0,0,1,2018-12-26,1,Dec-2018
ACC001924,974,AGRA,JLG50K,31487,40675,24560,2016-02-14,Active,Monthly EMI,140056,AGRA-140056,Meera Chopra,Female,46-55,53,1979-01-29,ST,Sikh,RENT,75K-100K,Business,551,XLG,Home Loan, 60 months,0.1991,E,E4,AGRA,176-DBS,BULANDSHAHR,UP,UP,UTTAR PRADESH,AGRA,140056,10161-RAM AVTAR,Medium,30991,40691,31261,20.91,3260.43,N,N,2,On-Time,0,0,1,2016-02-14,1,Feb-2016
ACC001925,127,Mangaldoi,JLG30K,48928,9388,28915,2019-03-13,Active,Quarterly EMI,570241,Mangaldoi-570241,Diya Nair,Female,26-35,34,1979-01-29,ST,Sikh,RENT,75K-100K,Self-Employed,818,XLG,Services, 36 months,0.1065,B,B2,Mangaldoi,208-DBS,GUWAAHATI,AS,AS,ASSAM,Mangaldoi,570241,10961-NAYAN JYOTI SARMAH,Low,49797,11034,48542,11.71,1475.41,N,N,2,On-Time,0,0,1,2019-03-13,1,Mar-2019
ACC001926,349,SANGRUR,JLG35K,14955,15631,36050,2015-03-14,Fully Paid,Quarterly EMI,110159,SANGRUR-110159,Kavya Reddy,Female,18-25,23,1979-01-29,General,Hindu,RENT,25K-50K,Business,503,XLG,Trade, 36 months,0.0991,B,B1,SANGRUR,102-DBS,LUDHIANA,PB,PB,PUNJAB,SANGRUR,110159,10037-RAJESH PRATAP,Low,16490,15563,14865,16.73,1814.47,N,N,0,On-Time,0,0,1,2015-03-14,1,Mar-2015
ACC001927,56,BUXAR,JLG44K,5614,47051,32986,2022-07-11,Paid Off,Quarterly EMI,710002,BUXAR-710002,Laksh Patel,Female,46-55,46,1979-01-29,General,Hindu,RENT,50K-75K,Business,467,XLG,Home Loan, 36 months,0.0662,A,A2,BUXAR,209-DBS,PATNA,BR,BR,BIHAR,BUXAR,710002,10055-MAHESH KUMAR PATEL,Medium,5663,46731,5551,3.71,4319.72,N,N,0,On-Time,0,0,1,2022-07-11,1,Jul-2022
ACC001928,132,CHHAPRA,JLG35K,32644,35996,11247,2017-12-28,Paid Off,Monthly EMI,380112,CHHAPRA-380112,Diya Malhotra,Female,18-25,21,1979-01-29,ST,Sikh,RENT,50K-75K,Self-Employed,493,XLG,Trade, 36 months,0.0991,B,B1,CHHAPRA,209-DBS,PATNA,BR,BR,BIHAR,CHHAPRA,380112,11867-VIKRANT KUMAR VICKY,High,32774,36854,32294,44.69,1644.67,N,N,0,On-Time,0,0,1,2015-03-15,0,Dec-2017
ACC001929,466,KAROND,JLG30K,8052,31721,16214,2021-11-28,Active,Monthly EMI,1320004,KAROND-1320004,Laksh Patel,Female,46-55,46,1979-01-29,General,Hindu,RENT,50K-75K,Business,467,XLG,Services, 36 months,0.1065,B,B2,KAROND,200-DBS,BHOPAL,MP,MP,MADHYA PRADESH,BHOPAL,1320004,12758-ROHIT KUMAR JAISWAL,Medium,8759,31712,7870,41.37,4170.27,N,N,2,On-Time,0,0,1,2015-11-18,0,Nov-2021
ACC001930,193,Mangaldoi,JLG35K,25124,17189,2341,2015-11-10,Fully Paid,Quarterly EMI,570241,Mangaldoi-570241,Meera Sharma,Female,36-45,43,1979-01-29,Minority,Muslim,RENT,100K+,Self-Employed,672,XLG,Trade, 36 months,0.0991,B,B1,Mangaldoi,208-DBS,GUWAAHATI,AS,AS,ASSAM,Mangaldoi,570241,10961-NAYAN JYOTI SARMAH,Low,24682,18398,24772,4.08,2652.04,N,N,0,Late,0,0,1,2015-11-10,1,Nov-2015
ACC001931,904,SIVASAGAR,JLG35K,7150,23136,6157,2016-08-07,Fully Paid,Quarterly EMI,880038,SIVASAGAR-880038,Aditya Verma,Female,36-45,40,1979-01-29,Minority,Muslim,RENT,50K-75K,Salaried,714,XLG,Trade, 36 months,0.0991,B,B1,SIVASAGAR,208-DBS,GUWAAHATI,AS,AS,ASSAM,SIVASAGAR,880038,12359-SAMIUR RAHMAN,High,8173,22667,6859,0.28,4874.2,N,N,2,Very Late,0,0,1,2016-08-07,1,Aug-2016
ACC001932,744,SHAHDOL,JLG35K,30247,5922,15110,2022-09-27,Default,Quarterly EMI,1550006,SHAHDOL-1550006,Ananya Patel,Female,36-45,43,1979-01-29,Minority,Muslim,RENT,75K-100K,Salaried,558,XLG,Trade, 36 months,0.0991,B,B1,SHAHDOL,200-DBS,BHOPAL,MP,MP,MADHYA PRADESH,SHAHDOL,1550006,10021-MAHENDRA PRATAP SINGH,Medium,31913,5605,29938,19.91,1454.82,N,N,0,Late,0,0,1,2017-04-17,0,Sep-2022
ACC001933,134,Mangaldoi,JLG30K,21935,30284,8747,2021-06-04,Fully Paid,Quarterly EMI,570241,Mangaldoi-570241,Kavya Malhotra,Female,26-35,34,1979-01-29,ST,Sikh,MORTGAGE,75K-100K,Business,328,XLG,Services, 36 months,0.1065,B,B2,Mangaldoi,208-DBS,GUWAAHATI,AS,AS,ASSAM,Mangaldoi,570241,10961-NAYAN JYOTI SARMAH,Low,22265,30022,21900,22.47,556.13,N,N,0,Very Late,0,0,1,2021-01-28,0,Jun-2021
ACC001934,990,TEZPUR,JLG30K,3062,33032,44044,2015-02-01,Paid Off,Quarterly EMI,680026,TEZPUR-680026,Diya Malhotra,Female,18-25,21,1979-01-29,ST,Sikh,RENT,50K-75K,Self-Employed,493,XLG,Services, 36 months,0.1065,B,B2,TEZPUR,208-DBS,GUWAAHATI,AS,AS,ASSAM,SONITPUR,680026,11055-MANAS PROTIM HAZARIKA,Medium,4126,33973,2899,43.88,2509.22,N,N,0,On-Time,0,0,1,2015-02-01,1,Feb-2015
ACC001935,183,Mathura,JLG35K,27568,9105,35332,2017-12-24,Default,Quarterly EMI,910182,Mathura-910182,Vivaan Chopra,Female,36-45,39,1979-01-29,Minority,Muslim,RENT,50K-75K,Self-Employed,831,XLG,Trade, 36 months,0.0991,B,B1,Mathura,176-DBS,BULANDSHAHR,UP,UP,UTTAR PRADESH,MATHURA,910182,10469-MANISH  PANDEY,High,29538,10594,27454,34.51,1627.36,N,N,0,Late,0,0,1,2016-08-23,0,Dec-2017
ACC001936,538,Bardhaman,JLG35K,34494,33501,41873,2023-02-05,Fully Paid,Quarterly EMI,610198,Bardhaman-610198,Aarav Sharma,Female,26-35,30,1987-02-18,SC,Hindu,RENT,<25K,Business,368,XLG,Trade, 36 months,0.0991,B,B1,Bardhaman,201-DBS,HOWRAH,WB,WB,WEST BENGAL,Barddhaman,610198,10035-ABHAY TOMER,Medium,34897,34218,34113,30.26,1455.45,N,N,1,On-Time,0,0,1,2018-11-04,0,Feb-2023
ACC001937,318,MAWANA,JLG30K,14616,29376,19340,2021-10-09,Paid Off,Quarterly EMI,800018,MAWANA-800018,Laksh Sharma,Female,26-35,31,1979-01-29,SC,Hindu,RENT,100K+,Self-Employed,672,XLG,Services, 36 months,0.1065,B,B2,MAWANA,176-DBS,BULANDSHAHR,UP,UP,UTTAR PRADESH,MEERUT,800018,11183-ANIL KUMAR,Medium,15639,31072,14452,15.65,1347.57,N,N,2,Late,0,0,1,2015-02-17,0,Oct-2021
ACC001938,774,MAWANA,JLG30K,8291,18116,33347,2021-05-29,Paid Off,Monthly EMI,800018,MAWANA-800018,Ananya Reddy,Female,18-25,22,1979-01-29,General,Hindu,MORTGAGE,75K-100K,Business,640,XLG,Services, 36 months,0.1065,B,B2,MAWANA,176-DBS,BULANDSHAHR,UP,UP,UTTAR PRADESH,MEERUT,800018,11183-ANIL KUMAR,Medium,8452,18669,7860,26.1,4728.2,N,N,1,On-Time,0,0,1,2020-09-15,0,May-2021
ACC001939,427,MAWANA,JLG46K,38822,23560,8376,2023-11-16,Paid Off,Monthly EMI,800018,MAWANA-800018,Ishaan Sharma,Female,46-55,46,1979-01-29,ST,Sikh,MORTGAGE,100K+,Business,522,XLG,Home Loan, 36 months,0.1825,D,D5,MAWANA,176-DBS,BULANDSHAHR,UP,UP,UTTAR PRADESH,MEERUT,800018,11183-ANIL KUMAR,Medium,39923,24864,38748,12.03,3490.26,N,N,0,On-Time,0,0,1,2015-10-10,0,Nov-2023
ACC001940,492,DURGAPUR,JLG30K,25386,10557,38510,2021-04-13,Fully Paid,Monthly EMI,700013,DURGAPUR-700013,Vivaan Patel,Female,46-55,55,1979-01-29,General,Muslim,MORTGAGE,25K-50K,Self-Employed,489,XLG,Services, 36 months,0.1065,B,B2,DURGAPUR,201-DBS,HOWRAH,WB,WB,WEST BENGAL,PASCHIM BARDHHAMAN,700013,10037-RAJESH PRATAP,Low,25304,10497,25172,23.83,4338.13,N,N,1,Late,0,0,1,2021-04-13,1,Apr-2021
ACC001941,320,AGRA,JLG35K,33156,24199,18260,2017-11-17,Fully Paid,Monthly EMI,140056,AGRA-140056,Kavya Malhotra,Female,26-35,33,1985-05-30,General,Hindu,RENT,100K+,Self-Employed,716,XLG,Trade, 36 months,0.0991,B,B1,AGRA,176-DBS,BULANDSHAHR,UP,UP,UTTAR PRADESH,AGRA,140056,10161-RAM AVTAR,Medium,34772,24616,32895,43.93,3634.24,N,N,1,On-Time,0,0,1,2017-11-17,1,Nov-2017
ACC001942,450,SANGRUR,JLG30K,47370,26388,2013,2015-01-20,Paid Off,Quarterly EMI,110159,SANGRUR-110159,Laksh Sharma,Female,36-45,37,1979-01-29,Minority,Muslim,RENT,<25K,Self-Employed,740,XLG,Services, 36 months,0.1065,B,B2,SANGRUR,102-DBS,LUDHIANA,PB,PB,PUNJAB,SANGRUR,110159,10037-RAJESH PRATAP,Low,49362,27726,47158,41.79,2692.81,N,N,1,On-Time,0,0,1,2015-01-20,1,Jan-2015
ACC001943,55,BEHROR,JLG45K,7188,12878,38410,2023-10-28,Fully Paid,Monthly EMI,30179,BEHROR-30179,Kavya Malhotra,Female,26-35,33,1985-05-30,General,Hindu,RENT,100K+,Self-Employed,716,XLG,Agriculture, 36 months,0.0751,A,A3,BEHROR,301-DBS,JAIPUR,RJ,RJ,RAJASTHAN,BEHROD,30179,10055-MAHESH KUMAR PATEL,Low,7927,12597,7091,40.07,4313.74,N,N,0,On-Time,0,0,1,2016-07-27,0,Oct-2023
ACC001944,306,DURGAPUR,JLG35K,34436,49600,37827,2019-01-12,Fully Paid,Quarterly EMI,700013,DURGAPUR-700013,Vivaan Gupta,Female,36-45,38,1979-01-29,General,Hindu,MORTGAGE,75K-100K,Business,517,XLG,Trade, 36 months,0.0991,B,B1,DURGAPUR,201-DBS,HOWRAH,WB,WB,WEST BENGAL,PASCHIM BARDHHAMAN,700013,10037-RAJESH PRATAP,Low,34339,51274,34270,41.23,4651.03,N,N,1,On-Time,0,0,1,2019-01-12,1,Jan-2019
ACC001945,648,BEHROR,JLG30K,41629,22823,25216,2021-09-29,Paid Off,Monthly EMI,30179,BEHROR-30179,Diya Joshi,Female,26-35,34,1979-01-29,OBC,Hindu,RENT,25K-50K,Salaried,756,XLG,Services, 36 months,0.1065,B,B2,BEHROR,301-DBS,JAIPUR,RJ,RJ,RAJASTHAN,BEHROD,30179,10055-MAHESH KUMAR PATEL,Low,42264,24465,41197,24.3,4343.95,Y,N,1,On-Time,0,1,1,2021-09-29,1,Sep-2021
ACC001946,788,DIBRUGARH,JLG30K,41004,27911,43208,2018-01-05,Fully Paid,Monthly EMI,1050013,DIBRUGARH-1050013,Ishaan Joshi,Female,36-45,43,1979-01-29,General,Hindu,RENT,100K+,Salaried,675,XLG,Services, 36 months,0.1065,B,B2,DIBRUGARH,208-DBS,GUWAAHATI,AS,AS,ASSAM,DIBRUGARH,1050013,10961-NAYAN JYOTI SARMAH,Low,40832,28011,40662,30.09,2128.19,N,N,1,On-Time,0,0,1,2015-06-17,0,Jan-2018
ACC001947,822,DIBRUGARH,JLG30K,36872,42797,15787,2016-01-07,Active,Quarterly EMI,1050013,DIBRUGARH-1050013,Laksh Reddy,Female,26-35,29,1979-01-29,OBC,Hindu,RENT,75K-100K,Business,311,XLG,Services, 36 months,0.1065,B,B2,DIBRUGARH,208-DBS,GUWAAHATI,AS,AS,ASSAM,DIBRUGARH,1050013,10961-NAYAN JYOTI SARMAH,Low,37652,44780,36780,37.51,2066.1,N,N,2,On-Time,0,0,1,2015-06-21,0,Jan-2016
ACC001948,789,MAHASAMUND,JLG35K,13980,21703,36775,2015-01-17,Paid Off,Monthly EMI,250029,MAHASAMUND-250029,Meera Chopra,Female,36-45,36,1979-01-29,OBC,Christian,RENT,75K-100K,Self-Employed,419,XLG,Trade, 36 months,0.0991,B,B1,MAHASAMUND,207-DBS,RAIPUR,CG,CG,CHATTISGARH,MAHASAMUND,250029,11640-NITISH KUMAR,High,14776,22948,13750,33.12,1693.35,N,N,0,On-Time,0,0,1,2015-01-17,1,Jan-2015
ACC001949,887,BEHROR,JLG30K,39668,13138,32790,2021-05-27,Fully Paid,Quarterly EMI,30179,BEHROR-30179,Laksh Sharma,Female,26-35,29,1979-01-29,ST,Sikh,MORTGAGE,<25K,Self-Employed,695,XLG,Services, 36 months,0.1065,B,B2,BEHROR,301-DBS,JAIPUR,RJ,RJ,RAJASTHAN,BEHROD,30179,10055-MAHESH KUMAR PATEL,Low,41204,13081,39491,41.93,2378.54,N,Y,2,Late,1,0,1,2017-06-18,0,May-2021
ACC001950,569,MAHASAMUND,JLG35K,35515,37605,16215,2020-02-16,Active,Monthly EMI,250029,MAHASAMUND-250029,Diya Reddy,Female,36-45,36,1979-01-29,SC,Hindu,MORTGAGE,25K-50K,Business,796,XLG,Trade, 36 months,0.0991,B,B1,MAHASAMUND,207-DBS,RAIPUR,CG,CG,CHATTISGARH,MAHASAMUND,250029,11640-NITISH KUMAR,High,36749,37591,35232,46.29,2784.6,N,N,2,On-Time,0,0,1,2020-02-16,1,Feb-2020
ACC001951,77,BEHROR,JLG30K,48826,32301,9463,2023-09-22,Active,Monthly EMI,30179,BEHROR-30179,Diya Joshi,Female,26-35,34,1979-01-29,OBC,Hindu,RENT,25K-50K,Salaried,756,XLG,Services, 36 months,0.1065,B,B2,BEHROR,301-DBS,JAIPUR,RJ,RJ,RAJASTHAN,BEHROD,30179,10055-MAHESH KUMAR PATEL,Low,48948,32285,48777,25.4,2252.96,N,N,0,Very Late,0,0,1,2021-01-15,0,Sep-2023
ACC001952,805,SIRSA,JLG46K,11832,9668,15075,2017-08-16,Fully Paid,Monthly EMI,730084,SIRSA-730084,Laksh Sharma,Female,46-55,46,1979-01-29,Minority,Muslim,RENT,<25K,Self-Employed,512,XLG,Home Loan, 36 months,0.1825,D,D5,SIRSA,206-DBS,KARNAL,HR,HR,HARYANA,SIRSA,730084,10149-ABHISHEK MAURYA,Medium,11425,9564,11741,26.13,4101.94,N,N,0,On-Time,0,0,1,2017-08-16,1,Aug-2017
ACC001953,930,Mathura,JLG30K,42223,33629,40257,2015-10-25,Active,Quarterly EMI,910182,Mathura-910182,Vivaan Gupta,Female,46-55,46,1979-01-29,ST,Sikh,OWN,75K-100K,Business,481,XLG,Services, 36 months,0.1065,B,B2,Mathura,176-DBS,BULANDSHAHR,UP,UP,UTTAR PRADESH,MATHURA,910182,10469-MANISH  PANDEY,High,42586,34389,42145,16.98,218.9,N,N,0,Very Late,0,0,1,2015-10-25,1,Oct-2015
ACC001954,192,DURGAPUR,JLG35K,37303,28541,42571,2016-08-13,Paid Off,Quarterly EMI,700013,DURGAPUR-700013,Aarav Malhotra,Female,46-55,53,1979-01-29,Minority,Muslim,RENT,25K-50K,Business,812,XLG,Trade, 36 months,0.0991,B,B1,DURGAPUR,201-DBS,HOWRAH,WB,WB,WEST BENGAL,PASCHIM BARDHHAMAN,700013,10037-RAJESH PRATAP,Low,38205,30132,37150,3.46,2622.45,N,N,0,On-Time,0,0,1,2015-02-22,0,Aug-2016
ACC001955,288,DHURI,JLG35K,49636,46221,1927,2020-05-08,Paid Off,Quarterly EMI,1030063,DHURI-1030063,Meera Patel,Female,26-35,28,1991-03-29,ST,Sikh,RENT,25K-50K,Salaried,432,XLG,Trade, 36 months,0.0991,B,B1,DHURI,102-DBS,LUDHIANA,PB,PB,PUNJAB,SANGRUR,1030063,12058-DEEPAK KUMAR,Low,51016,47404,49449,38.74,1687.73,N,Y,1,On-Time,1,0,1,2020-05-08,1,May-2020
ACC001956,664,Mangaldoi,JLG35K,38166,10632,35048,2023-10-29,Fully Paid,Quarterly EMI,570241,Mangaldoi-570241,Kavya Reddy,Female,26-35,35,1979-01-29,General,Hindu,RENT,50K-75K,Salaried,656,XLG,Trade, 36 months,0.0991,B,B1,Mangaldoi,208-DBS,GUWAAHATI,AS,AS,ASSAM,Mangaldoi,570241,10961-NAYAN JYOTI SARMAH,Low,39115,10478,37911,12.64,3343.81,N,N,1,On-Time,0,0,1,2019-04-09,0,Oct-2023
ACC001957,403,DURGAPUR,JLG30K,42729,17938,8990,2018-03-25,Fully Paid,Monthly EMI,700013,DURGAPUR-700013,Aarav Reddy,Female,46-55,55,1979-01-29,General,Muslim,MORTGAGE,<25K,Self-Employed,750,XLG,Services, 36 months,0.1065,B,B2,DURGAPUR,201-DBS,HOWRAH,WB,WB,WEST BENGAL,PASCHIM BARDHHAMAN,700013,10037-RAJESH PRATAP,Low,44409,17443,42580,31.95,3344.53,N,N,1,On-Time,0,0,1,2016-09-08,0,Mar-2018
ACC001958,302,BEHROR,JLG30K,14926,11622,17020,2018-07-26,Default,Monthly EMI,30179,BEHROR-30179,Meera Joshi,Female,26-35,31,1988-05-24,ST,Sikh,OWN,<25K,Business,532,XLG,Services, 36 months,0.1065,B,B2,BEHROR,301-DBS,JAIPUR,RJ,RJ,RAJASTHAN,BEHROD,30179,10055-MAHESH KUMAR PATEL,Low,15052,13447,14503,18.3,3858.69,N,Y,0,On-Time,1,0,1,2018-07-26,1,Jul-2018
ACC001959,437,DURGAPUR,JLG29K,7671,8793,22456,2021-03-27,Paid Off,Quarterly EMI,700013,DURGAPUR-700013,Aarav Sharma,Female,26-35,30,1987-02-18,SC,Hindu,RENT,<25K,Business,368,XLG,Trade, 60 months,0.1727,D,D3,DURGAPUR,201-DBS,HOWRAH,WB,WB,WEST BENGAL,PASCHIM BARDHHAMAN,700013,10037-RAJESH PRATAP,Low,8395,10744,7487,48.0,3190.47,N,N,2,On-Time,0,0,1,2021-03-27,1,Mar-2021
ACC001960,117,BEHROR,JLG30K,27185,41289,14591,2022-04-24,Paid Off,Quarterly EMI,30179,BEHROR-30179,Ishaan Sharma,Female,46-55,46,1979-01-29,ST,Sikh,MORTGAGE,100K+,Business,522,XLG,Services, 36 months,0.1065,B,B2,BEHROR,301-DBS,JAIPUR,RJ,RJ,RAJASTHAN,BEHROD,30179,10055-MAHESH KUMAR PATEL,Low,27341,42325,26725,27.43,4793.48,N,N,1,Late,0,0,1,2022-04-24,1,Apr-2022
ACC001961,668,KURUKSHETRA,JLG30K,12413,25546,43542,2018-01-16,Paid Off,Monthly EMI,70364,KURUKSHETRA-70364,Ananya Chopra,Female,36-45,45,1979-01-29,SC,Hindu,RENT,75K-100K,Salaried,311,XLG,Services, 36 months,0.1065,B,B2,KURUKSHETRA,206-DBS,KARNAL,HR,HR,HARYANA,KURUKSHETRA,70364,10028-AAYUSH PANDEY,Medium,13251,26922,12012,8.12,4042.17,N,N,0,On-Time,0,0,1,2015-06-15,0,Jan-2018
ACC001962,286,PANIPAT,JLG30K,21900,9733,24067,2015-09-01,Fully Paid,Monthly EMI,60004,PANIPAT-60004,Kavya Verma,Female,36-45,37,1979-01-29,General,Hindu,RENT,<25K,Self-Employed,479,XLG,Services, 36 months,0.1065,B,B2,PANIPAT,206-DBS,KARNAL,HR,HR,HARYANA,PANIPAT,60004,10204-SAIF  ALI,Medium,23468,11708,21835,15.05,3525.81,N,N,0,Late,0,0,1,2015-09-01,1,Sep-2015
ACC001963,618,Mathura,JLG44K,21864,49294,26162,2015-04-12,Fully Paid,Quarterly EMI,910182,Mathura-910182,Laksh Sharma,Female,26-35,31,1979-01-29,SC,Hindu,RENT,100K+,Self-Employed,672,XLG,Home Loan, 36 months,0.0662,A,A2,Mathura,176-DBS,BULANDSHAHR,UP,UP,UTTAR PRADESH,MATHURA,910182,10469-MANISH  PANDEY,High,21819,50490,21820,38.93,2273.11,N,N,1,Very Late,0,0,1,2015-04-12,1,Apr-2015
ACC001964,828,AGRA,JLG30K,18735,15451,15920,2022-06-16,Fully Paid,Monthly EMI,140056,AGRA-140056,Kavya Mehta,Female,46-55,52,1979-01-29,General,Muslim,RENT,<25K,Business,390,XLG,Services, 36 months,0.1065,B,B2,AGRA,176-DBS,BULANDSHAHR,UP,UP,UTTAR PRADESH,AGRA,140056,10161-RAM AVTAR,Medium,19616,17270,18417,36.33,3896.89,N,N,2,Late,0,0,1,2016-04-24,0,Jun-2022
ACC001965,870,FATEHGARH SAHIB,JLG35K,11921,36238,40088,2019-05-14,Fully Paid,Monthly EMI,120676,FATEHGARH SAHIB-120676,Vivaan Gupta,Female,46-55,50,1979-01-29,ST,Sikh,RENT,50K-75K,Self-Employed,768,XLG,Trade, 36 months,0.0991,B,B1,FATEHGARH SAHIB,102-DBS,LUDHIANA,PB,PB,PUNJAB,FATEHGARH SAHIB,120676,10037-RAJESH PRATAP,Medium,11515,36903,11911,23.11,957.17,N,N,2,Late,0,0,1,2019-05-14,1,May-2019
ACC001966,732,CUTTACK,JLG30K,19937,40110,36940,2016-01-31,Fully Paid,Monthly EMI,630081,CUTTACK-630081,Aditya Sharma,Female,26-35,32,1979-01-29,General,Hindu,RENT,50K-75K,Self-Employed,821,XLG,Services, 36 months,0.1065,B,B2,CUTTACK,107-DBS,BHUBANESWAR,OR,OR,ODISHA,CUTTACK,630081,12061-PINAKAPANI KANUNGO,High,20147,41933,19515,13.41,3641.41,Y,N,1,On-Time,0,1,1,2015-04-10,0,Jan-2016
ACC001967,58,BULANDSHAHR,JLG35,30214,15555,27032,2016-04-06,Paid Off,Monthly EMI,10068,BULANDSHAHR-10068,Laksh Gupta,Female,46-55,52,1979-01-29,SC,Hindu,RENT,75K-100K,Salaried,584,XLG,Home Loan, 60 months,0.1465,C,C3,BULANDSHAHR,176-DBS,BULANDSHAHR,UP,UP,UTTAR PRADESH,BULANDSHAHAR,10068,10057-NANDI SHANKAR,High,31939,15936,29912,43.72,4126.1,Y,N,1,Very Late,0,1,1,2016-04-06,1,Apr-2016
ACC001968,729,CHHATA,JLG30K,14598,6828,34883,2023-09-17,Fully Paid,Monthly EMI,910020,CHHATA-910020,Kavya Mehta,Female,36-45,45,1973-03-14,General,Muslim,OWN,50K-75K,Business,490,XLG,Services, 36 months,0.1065,B,B2,CHHATA,176-DBS,BULANDSHAHR,UP,UP,UTTAR PRADESH,MATHURA,910020,10047-ANIL KUMAR,High,16018,7895,14484,11.72,3407.27,N,N,1,On-Time,0,0,1,2016-01-08,0,Sep-2023
ACC001969,924,BULANDSHAHR,JLG46K,36775,32087,13802,2015-08-20,Paid Off,Quarterly EMI,10068,BULANDSHAHR-10068,Diya Chopra,Female,26-35,35,1984-03-20,SC,Hindu,RENT,75K-100K,Self-Employed,567,XLG,Home Loan, 36 months,0.1825,D,D5,BULANDSHAHR,176-DBS,BULANDSHAHR,UP,UP,UTTAR PRADESH,BULANDSHAHAR,10068,10057-NANDI SHANKAR,High,37737,33861,36373,19.69,1633.47,N,N,0,On-Time,0,0,1,2015-08-20,1,Aug-2015
ACC001970,310,DIBRUGARH,JLG30K,46165,43379,42623,2022-01-05,Fully Paid,Monthly EMI,1050013,DIBRUGARH-1050013,Kavya Gupta,Female,26-35,35,1979-01-29,ST,Sikh,RENT,50K-75K,Business,721,XLG,Services, 36 months,0.1065,B,B2,DIBRUGARH,208-DBS,GUWAAHATI,AS,AS,ASSAM,DIBRUGARH,1050013,10961-NAYAN JYOTI SARMAH,Low,46925,45182,45750,25.36,3055.59,N,N,1,On-Time,0,0,1,2022-01-05,1,Jan-2022
ACC001971,590,Mathura,JLG50K,45080,6466,41058,2017-02-01,Active,Quarterly EMI,910182,Mathura-910182,Diya Chopra,Female,26-35,35,1984-03-20,SC,Hindu,RENT,75K-100K,Self-Employed,567,XLG,Home Loan, 60 months,0.1991,E,E4,Mathura,176-DBS,BULANDSHAHR,UP,UP,UTTAR PRADESH,MATHURA,910182,10469-MANISH  PANDEY,High,44938,7391,44637,10.01,4512.49,Y,Y,2,Late,1,1,1,2017-02-01,1,Feb-2017
ACC001972,295,MUKTSAR,JLG35K,41907,33684,29790,2023-11-21,Fully Paid,Monthly EMI,1110166,MUKTSAR-1110166,Vivaan Joshi,Female,26-35,29,1979-01-29,Minority,Hindu,MORTGAGE,75K-100K,Business,395,XLG,Trade, 36 months,0.0991,B,B1,MUKTSAR,102-DBS,LUDHIANA,PB,PB,PUNJAB,SRI MUKTSAR SAHIB,1110166,11303-ASHUTOSH KUMAR SUMAN,Medium,43075,34029,41546,16.42,2062.06,Y,N,0,On-Time,0,1,1,2016-01-07,0,Nov-2023
ACC001973,49,MAWANA,JLG35K,22714,24166,4265,2015-02-26,Paid Off,Quarterly EMI,800018,MAWANA-800018,Aarav Sharma,Female,46-55,46,1979-01-29,SC,Hindu,RENT,100K+,Business,459,XLG,Trade, 36 months,0.0991,B,B1,MAWANA,176-DBS,BULANDSHAHR,UP,UP,UTTAR PRADESH,MEERUT,800018,11183-ANIL KUMAR,Medium,24568,24172,22528,15.06,581.83,Y,N,1,On-Time,0,1,1,2015-02-26,1,Feb-2015
ACC001974,944,AGRA,JLG30K,19524,35849,1812,2022-08-21,Fully Paid,Monthly EMI,140056,AGRA-140056,Aarav Malhotra,Female,46-55,46,1979-01-29,Minority,Muslim,MORTGAGE,100K+,Salaried,604,XLG,Services, 36 months,0.1065,B,B2,AGRA,176-DBS,BULANDSHAHR,UP,UP,UTTAR PRADESH,AGRA,140056,10161-RAM AVTAR,Medium,19247,37046,19108,14.83,4377.1,N,N,0,Late,0,0,1,2016-05-30,0,Aug-2022
ACC001975,544,MUKTSAR,JLG30K,14983,46751,8902,2022-11-15,Fully Paid,Quarterly EMI,1110166,MUKTSAR-1110166,Ananya Sharma,Female,46-55,52,1979-01-29,Minority,Muslim,RENT,<25K,Business,557,XLG,Services, 36 months,0.1065,B,B2,MUKTSAR,102-DBS,LUDHIANA,PB,PB,PUNJAB,SRI MUKTSAR SAHIB,1110166,11303-ASHUTOSH KUMAR SUMAN,Medium,16862,47532,14555,22.27,1328.17,N,N,2,On-Time,0,0,1,2020-05-25,0,Nov-2022
ACC001976,861,CHHATA,JLG30K,2275,13291,3833,2021-01-25,Fully Paid,Monthly EMI,910020,CHHATA-910020,Diya Joshi,Female,36-45,43,1979-01-29,SC,Christian,RENT,50K-75K,Self-Employed,645,XLG,Services, 36 months,0.1065,B,B2,CHHATA,176-DBS,BULANDSHAHR,UP,UP,UTTAR PRADESH,MATHURA,910020,10047-ANIL KUMAR,High,2212,14082,1965,9.29,1776.63,N,N,2,On-Time,0,0,1,2021-01-25,1,Jan-2021
ACC001977,140,PAOTA,JLG35,42066,16100,32996,2016-02-05,Active,Monthly EMI,90149,PAOTA-90149,Nisha Nair,Female,26-35,28,1979-01-29,ST,Sikh,MORTGAGE,25K-50K,Self-Employed,641,XLG,Home Loan, 60 months,0.1465,C,C3,PAOTA,301-DBS,JAIPUR,RJ,RJ,RAJASTHAN,jaipur,90149,10043-RAVI MISHRA,Low,41571,16125,41757,37.88,119.41,N,N,1,On-Time,0,0,1,2016-02-05,1,Feb-2016
ACC001978,382,JALANDHAR,JLG30K,45113,36053,4924,2019-09-20,Fully Paid,Quarterly EMI,160051,JALANDHAR-160051,Aarav Malhotra,Female,46-55,47,1979-01-29,Minority,Muslim,RENT,<25K,Salaried,526,XLG,Services, 36 months,0.1065,B,B2,JALANDHAR,102-DBS,LUDHIANA,PB,PB,PUNJAB,JALANDHAR,160051,10067-AKSHAY KUMAR,Low,45088,36163,45098,16.15,1412.32,N,N,1,On-Time,0,0,1,2019-09-20,1,Sep-2019
ACC001979,842,BISWANATH CHARIALI,JLG30K,42975,45723,44295,2018-07-09,Fully Paid,Quarterly EMI,740048,BISWANATH CHARIALI-740048,Nisha Patel,Female,36-45,41,1979-01-29,General,Hindu,RENT,100K+,Salaried,399,XLG,Services, 36 months,0.1065,B,B2,BISWANATH CHARIALI,208-DBS,GUWAAHATI,AS,AS,ASSAM,BISWANATH,740048,13111-SHANTUMONI BORAH,Medium,44764,47249,42862,0.2,703.98,N,N,1,On-Time,0,0,1,2017-09-26,0,Jul-2018
ACC001980,956,MOTIHARI,JLG46K,17363,13096,7317,2022-03-17,Active,Quarterly EMI,520376,MOTIHARI-520376,Kavya Mehta,Female,26-35,31,1979-01-29,ST,Muslim,RENT,<25K,Self-Employed,466,XLG,Home Loan, 36 months,0.1825,D,D5,MOTIHARI,209-DBS,PATNA,BR,BR,BIHAR,Motihari,520376,10537-RAGHUVANSH SINGH,Medium,18309,14560,17125,49.3,3325.38,Y,N,1,Late,0,1,1,2015-09-11,0,Mar-2022
ACC001981,168,JALANDHAR,JLG35K,26747,2204,24864,2017-05-16,Paid Off,Monthly EMI,160051,JALANDHAR-160051,Laksh Malhotra,Female,46-55,51,1979-01-29,General,Muslim,MORTGAGE,75K-100K,Self-Employed,804,XLG,Trade, 36 months,0.0991,B,B1,JALANDHAR,102-DBS,LUDHIANA,PB,PB,PUNJAB,JALANDHAR,160051,10067-AKSHAY KUMAR,Low,26782,3438,26582,8.6,316.36,N,N,1,On-Time,0,0,1,2015-09-30,0,May-2017
ACC001982,257,FATEHGARH SAHIB,JLG30K,36661,35351,43428,2017-03-05,Fully Paid,Quarterly EMI,120676,FATEHGARH SAHIB-120676,Kavya Sharma,Female,26-35,26,1979-01-29,SC,Hindu,RENT,75K-100K,Business,398,XLG,Services, 36 months,0.1065,B,B2,FATEHGARH SAHIB,102-DBS,LUDHIANA,PB,PB,PUNJAB,FATEHGARH SAHIB,120676,10037-RAJESH PRATAP,Medium,37195,35811,36479,32.09,4168.16,N,N,1,On-Time,0,0,1,2017-03-05,1,Mar-2017
ACC001983,4,CHHATA,JLG35K,44029,14008,44297,2015-09-12,Default,Quarterly EMI,910020,CHHATA-910020,Diya Joshi,Female,36-45,43,1979-01-29,SC,Christian,RENT,50K-75K,Self-Employed,645,XLG,Trade, 36 months,0.0991,B,B1,CHHATA,176-DBS,BULANDSHAHR,UP,UP,UTTAR PRADESH,MATHURA,910020,10047-ANIL KUMAR,High,45695,13734,43684,14.5,3242.73,N,N,2,On-Time,0,0,1,2015-05-30,0,Sep-2015
ACC001984,116,AGRA,JLG30K,36291,3318,20025,2017-03-25,Fully Paid,Quarterly EMI,140056,AGRA-140056,Nisha Joshi,Female,26-35,35,1979-01-29,ST,Sikh,RENT,<25K,Business,697,XLG,Services, 36 months,0.1065,B,B2,AGRA,176-DBS,BULANDSHAHR,UP,UP,UTTAR PRADESH,AGRA,140056,10161-RAM AVTAR,Medium,36730,4486,36025,30.8,698.24,Y,N,2,On-Time,0,1,1,2017-03-25,1,Mar-2017
ACC001985,56,JALANDHAR,JLG30K,25508,8669,40603,2023-03-01,Paid Off,Monthly EMI,160051,JALANDHAR-160051,Laksh Patel,Female,46-55,46,1979-01-29,General,Hindu,RENT,50K-75K,Business,467,XLG,Services, 36 months,0.1065,B,B2,JALANDHAR,102-DBS,LUDHIANA,PB,PB,PUNJAB,JALANDHAR,160051,10067-AKSHAY KUMAR,Low,25155,9111,25142,12.82,3095.86,N,N,0,Late,0,0,1,2022-07-11,0,Mar-2023
ACC001986,643,SANGRUR,JLG30K,37331,45138,9075,2021-10-29,Default,Monthly EMI,110159,SANGRUR-110159,Ananya Sharma,Female,46-55,52,1979-01-29,Minority,Muslim,RENT,<25K,Business,557,XLG,Services, 36 months,0.1065,B,B2,SANGRUR,102-DBS,LUDHIANA,PB,PB,PUNJAB,SANGRUR,110159,10037-RAJESH PRATAP,Low,37142,45581,37122,29.03,2102.09,N,N,2,On-Time,0,0,1,2015-02-02,0,Oct-2021
ACC001987,608,BEHROR,JLG30K,47271,21010,14799,2016-07-03,Paid Off,Monthly EMI,30179,BEHROR-30179,Aditya Joshi,Female,46-55,54,1979-01-29,OBC,Hindu,RENT,50K-75K,Business,357,XLG,Services, 36 months,0.1065,B,B2,BEHROR,301-DBS,JAIPUR,RJ,RJ,RAJASTHAN,BEHROD,30179,10055-MAHESH KUMAR PATEL,Low,49151,22329,46859,17.62,4024.37,N,N,1,On-Time,0,0,1,2016-07-03,1,Jul-2016
ACC001988,274,BUXAR,JLG35K,49859,39954,29800,2022-08-05,Paid Off,Monthly EMI,710002,BUXAR-710002,Laksh Malhotra,Female,46-55,51,1979-01-29,General,Muslim,MORTGAGE,75K-100K,Self-Employed,804,XLG,Trade, 36 months,0.0991,B,B1,BUXAR,209-DBS,PATNA,BR,BR,BIHAR,BUXAR,710002,10055-MAHESH KUMAR PATEL,Medium,50083,40135,49729,12.7,3718.31,N,Y,2,On-Time,1,0,1,2022-08-05,1,Aug-2022
ACC001989,658,RAIPUR,JLG35K,4565,44001,21711,2022-09-02,Active,Quarterly EMI,230415,RAIPUR-230415,Nisha Malhotra,Female,36-45,36,1979-01-29,SC,Hindu,MORTGAGE,100K+,Self-Employed,489,XLG,Trade, 36 months,0.0991,B,B1,RAIPUR,207-DBS,RAIPUR,CG,CG,CHATTISGARH,RAIPUR,230415,10924-DILIP KUMAR,High,6043,45246,4072,22.51,3084.71,N,N,2,On-Time,0,0,1,2022-09-02,1,Sep-2022
ACC001990,955,CHHAPRA,JLG46K,4512,15114,8890,2022-12-22,Paid Off,Quarterly EMI,380112,CHHAPRA-380112,Laksh Reddy,Female,36-45,36,1979-01-29,OBC,Hindu,OWN,50K-75K,Business,787,XLG,Home Loan, 36 months,0.1825,D,D5,CHHAPRA,209-DBS,PATNA,BR,BR,BIHAR,CHHAPRA,380112,11867-VIKRANT KUMAR VICKY,High,5925,15417,4346,1.07,2677.66,Y,N,1,Very Late,0,1,1,2015-02-10,0,Dec-2022
ACC001991,608,SAMRALA,JLG30K,2158,12800,37824,2019-07-14,Fully Paid,Monthly EMI,130067,SAMRALA-130067,Aditya Joshi,Female,46-55,54,1979-01-29,OBC,Hindu,RENT,50K-75K,Business,357,XLG,Services, 36 months,0.1065,B,B2,SAMRALA,102-DBS,LUDHIANA,PB,PB,PUNJAB,SAMRALA,130067,10050-GAUTAM SINGH,Low,2250,14029,1853,20.28,4694.61,N,N,2,On-Time,0,0,1,2016-07-03,0,Jul-2019
ACC001992,64,MUKTSAR,JLG29K,10575,8344,9289,2018-03-15,Fully Paid,Quarterly EMI,1110166,MUKTSAR-1110166,Meera Mehta,Female,46-55,50,1979-01-29,OBC,Hindu,RENT,100K+,Self-Employed,334,XLG,Trade, 60 months,0.1727,D,D3,MUKTSAR,102-DBS,LUDHIANA,PB,PB,PUNJAB,SRI MUKTSAR SAHIB,1110166,11303-ASHUTOSH KUMAR SUMAN,Medium,10387,9460,10251,19.57,2589.29,N,N,0,On-Time,0,0,1,2018-03-15,1,Mar-2018
ACC001993,207,PATIALA,JLG30K,34711,27539,20306,2021-08-08,Paid Off,Quarterly EMI,100186,PATIALA-100186,Nisha Reddy,Female,36-45,44,1979-01-29,OBC,Hindu,MORTGAGE,75K-100K,Business,815,XLG,Services, 36 months,0.1065,B,B2,PATIALA,102-DBS,LUDHIANA,PB,PB,PUNJAB,PATIALA,100186,10420-MUNENDRA  SINGH,Medium,35582,27822,34505,42.52,1597.32,N,N,2,On-Time,0,0,1,2021-08-08,1,Aug-2021
ACC001994,209,UJJAIN,JLG30K,42903,36441,39406,2019-11-22,Paid Off,Quarterly EMI,1510002,UJJAIN-1510002,Aditya Nair,Female,26-35,28,1979-01-29,ST,Sikh,MORTGAGE,100K+,Self-Employed,816,XLG,Services, 36 months,0.1065,B,B2,UJJAIN,200-DBS,BHOPAL,MP,MP,MADHYA PRADESH,UJJAIN,1510002,12915-FAIZAL KHAN,High,43505,38114,42479,7.09,3226.37,N,N,0,On-Time,0,0,1,2019-11-22,1,Nov-2019
ACC001995,412,BEHROR,JLG35K,38141,24739,42171,2016-07-29,Paid Off,Monthly EMI,30179,BEHROR-30179,Meera Joshi,Female,36-45,42,1979-01-29,ST,Sikh,RENT,25K-50K,Salaried,534,XLG,Trade, 36 months,0.0991,B,B1,BEHROR,301-DBS,JAIPUR,RJ,RJ,RAJASTHAN,BEHROD,30179,10055-MAHESH KUMAR PATEL,Low,38913,25248,38100,10.32,1538.76,N,N,1,On-Time,0,0,1,2016-07-29,1,Jul-2016
ACC001996,68,CHHAPRA,JLG30K,10313,49233,16899,2018-11-09,Fully Paid,Quarterly EMI,380112,CHHAPRA-380112,Kavya Malhotra,Female,36-45,41,1979-01-29,OBC,Hindu,RENT,25K-50K,Salaried,495,XLG,Services, 36 months,0.1065,B,B2,CHHAPRA,209-DBS,PATNA,BR,BR,BIHAR,CHHAPRA,380112,11867-VIKRANT KUMAR VICKY,High,12245,48952,9910,48.87,2476.45,N,N,1,On-Time,0,0,1,2018-11-09,1,Nov-2018
ACC001997,137,MUKTSAR,JLG30K,11150,16863,10392,2019-05-01,Fully Paid,Monthly EMI,1110166,MUKTSAR-1110166,Ananya Nair,Female,36-45,44,1979-01-29,ST,Sikh,RENT,50K-75K,Self-Employed,638,XLG,Services, 36 months,0.1065,B,B2,MUKTSAR,102-DBS,LUDHIANA,PB,PB,PUNJAB,SRI MUKTSAR SAHIB,1110166,11303-ASHUTOSH KUMAR SUMAN,Medium,11493,17437,11111,6.59,3236.39,N,N,2,Late,0,0,1,2017-10-03,0,May-2019
ACC001998,512,DHURI,JLG35K,9011,17838,23006,2018-02-12,Fully Paid,Quarterly EMI,1030063,DHURI-1030063,Laksh Chopra,Female,46-55,55,1964-04-22,Minority,Muslim,RENT,100K+,Self-Employed,502,XLG,Trade, 36 months,0.0991,B,B1,DHURI,102-DBS,LUDHIANA,PB,PB,PUNJAB,SANGRUR,1030063,12058-DEEPAK KUMAR,Low,9709,18988,8878,48.21,1162.96,N,N,1,On-Time,0,0,1,2018-02-12,1,Feb-2018
ACC001999,405,BULANDSHAHR,JLG40K,12003,26645,39974,2020-05-29,Fully Paid,Monthly EMI,10068,BULANDSHAHR-10068,Kavya Gupta,Female,36-45,43,1979-01-29,Minority,Muslim,RENT,<25K,Self-Employed,528,XLG,Services, 36 months,0.1727,D,D3,BULANDSHAHR,176-DBS,BULANDSHAHR,UP,UP,UTTAR PRADESH,BULANDSHAHAR,10068,10057-NANDI SHANKAR,High,11526,26975,11853,6.03,4681.6,N,N,2,On-Time,0,0,1,2020-05-29,1,May-2020
ACC002000,31,DHURI,JLG30K,7987,6134,38241,2021-12-08,Fully Paid,Quarterly EMI,1030063,DHURI-1030063,Kavya Gupta,Female,36-45,45,1979-01-29,General,Hindu,RENT,75K-100K,Self-Employed,773,XLG,Services, 36 months,0.1065,B,B2,DHURI,102-DBS,LUDHIANA,PB,PB,PUNJAB,SANGRUR,1030063,12058-DEEPAK KUMAR,Low,9951,7001,7944,47.13,2176.89,N,N,0,On-Time,0,0,1,2016-08-06,0,Dec-2021
